SUBJID,0,1,2,3,4,5,6,7,8,9,10,11,12,13,14,15,16,17,18,19,20,21,22,23,24,25,26,27,28,29,30,31,32,33,34,35,36,37,38,39,40,41,42,43,44,45,46,47,48,49,50,51,52,53,54,55,57,58,59,60,61,62,63
GTEX-111CU,-0.4061925696666297,1.928416512895066,-1.0001164123162831,-0.7664413630494566,-0.8569623777792261,0.1823761141706538,-1.1139372153566884,1.3523845818311528,-1.023392193391521,-1.438549182645292,1.2443845388232115,-0.9924772957033684,-0.1305846375599525,-0.5906857713824718,-0.7478585947633022,1.2443845388232115,-0.7417216005233308,1.3759692008680082,-0.4213912770678052,0.3910871229289391,1.8718707308672449,0.977370221692195,2.1501937961635003,-0.3216987953648042,1.82074492261502,-1.4930045626254098,-0.3168051375343428,0.8173487968777844,-1.0472360474261069,-1.8457049029212595,-1.1139372153566884,0.0604935871747794,-1.0078143423127026,2.2552325088429965,-0.7664413630494566,1.5522864776181842,1.023392193391522,0.1776496307692544,-0.1118451385279671,0.6470103701484196,-1.5522864776181842,-0.6759500545663616,1.224458743278325,-1.0078143423127026,-0.3961121933896049,0.7789781621703243,1.3183573694113604,-2.3932998646116794,1.2343603801814165,-1.0883562937618656,-1.4930045626254098,-1.3759692008680076,-1.5840930675378757,1.899384692461367,-0.9478060492911888,0.4264790471503241,-1.5073326312512032,-0.6701174349839331,1.7739779942235527,-0.2682625678197609,0.9478060492911886,-0.220344368026539,1.031275009879428
GTEX-111FC,0.933330502902325,-0.1965804839448126,-0.0372127170621942,-0.8910305119824391,0.2634447638039344,0.7602179716124496,0.962482977182896,-0.2538273506747333,1.6906216295848986,1.1139372153566884,-0.1965804839448126,-0.2060719695833272,0.3119190548203253,1.1402686438941925,0.2682625678197607,-0.2730866066364132,0.3168051375343427,-0.8238609817031132,0.3512278212462599,0.2060719695833272,-0.7174469963041701,-1.6530030581052302,-0.7234755745418949,-0.7602179716124495,-1.275234241104605,1.5369552544493164,-0.2490274894100124,-1.388054028556375,-0.0511780111120515,0.1352764286523606,1.4255825774365014,0.5741553087945971,0.2827539046344999,0.201323959635,1.3408692908803477,-1.023392193391521,-1.0078143423127026,-0.1446690574398205,1.1314042769717068,-2.10546945092069,1.1226279320577794,0.9478060492911886,-0.6759500545663616,1.6906216295848986,1.928416512895066,0.4469425897337917,-1.0472360474261069,0.4832158447606152,-1.9591709979048224,-0.5632218016027938,0.6643075238930058,0.1305846375599525,-0.8436109784655275,-1.4517622707385982,0.0604935871747794,0.1258957192703828,1.3640820484975271,-0.1634935259298645,-0.3168051375343428,-1.5219770060190867,0.1493701104165828,0.2924477009350161,0.5415534608499961
GTEX-111VG,0.5308145305532521,-0.6818057608465092,0.1729271126904469,-1.2443845388232115,-0.6299046699224384,0.2779170089683694,1.5840930675378757,-0.1918414273303961,0.2060719695833272,1.928416512895066,-0.664307523893006,-0.6299046699224384,0.3661063568005698,0.9478060492911886,0.9698997294331956,0.6759500545663616,-0.3413520209215255,-0.1352764286523604,1.0078143423127026,0.6355858691140571,0.1682084481374105,-0.3611379974371059,-1.5369552544493164,-1.7739779942235536,-0.904950425274544,0.462413546573279,0.3364266374948573,0.4011472862273944,0.8636956533670372,2.105469450920689,1.6530030581052302,0.4112482139938643,1.7103643678208365,-2.199684129871477,0.2827539046344999,-0.3119190548203253,-2.255232508842998,0.8044272335589819,-0.4832158447606152,-1.1860019705320748,2.199684129871479,1.400345043136658,0.0604935871747794,0.8304082942029329,-0.8436109784655275,-1.4255825774365014,-0.6935879849651033,1.0392224351527355,-2.3932998646116794,1.1314042769717068,0.3021690572528446,-0.6995152985526998,2.318757970977832,-2.1501937961635003,1.1402686438941925,0.6017961577614437,0.2730866066364132,-1.0078143423127026,-0.65275435145221,0.4112482139938643,-0.4572444368663248,-0.3810663862643338,-1.2050075920152503
GTEX-111YS,0.0139520014707611,1.3640820484975271,0.546946359787327,0.1165260755991407,-0.0651532940076319,-0.904950425274544,-1.1053298282224613,-0.6935879849651033,-0.5686800575348554,-0.9119765235615476,1.1492235271996152,-0.9848956614915162,-0.2442333585910436,0.8369913991407895,-0.1587822354845152,-1.4255825774365014,-0.0279067194760659,0.8369913991407895,0.6585199505483372,1.6715166841106104,0.6412876570233801,0.8173487968777844,0.1352764286523606,0.0511780111120515,0.1399711994794717,-0.32660016939701,-1.871870730867245,-0.4418094672275395,-0.6995152985526998,-0.3168051375343428,-0.4418094672275395,0.6299046699224384,-1.4003450431366584,0.8044272335589819,-0.6017961577614439,-0.4572444368663248,0.5851578873218706,-1.2050075920152503,-0.7789781621703243,-0.5851578873218707,-0.5095173924720496,-0.3611379974371059,0.9924772957033684,0.6017961577614437,1.0716906581760843,1.0634684328718786,0.8173487968777844,-0.514819675081733,-0.0372127170621942,-1.0799859809506631,0.0279067194760658,0.1918414273303961,-0.4727891209922674,0.4315778808977973,-1.0883562937618656,-1.3640820484975271,-0.3810663862643338,0.2924477009350161,0.9119765235615476,-1.8457049029212595,1.2964944386804569,-0.8704683159405441,0.1305846375599525
GTEX-117XS,0.7174469963041701,-2.484125224707312,0.6017961577614437,-0.6585199505483369,1.0553174817566977,0.4572444368663246,0.933330502902325,0.65275435145221,0.3413520209215255,0.6643075238930058,-0.32660016939701,-2.6016947511653714,-0.8436109784655275,0.4418094672275395,0.884134934875026,-0.7852926508502125,0.4572444368663246,-2.255232508842998,0.1587822354845152,0.8238609817031132,-0.5095173924720496,-0.0093011666671462,-0.1352764286523604,0.0279067194760658,-0.7852926508502125,0.6017961577614437,-0.4061925696666297,-0.2973048669834489,0.8910305119824391,0.0558351934681737,0.5308145305532521,0.1446690574398205,-0.4520875158696413,-0.3315094021268153,0.462413546573279,-0.7789781621703243,0.3413520209215255,-0.7789781621703243,0.5577802741991821,0.0791413141184694,0.4011472862273944,0.8369913991407895,-3.112470178603051,0.5851578873218706,0.955118795069792,0.2538273506747331,-3.112470178603051,0.3710837698778,-0.5577802741991821,-1.8457049029212595,-0.0279067194760659,0.6017961577614437,-0.3021690572528447,-0.1399711994794718,0.3119190548203253,0.3961121933896049,0.4572444368663246,0.0511780111120515,0.0139520014707611,-0.2490274894100124,-0.3070404075144982,-0.107166650845959,0.0838072954543562
GTEX-117YW,0.4061925696666297,0.1399711994794717,0.1493701104165828,-0.3216987953648042,1.1674153587269775,0.4011472862273944,0.4011472862273944,0.8910305119824391,0.0931448373144652,0.8569623777792261,0.2203443680265389,-1.5840930675378757,-1.7968702837153614,0.8044272335589819,0.2108246297118815,-0.4469425897337917,-0.664307523893006,0.525468011519798,1.7307972047605154,-0.3413520209215255,-0.0046505330426104,-2.7723180400283463,-0.6585199505483369,-2.3187579709778325,-3.112470178603051,0.3661063568005698,-0.5741553087945971,-0.3512278212462601,0.4264790471503241,0.0978166045653749,0.5361762663658064,1.195450804572871,0.1682084481374105,-0.3168051375343428,0.1776496307692544,-0.107166650845959,-0.4832158447606152,-0.0232546771714069,-0.6412876570233803,-1.340869290880347,0.2490274894100126,0.8636956533670372,0.4112482139938643,0.2108246297118815,-0.6017961577614439,0.0604935871747794,-1.0968035620935137,0.5577802741991821,-0.4061925696666297,0.7980166062079388,-0.0418668742548895,0.520136471164208,0.2924477009350161,-1.275234241104605,0.5308145305532521,0.2827539046344999,0.1212095673006741,-0.9848956614915162,0.2203443680265389,-1.0155724616555522,-0.2538273506747333,0.0791413141184694,0.0046505330426105
GTEX-117YX,-0.0372127170621942,1.6715166841106104,-0.904950425274544,-2.1501937961635003,-0.7356124152439232,-0.2827539046344998,-1.3759692008680076,0.7417216005233305,-0.5796478267226205,-1.7103643678208365,1.5369552544493164,-1.2146757214668782,-0.0558351934681735,0.4989554619580166,-0.4213912770678052,0.0139520014707611,0.3413520209215255,1.4255825774365014,0.0,-1.9918985578978008,1.5369552544493164,0.933330502902325,1.4517622707385982,0.1682084481374105,0.8238609817031132,-1.4255825774365014,0.5361762663658064,-0.0558351934681735,-1.340869290880347,-0.6355858691140569,-0.7916386077433746,0.65275435145221,-0.2346617948613114,1.2443845388232115,-0.8436109784655275,1.7519793109683377,0.3512278212462599,0.1399711994794717,-0.0325593658056133,-0.3910871229289391,-0.7664413630494566,-0.7174469963041701,1.5369552544493164,-0.346285699342696,0.1352764286523606,-0.0186031380810724,1.3408692908803477,-0.9261656018472316,0.381066386264334,0.2586330669514177,-0.6935879849651033,-1.438549182645292,-1.5369552544493164,1.84570490292126,-0.596231764610585,-0.0744770551717116,-1.2545353222880942,-0.5741553087945971,1.4255825774365014,-0.664307523893006,1.1053298282224615,-0.8173487968777844,-0.5415534608499959
GTEX-1192W,0.467595041522105,0.3021690572528446,0.6701174349839331,-0.2490274894100124,0.6935879849651033,0.3961121933896049,0.1634935259298645,-0.0511780111120515,-0.3315094021268153,0.1399711994794717,0.2924477009350161,0.9190479335937772,-1.871870730867245,-0.520136471164208,-0.32660016939701,-1.031275009879428,-0.7726945818405243,0.977370221692195,1.1053298282224615,0.9119765235615476,0.3364266374948573,-1.0155724616555522,-0.3710837698778002,0.681805760846509,-0.4264790471503241,-0.8173487968777844,-0.5686800575348554,-1.3759692008680076,-0.3364266374948575,-0.7726945818405243,-0.1634935259298645,0.7417216005233305,-0.7916386077433746,0.0046505330426105,-0.0418668742548895,-0.6017961577614439,0.6470103701484196,0.32660016939701,-0.3512278212462601,0.1305846375599525,-1.167415358726977,-0.2730866066364132,0.4572444368663246,-1.2343603801814165,-0.9478060492911888,-0.3910871229289391,-0.0884751021146149,-1.2545353222880942,-0.1212095673006743,-0.2924477009350161,-1.3295291071787323,1.1582715276653734,0.0884751021146148,-0.1493701104165827,0.5095173924720495,0.8238609817031132,-0.229884117579232,-0.7916386077433746,0.6470103701484196,-0.5632218016027938,-0.1493701104165827,0.5308145305532521,0.7789781621703243
GTEX-1192X,1.84570490292126,-2.255232508842998,0.5686800575348554,-2.7723180400283463,1.5073326312512036,1.84570490292126,0.8772811433566338,1.4517622707385982,1.8718707308672449,0.2060719695833272,-2.3187579709778325,-1.6006161338119125,0.0372127170621943,-0.7478585947633022,1.438549182645292,-0.2108246297118815,0.5851578873218706,-2.026910034791593,-3.112470178603051,-0.107166650845959,-0.7664413630494566,-1.2343603801814165,1.635039266801711,-1.4003450431366584,-1.2964944386804564,2.2552325088429965,-1.023392193391521,0.7417216005233305,1.1139372153566884,-0.229884117579232,0.4989554619580166,-2.1501937961635003,0.2730866066364132,-0.3119190548203253,1.7739779942235527,-0.1305846375599525,1.3073477923443682,0.381066386264334,0.525468011519798,-1.0634684328718786,0.0838072954543562,1.1582715276653734,-1.8457049029212595,1.1766578532028555,0.2490274894100126,-0.5254680115197978,-0.4727891209922674,1.0553174817566977,0.3661063568005698,0.2973048669834491,1.0553174817566977,1.1492235271996152,-0.1493701104165827,-0.1165260755991406,0.6129813329265346,1.3408692908803477,1.5679914964717907,-0.1871066753278251,-1.9918985578978008,-0.2875974245860253,-0.6701174349839331,0.6585199505483372,0.9924772957033684
GTEX-11DXW,-0.107166650845959,-0.1212095673006743,-0.3216987953648042,0.4011472862273944,0.810871091550414,0.2730866066364132,1.0968035620935137,0.2973048669834491,-0.0884751021146149,1.031275009879428,0.0186031380810724,0.514819675081733,-1.3073477923443677,0.467595041522105,-0.2251116819514788,-0.5906857713824718,0.0931448373144652,-1.6715166841106104,0.8636956533670372,0.1305846375599525,-0.65275435145221,-0.4366879596755644,0.023254677171407,0.8304082942029329,0.1118451385279671,-0.850267731936789,0.2875974245860253,-1.140268643894193,-0.2779170089683694,-0.1965804839448126,0.32660016939701,0.6995152985526999,-0.1682084481374103,-0.2730866066364132,0.6412876570233801,-0.6299046699224384,-0.7054672908207708,0.3119190548203253,0.2538273506747331,0.962482977182896,-0.2346617948613114,-0.2538273506747333,-0.5577802741991821,-0.0418668742548895,0.6643075238930058,0.1352764286523606,0.2251116819514788,-0.624243729236281,-0.0838072954543562,-0.4264790471503241,-2.484125224707312,0.0186031380810724,-0.7356124152439232,-0.977370221692195,-0.0279067194760659,-0.4936953696832038,0.6935879849651033,0.4727891209922672,-0.0651532940076319,-0.0651532940076319,0.0978166045653749,-0.6995152985526998,-1.6530030581052302
GTEX-11DXY,0.8979687192568956,-0.9924772957033684,0.7114443807664012,-1.5369552544493164,0.7789781621703243,1.412851325289763,0.9190479335937772,-0.1352764286523604,0.7789781621703243,0.3216987953648042,-0.933330502902325,0.7054672908207708,1.0553174817566977,-0.8636956533670372,-0.3561785367094661,0.3661063568005698,2.6016947511653696,-0.7478585947633022,-1.3295291071787323,-0.5415534608499959,-1.0968035620935137,0.5796478267226207,1.6530030581052302,0.1729271126904469,-1.5679914964717907,1.1766578532028555,-0.2634447638039343,0.2108246297118815,-0.1493701104165827,-0.2251116819514788,0.2924477009350161,-1.6530030581052302,0.8369913991407895,-0.6585199505483369,1.6175881179674108,-1.4128513252897623,0.2827539046344999,-0.3512278212462601,0.5906857713824718,0.3611379974371059,0.6876849397127831,0.7417216005233305,-0.6017961577614439,0.1493701104165828,0.2779170089683694,0.2442333585910436,-0.9848956614915162,-0.7726945818405243,2.0645981446801467,-0.1634935259298645,0.7234755745418949,-0.0791413141184694,-0.3561785367094661,-1.3640820484975271,0.2203443680265389,0.462413546573279,1.4789766045652544,1.1492235271996152,-0.5741553087945971,0.2394448346237824,-1.0553174817566977,0.933330502902325,0.904950425274544
GTEX-11DXZ,-1.0716906581760843,0.9261656018472316,-1.2343603801814165,0.7789781621703243,-1.3759692008680076,0.1258957192703828,-0.3961121933896049,-0.5906857713824718,-1.7103643678208365,-0.7174469963041701,0.1918414273303961,0.5796478267226207,-0.504229396049854,-1.4003450431366584,-1.0553174817566977,1.2050075920152503,-1.3523845818311535,0.4832158447606152,-0.462413546573279,0.8044272335589819,0.9261656018472316,0.8304082942029329,1.388054028556374,1.2343603801814165,2.318757970977832,-1.82074492261502,1.2343603801814165,1.2857916935144202,-0.5095173924720496,-0.7980166062079388,-1.2050075920152503,-0.3364266374948575,-0.520136471164208,1.4930045626254098,-1.2443845388232115,0.9848956614915162,-0.1871066753278251,1.1860019705320748,-0.7234755745418949,1.7307972047605154,-1.5073326312512032,-1.6715166841106104,0.9848956614915162,-2.3187579709778325,-1.1582715276653734,1.8718707308672449,2.2552325088429965,-0.977370221692195,1.412851325289763,-0.2442333585910436,0.201323959635,-1.5840930675378757,0.1823761141706538,1.2050075920152503,-0.3070404075144982,-0.2875974245860253,-0.850267731936789,0.1071666508459588,1.412851325289763,1.6906216295848986,-0.220344368026539,-0.2730866066364132,0.2394448346237824
GTEX-11DYG,0.9478060492911886,-1.9591709979048224,1.2443845388232115,0.1587822354845152,1.5522864776181842,1.3523845818311528,1.1226279320577794,0.5686800575348554,0.6073792467767407,0.7916386077433746,-1.899384692461367,-1.3523845818311535,-0.0651532940076319,-0.1305846375599525,0.0838072954543562,-0.850267731936789,0.2108246297118815,-1.7103643678208365,-2.3932998646116794,0.7054672908207708,-2.199684129871477,-0.7417216005233308,0.8502677319367892,0.1587822354845152,-0.1446690574398205,0.7789781621703243,-1.0634684328718786,-0.8238609817031132,0.0651532940076319,1.3523845818311528,0.6995152985526999,-1.9284165128950652,1.0968035620935137,-0.6186027229558672,0.9848956614915162,-2.199684129871477,-0.4264790471503241,-0.0186031380810724,0.933330502902325,-0.884134934875026,1.5369552544493164,1.0155724616555522,-1.5219770060190867,0.5741553087945971,1.465233792685523,-0.3216987953648042,0.2538273506747331,0.0418668742548894,0.4832158447606152,-0.0978166045653749,0.8369913991407895,0.6299046699224384,0.4112482139938643,-1.2050075920152503,0.6186027229558674,0.5095173924720495,0.7054672908207708,1.1053298282224615,-0.4213912770678052,0.0838072954543562,-0.5577802741991821,-0.2251116819514788,-1.1860019705320748
GTEX-11DZ1,0.1024905076914515,-0.7602179716124495,0.810871091550414,-1.3073477923443677,1.0968035620935137,0.9119765235615476,0.5686800575348554,0.7114443807664012,1.7307972047605154,0.2634447638039344,-0.7356124152439232,1.7307972047605154,0.201323959635,0.1540744667957507,-0.0093011666671462,0.8502677319367892,-0.220344368026539,-0.504229396049854,-1.0883562937618656,-1.0472360474261069,-0.8238609817031132,-0.9924772957033684,-2.199684129871477,-1.0472360474261069,-1.4003450431366584,1.6175881179674108,1.2545353222880942,1.2050075920152503,-0.6299046699224384,1.6715166841106104,0.933330502902325,-1.4128513252897623,1.82074492261502,-1.8457049029212595,0.4832158447606152,-0.2730866066364132,-1.8457049029212595,1.9918985578978008,-1.3183573694113604,-0.9190479335937772,1.7103643678208365,1.0553174817566977,-0.3810663862643338,2.318757970977832,1.4255825774365014,-1.7739779942235536,-0.7852926508502125,1.5369552544493164,-0.229884117579232,2.318757970977832,1.400345043136658,0.4936953696832036,0.904950425274544,-2.255232508842998,1.412851325289763,1.0799859809506631,0.8304082942029329,-1.61758811796741,-2.10546945092069,1.3295291071787323,-1.6715166841106104,-0.462413546573279,-0.0744770551717116
GTEX-11EI6,0.32660016939701,-1.465233792685523,0.462413546573279,0.8704683159405441,0.187106675327825,0.0651532940076319,1.5679914964717907,-0.8369913991407895,1.4930045626254098,1.3640820484975271,-1.3759692008680076,-0.8979687192568958,-0.6299046699224384,-0.5469463597873272,1.3759692008680082,-0.6995152985526998,-0.3119190548203253,-1.1860019705320748,-0.4520875158696413,-1.6006161338119125,-1.031275009879428,-0.6186027229558672,-0.6355858691140569,-0.0465219385151119,-1.0155724616555522,0.3860719086350267,-0.9190479335937772,-0.6935879849651033,1.3295291071787323,1.6175881179674108,1.5369552544493164,-0.6412876570233803,-0.8772811433566338,-0.1446690574398205,0.9119765235615476,-0.0744770551717116,0.7356124152439232,-1.5679914964717907,0.4832158447606152,-0.5469463597873272,1.5073326312512036,0.3561785367094661,-1.0553174817566977,0.933330502902325,0.3021690572528446,-1.2545353222880942,-0.9405436406054154,1.6530030581052302,-1.0968035620935137,0.0698144159426549,-0.4727891209922674,1.3295291071787323,0.5415534608499961,-0.1212095673006743,-0.2875974245860253,0.1446690574398205,1.465233792685523,0.6073792467767407,-0.6701174349839331,-0.0186031380810724,-0.3710837698778002,0.955118795069792,1.1314042769717068
GTEX-11EQ9,-0.1258957192703828,0.8910305119824391,-0.4520875158696413,-0.3760703934941728,-0.7234755745418949,-1.2545353222880942,-1.2648170437118496,-0.1776496307692544,-0.3413520209215255,-1.5679914964717907,1.7307972047605154,-0.0838072954543562,1.0716906581760843,0.9261656018472316,-1.2244587432783245,0.977370221692195,-0.4936953696832038,1.5369552544493164,0.1776496307692544,0.0931448373144652,1.1139372153566884,1.4517622707385982,0.7726945818405243,0.3364266374948573,1.5679914964717907,-1.2964944386804564,0.7916386077433746,0.4163143916073593,-1.6715166841106104,-0.6701174349839331,-1.0155724616555522,0.6643075238930058,0.5906857713824718,0.5741553087945971,-2.10546945092069,0.884134934875026,-1.3523845818311535,0.462413546573279,-0.7980166062079388,0.6186027229558674,-2.026910034791593,-0.4366879596755644,1.6906216295848986,-0.0139520014707611,0.6470103701484196,-0.2682625678197609,1.84570490292126,-1.4789766045652544,1.0392224351527355,0.2682625678197607,0.4315778808977973,-1.4003450431366584,-1.0392224351527355,1.0883562937618656,-0.5361762663658064,-1.0968035620935137,-1.6006161338119125,-0.1493701104165827,1.3408692908803477,0.2779170089683694,1.4255825774365014,-2.10546945092069,-1.61758811796741
GTEX-11GS4,-0.4520875158696413,-1.6350392668017106,-0.5851578873218707,1.3073477923443682,0.3021690572528446,0.6299046699224384,1.0553174817566977,0.0744770551717114,1.6530030581052302,0.1212095673006741,-1.5369552544493164,-1.023392193391521,0.3315094021268154,-0.7980166062079388,2.2552325088429965,0.3512278212462599,-0.6935879849651033,-1.3523845818311535,-0.810871091550414,-0.504229396049854,-1.9284165128950652,0.3315094021268154,0.4572444368663246,-2.026910034791593,-0.4469425897337917,1.2545353222880942,0.955118795069792,1.1674153587269775,1.6715166841106104,0.7852926508502123,0.1729271126904469,-0.6818057608465092,1.0155724616555522,-0.850267731936789,1.1860019705320748,0.4213912770678051,-0.1634935259298645,-0.2155820567040673,-0.1634935259298645,-0.5796478267226205,2.6016947511653696,0.2538273506747331,-1.2146757214668782,0.4572444368663246,-0.5308145305532522,-1.1053298282224613,-0.9924772957033684,2.0269100347915936,-0.5796478267226205,-1.1492235271996152,1.4930045626254098,-0.3860719086350268,0.5796478267226207,-0.0279067194760659,-0.4315778808977973,-0.0139520014707611,1.4517622707385982,1.4517622707385982,-1.0799859809506631,-0.1118451385279671,-0.8910305119824391,0.9924772957033684,1.1860019705320748
GTEX-11GSO,1.4255825774365014,-2.199684129871477,2.0645981446801467,-2.026910034791593,1.7968702837153605,1.3640820484975271,0.1352764286523606,0.9119765235615476,0.8369913991407895,-0.1352764286523604,-2.255232508842998,0.8369913991407895,-0.8772811433566338,-1.0155724616555522,0.4418094672275395,-1.5219770060190867,1.82074492261502,-1.9918985578978008,-2.7723180400283463,0.5741553087945971,-1.6715166841106104,-1.2244587432783245,0.2779170089683694,0.3462856993426961,-0.504229396049854,0.7540238855634623,-0.346285699342696,-0.0418668742548895,-0.0093011666671462,0.5042293960498542,0.1258957192703828,-3.112470178603051,0.977370221692195,-0.7174469963041701,1.3640820484975271,-1.0553174817566977,-0.6995152985526998,0.9405436406054154,1.1053298282224615,0.4884489019738812,0.3710837698778,1.899384692461367,-1.82074492261502,0.3561785367094661,1.000116412316283,0.6073792467767407,-1.4128513252897623,0.1965804839448126,0.810871091550414,0.0604935871747794,1.0968035620935137,0.3710837698778,0.8173487968777844,-0.7234755745418949,1.2050075920152503,0.6355858691140571,1.2857916935144202,0.1540744667957507,0.0046505330426105,0.2973048669834491,-0.5851578873218707,0.0046505330426105,-0.8979687192568958
GTEX-11LCK,-0.9190479335937772,1.0553174817566977,0.5741553087945971,-0.3611379974371059,-0.5523552129489121,-1.61758811796741,-1.3073477923443677,-0.1871066753278251,-2.10546945092069,-1.6530030581052302,1.3759692008680082,1.3640820484975271,-0.462413546573279,0.3364266374948573,-1.6006161338119125,0.6701174349839331,0.9924772957033684,1.412851325289763,0.2973048669834491,-0.0604935871747794,0.6585199505483372,0.7602179716124496,-0.5308145305532522,1.3073477923443682,0.596231764610585,-1.9284165128950652,1.3759692008680082,0.1399711994794717,-1.2050075920152503,-0.5095173924720496,-2.199684129871477,-0.0279067194760659,0.1634935259298645,-0.5906857713824718,-2.199684129871477,0.6355858691140571,-1.167415358726977,0.2634447638039344,0.5741553087945971,1.1860019705320748,0.009301166667146,-0.2875974245860253,1.5522864776181842,0.2827539046344999,1.1674153587269775,0.2060719695833272,1.000116412316283,-1.2146757214668782,0.8502677319367892,-1.2545353222880942,0.0511780111120515,-1.8457049029212595,0.0744770551717114,0.187106675327825,-0.1729271126904469,-0.5632218016027938,-1.7103643678208365,0.4469425897337917,0.8704683159405441,0.4315778808977973,1.1492235271996152,-1.7968702837153614,-1.3295291071787323
GTEX-11NSD,-0.4727891209922674,0.7174469963041701,-0.5577802741991821,0.4520875158696414,-0.8772811433566338,-0.7234755745418949,-0.3710837698778002,-0.977370221692195,-1.5073326312512032,-0.4832158447606152,1.7519793109683377,-0.220344368026539,1.521977006019087,1.6715166841106104,-0.7980166062079388,0.4572444368663246,1.1226279320577794,1.899384692461367,1.899384692461367,-0.6818057608465092,0.7540238855634623,0.7980166062079388,-0.4418094672275395,1.3640820484975271,-0.7295305620669889,-1.2443845388232115,-0.5254680115197978,-0.3961121933896049,-0.7114443807664012,0.810871091550414,-0.4213912770678052,1.5679914964717907,-0.2682625678197609,-0.4163143916073592,-1.195450804572871,-0.3216987953648042,-1.0553174817566977,-1.4789766045652544,-1.5369552544493164,0.4264790471503241,0.5686800575348554,-1.61758811796741,1.4930045626254098,1.1402686438941925,1.82074492261502,0.4366879596755643,0.3760703934941728,-0.1965804839448126,-0.0465219385151119,0.0791413141184694,0.4418094672275395,-1.0634684328718786,0.6186027229558674,-0.4989554619580166,-0.2682625678197609,-0.504229396049854,-0.8238609817031132,0.7852926508502123,0.6242437292362808,-1.0716906581760843,1.3183573694113604,-0.2875974245860253,-1.465233792685523
GTEX-11NV4,0.8173487968777844,-0.1918414273303961,0.5042293960498542,0.7174469963041701,-1.0001164123162831,0.681805760846509,1.4255825774365014,-1.4128513252897623,2.199684129871479,1.2443845388232115,-0.1918414273303961,0.2298841175792322,0.0046505330426105,1.000116412316283,1.2648170437118502,-1.4128513252897623,-0.8436109784655275,0.0139520014707611,-0.5523552129489121,-0.5632218016027938,-0.1493701104165827,-0.6017961577614439,-0.9698997294331952,-0.9698997294331952,-0.7234755745418949,1.4255825774365014,-0.810871091550414,0.6585199505483372,-0.2013239596350001,2.1501937961635003,2.105469450920689,-0.7980166062079388,-0.664307523893006,-1.0392224351527355,1.5369552544493164,-0.4061925696666297,-1.2050075920152503,-1.2857916935144202,-0.8772811433566338,-1.0392224351527355,2.3932998646116808,0.1823761141706538,0.1682084481374105,3.112470178603064,2.199684129871479,-1.4003450431366584,-0.1587822354845152,2.3932998646116808,-1.7739779942235536,0.3216987953648042,1.84570490292126,1.1314042769717068,0.2779170089683694,-1.131404276971706,-1.388054028556375,-0.3561785367094661,1.0799859809506631,-0.3512278212462601,-1.131404276971706,-0.884134934875026,-0.9190479335937772,1.0968035620935137,0.462413546573279
GTEX-11O72,0.1634935259298645,-1.5840930675378757,-0.0232546771714069,0.904950425274544,0.7234755745418949,0.6585199505483372,0.7916386077433746,-0.1165260755991406,1.2050075920152503,0.5851578873218706,-1.4930045626254098,-1.0001164123162831,0.4366879596755643,0.1352764286523606,0.4112482139938643,-0.8173487968777844,1.0553174817566977,-1.3073477923443677,-1.7968702837153614,1.2752342411046045,-1.82074492261502,-0.4675950415221049,0.596231764610585,0.4779959870785905,-0.8636956533670372,1.412851325289763,-1.899384692461367,-0.5741553087945971,-0.7295305620669889,1.438549182645292,0.7054672908207708,-0.664307523893006,0.4520875158696414,-1.0001164123162831,0.6242437292362808,-1.3759692008680076,0.7234755745418949,-0.3710837698778002,0.7664413630494566,-0.4163143916073592,1.388054028556374,0.1165260755991407,-1.1766578532028555,1.1314042769717068,1.521977006019087,-1.2050075920152503,-1.5369552544493164,0.9405436406054154,-0.1540744667957508,0.9261656018472316,0.3315094021268154,1.1226279320577794,0.2203443680265389,-1.3523845818311535,-0.1399711994794718,0.3462856993426961,0.2827539046344999,1.0634684328718786,-1.2343603801814165,-0.5906857713824718,-0.2346617948613114,0.7726945818405243,0.962482977182896
GTEX-11OF3,0.4418094672275395,-0.7980166062079388,0.3561785367094661,-0.3910871229289391,-0.0372127170621942,0.7916386077433746,0.0465219385151119,0.1540744667957507,0.5095173924720495,0.1118451385279671,-0.7726945818405243,1.521977006019087,-0.7852926508502125,-0.1399711994794718,0.7417216005233305,0.2973048669834491,-0.4061925696666297,-0.5523552129489121,-1.1492235271996152,0.4832158447606152,-0.8704683159405441,0.0186031380810724,-0.5095173924720496,-0.1493701104165827,-0.3760703934941728,-0.5254680115197978,1.1402686438941925,-0.0744770551717116,0.6935879849651033,0.3661063568005698,0.1965804839448126,-0.7602179716124495,0.2394448346237824,-0.8704683159405441,1.031275009879428,-0.3070404075144982,0.1212095673006741,0.546946359787327,0.6129813329265346,-0.1305846375599525,0.8304082942029329,0.1258957192703828,-0.4264790471503241,0.2538273506747331,0.3364266374948573,-1.0392224351527355,-0.5308145305532522,0.1776496307692544,-0.462413546573279,0.2779170089683694,-0.229884117579232,0.1729271126904469,0.4163143916073593,-0.3364266374948575,0.3462856993426961,0.4366879596755643,1.2752342411046045,0.0372127170621943,-1.5369552544493164,0.3512278212462599,-0.7295305620669889,0.3462856993426961,0.2827539046344999
GTEX-11ONC,0.1446690574398205,0.3168051375343427,-0.3961121933896049,-1.4003450431366584,0.4936953696832036,0.3561785367094661,0.4727891209922672,1.2752342411046045,-0.2827539046344998,0.4936953696832036,0.6186027229558674,-0.7664413630494566,-1.5219770060190867,1.0553174817566977,-0.1446690574398205,-0.6876849397127831,-0.9924772957033684,0.7356124152439232,1.400345043136658,-0.1682084481374103,0.4989554619580166,-0.4936953696832038,-0.2108246297118815,-1.4789766045652544,-0.7980166062079388,0.8704683159405441,-1.1492235271996152,-1.5679914964717907,0.6186027229558674,-0.3910871229289391,0.2875974245860253,1.3640820484975271,-0.7234755745418949,0.0139520014707611,-0.0046505330426104,0.1918414273303961,0.3315094021268154,0.0325593658056133,0.201323959635,-1.5369552544493164,0.3961121933896049,0.8569623777792261,0.4884489019738812,0.3070404075144982,-0.1540744667957508,0.0279067194760658,-1.2443845388232115,-0.3315094021268153,-1.3073477923443677,-1.4128513252897623,-1.2343603801814165,-0.4418094672275395,-0.6995152985526998,-0.0978166045653749,0.4727891209922672,0.9190479335937772,0.3413520209215255,-0.1682084481374103,0.5308145305532521,-0.4884489019738811,0.2586330669514177,-0.6585199505483369,-0.4418094672275395
GTEX-11P7K,-0.8044272335589816,1.84570490292126,-1.5073326312512032,-1.275234241104605,-1.9284165128950652,-0.520136471164208,-0.4213912770678052,-0.624243729236281,-0.6017961577614439,-0.504229396049854,1.84570490292126,-0.2490274894100124,2.199684129871479,0.2827539046344999,-0.6935879849651033,1.5522864776181842,-0.0046505330426104,1.8718707308672449,0.977370221692195,-0.6017961577614439,1.82074492261502,2.4841252247073147,1.4255825774365014,-0.1352764286523604,1.635039266801711,-0.6876849397127831,0.7602179716124496,0.6299046699224384,-0.4418094672275395,-2.0645981446801454,-0.3910871229289391,1.5073326312512036,0.6759500545663616,0.7174469963041701,-1.275234241104605,1.2343603801814165,-1.0883562937618656,0.6355858691140571,-1.7307972047605154,-0.1776496307692544,-1.5369552544493164,-1.4517622707385982,1.8718707308672449,-0.8369913991407895,-0.7980166062079388,0.7980166062079388,1.2545353222880942,-0.8772811433566338,0.9698997294331956,0.0465219385151119,-0.0838072954543562,-2.3187579709778325,-1.82074492261502,0.4520875158696414,-1.1053298282224613,-0.3070404075144982,-0.8704683159405441,0.5851578873218706,2.1501937961635003,0.7540238855634623,1.9918985578978008,-0.5308145305532522,-0.504229396049854
GTEX-11P82,-1.1766578532028555,1.2050075920152503,-2.484125224707312,0.1071666508459588,-1.4789766045652544,-1.0716906581760843,-1.031275009879428,-0.504229396049854,-0.955118795069792,-0.4727891209922674,2.318757970977832,0.2875974245860253,0.977370221692195,0.3021690572528446,-0.3216987953648042,0.5741553087945971,-0.0465219385151119,2.318757970977832,1.3523845818311528,-1.5679914964717907,1.928416512895066,1.7103643678208365,1.023392193391522,0.467595041522105,0.6017961577614437,-0.2634447638039343,0.4989554619580166,0.3315094021268154,-0.0931448373144652,-0.962482977182896,-0.6186027229558672,1.2050075920152503,-0.229884117579232,0.520136471164208,-1.388054028556375,1.0553174817566977,-0.7980166062079388,-0.1776496307692544,-1.2244587432783245,1.0716906581760843,-0.0232546771714069,-1.4930045626254098,2.6016947511653696,-0.2779170089683694,-0.0046505330426104,-0.1024905076914514,0.5042293960498542,-0.7174469963041701,-0.0698144159426548,0.467595041522105,-0.6585199505483369,-1.388054028556375,-1.388054028556375,0.884134934875026,-2.7723180400283463,-1.2443845388232115,-1.4128513252897623,1.031275009879428,1.7103643678208365,-0.1871066753278251,2.318757970977832,-1.0968035620935137,-0.4779959870785905
GTEX-11PRG,0.3910871229289391,0.0418668742548894,1.2050075920152503,-1.5840930675378757,1.031275009879428,0.2203443680265389,1.2343603801814165,0.4989554619580166,0.1024905076914515,1.2146757214668782,-1.5840930675378757,-1.0716906581760843,-0.7417216005233308,0.8979687192568956,0.4315778808977973,-1.195450804572871,1.0716906581760843,-0.2442333585910436,-0.0465219385151119,0.2634447638039344,-0.5361762663658064,-2.10546945092069,-0.5796478267226205,-2.1501937961635003,-2.255232508842998,1.1582715276653734,-0.2346617948613114,-0.0465219385151119,0.7540238855634623,0.6643075238930058,1.3073477923443682,-0.1399711994794718,0.5415534608499961,-0.4520875158696413,0.1212095673006741,-1.899384692461367,0.4315778808977973,0.520136471164208,-1.1766578532028555,-2.1501937961635003,1.6530030581052302,1.0392224351527355,-0.6818057608465092,1.0078143423127026,-0.0931448373144652,0.0511780111120515,-1.6350392668017106,0.8704683159405441,0.4061925696666297,1.1053298282224615,0.962482977182896,0.2682625678197607,0.7540238855634623,-0.8772811433566338,0.8772811433566338,0.6935879849651033,0.0418668742548894,0.2060719695833272,-0.624243729236281,0.1024905076914515,-0.8979687192568958,0.1587822354845152,-0.0931448373144652
GTEX-11TT1,-1.438549182645292,2.4841252247073147,-2.7723180400283463,0.4572444368663246,-1.5840930675378757,-1.5219770060190867,0.3462856993426961,-1.4003450431366584,-1.1582715276653734,0.2298841175792322,0.9924772957033684,0.0698144159426549,0.7174469963041701,-0.5796478267226205,-0.8369913991407895,0.7602179716124496,-0.850267731936789,0.962482977182896,0.933330502902325,-1.0634684328718786,1.388054028556374,1.635039266801711,1.0716906581760843,0.4264790471503241,2.0269100347915936,-1.438549182645292,0.4315778808977973,0.3710837698778,0.023254677171407,-0.7789781621703243,-0.2973048669834489,0.2730866066364132,-0.1399711994794718,0.5632218016027939,-2.7723180400283463,0.5308145305532521,-0.4418094672275395,-0.0744770551717116,-0.4061925696666297,0.6129813329265346,-0.3710837698778002,-1.7519793109683373,2.0269100347915936,-0.7234755745418949,-0.1729271126904469,1.3295291071787323,1.4930045626254098,-0.6876849397127831,0.5686800575348554,0.32660016939701,-0.933330502902325,-2.7723180400283463,-1.0472360474261069,0.2779170089683694,-1.6006161338119125,-1.465233792685523,-0.9190479335937772,1.0078143423127026,2.4841252247073147,-0.0604935871747794,1.5522864776181842,-0.5851578873218707,0.3315094021268154
GTEX-11TUW,1.1226279320577794,0.4366879596755643,0.8979687192568956,-0.5361762663658064,-0.504229396049854,0.4112482139938643,-1.5840930675378757,0.1212095673006741,0.2634447638039344,-0.0744770551717116,0.2490274894100126,-2.255232508842998,0.3710837698778,0.6935879849651033,1.0799859809506631,-0.2827539046344998,-1.5219770060190867,0.0186031380810724,0.0931448373144652,-2.7723180400283463,0.6355858691140571,0.4011472862273944,0.0325593658056133,-0.2346617948613114,0.2827539046344999,-0.5851578873218707,-0.6759500545663616,0.381066386264334,1.031275009879428,-0.1587822354845152,0.2155820567040674,0.4213912770678051,-0.810871091550414,1.1492235271996152,0.2346617948613113,1.7968702837153605,-0.32660016939701,-1.023392193391521,-0.1305846375599525,-0.9261656018472316,-0.4061925696666297,0.7054672908207708,0.1965804839448126,0.2298841175792322,-0.1587822354845152,0.2730866066364132,0.4366879596755643,0.4520875158696414,-0.5851578873218707,-2.3187579709778325,0.2394448346237824,0.0838072954543562,0.4469425897337917,1.9918985578978008,0.1965804839448126,-0.2730866066364132,-0.1918414273303961,-1.5679914964717907,-0.0604935871747794,-1.5679914964717907,0.1823761141706538,-1.0553174817566977,0.1729271126904469
GTEX-11UD2,-0.0093011666671462,0.4213912770678051,0.1587822354845152,0.3070404075144982,-0.7916386077433746,-0.4366879596755644,-1.1766578532028555,-1.2443845388232115,0.6701174349839331,-0.1587822354845152,-0.0093011666671462,0.3315094021268154,0.4779959870785905,0.3315094021268154,0.6876849397127831,-0.2013239596350001,-1.0001164123162831,-2.199684129871477,-0.4315778808977973,-0.5523552129489121,0.5906857713824718,0.5361762663658064,-1.0155724616555522,0.7054672908207708,-0.5523552129489121,-0.6470103701484196,0.7114443807664012,-0.3070404075144982,0.7054672908207708,0.7602179716124496,-0.0046505330426104,-0.504229396049854,0.8304082942029329,1.3183573694113604,0.2490274894100126,1.3759692008680082,-1.3073477923443677,0.2298841175792322,-0.7295305620669889,0.0,0.2634447638039344,-0.2442333585910436,0.009301166667146,0.8979687192568956,0.201323959635,0.6017961577614437,-0.1540744667957508,0.8910305119824391,-0.9478060492911888,-1.7739779942235536,-1.167415358726977,-0.1587822354845152,0.810871091550414,1.388054028556374,-0.2155820567040673,-1.4930045626254098,-0.0093011666671462,-0.3961121933896049,0.0,-0.3760703934941728,0.7114443807664012,-0.5469463597873272,-0.2827539046344998
GTEX-11WQC,0.187106675327825,-1.0472360474261069,-0.2394448346237824,0.0838072954543562,0.2586330669514177,1.0392224351527355,1.4517622707385982,-0.3810663862643338,1.4517622707385982,1.0078143423127026,-0.9924772957033684,0.7664413630494566,-0.1118451385279671,0.1024905076914515,1.400345043136658,-0.3561785367094661,0.962482977182896,-0.850267731936789,-0.6759500545663616,0.6470103701484196,-1.2050075920152503,-1.1860019705320748,-0.6073792467767407,-2.199684129871477,-1.6350392668017106,1.0553174817566977,0.1024905076914515,0.5308145305532521,1.6175881179674108,1.4789766045652544,1.6175881179674108,-0.810871091550414,0.9405436406054154,-0.9478060492911888,1.0078143423127026,-0.2875974245860253,-0.0232546771714069,0.1258957192703828,-0.977370221692195,-1.1766578532028555,2.0269100347915936,0.5095173924720495,-0.7054672908207708,1.2648170437118502,-0.0465219385151119,-0.4832158447606152,-1.0634684328718786,1.8718707308672449,-0.0978166045653749,-0.5796478267226205,0.3462856993426961,0.0511780111120515,1.5840930675378757,-2.7723180400283463,0.4315778808977973,0.4213912770678051,1.1226279320577794,-0.4264790471503241,-1.2857916935144202,0.4884489019738812,-1.5369552544493164,0.525468011519798,0.0791413141184694
GTEX-11WQK,0.0931448373144652,0.0372127170621943,-0.2108246297118815,0.0604935871747794,-0.810871091550414,0.0,0.3961121933896049,-1.8457049029212595,1.1226279320577794,0.2924477009350161,-0.1305846375599525,0.6129813329265346,0.2827539046344999,0.4884489019738812,0.467595041522105,-0.2875974245860253,-0.4264790471503241,-0.7054672908207708,-0.4163143916073592,-0.3021690572528447,-0.1165260755991406,-0.1493701104165827,-1.4128513252897623,-0.8173487968777844,-0.2538273506747333,0.6876849397127831,-0.4936953696832038,-1.82074492261502,0.5042293960498542,1.465233792685523,0.5686800575348554,-0.1446690574398205,1.2050075920152503,-0.1823761141706537,0.3512278212462599,-0.1682084481374103,-0.7852926508502125,0.3216987953648042,-0.1682084481374103,-1.9918985578978008,1.82074492261502,0.0978166045653749,-0.1871066753278251,1.2146757214668782,0.467595041522105,-0.0744770551717116,-0.955118795069792,1.1314042769717068,-0.9924772957033684,0.6242437292362808,-0.1118451385279671,-0.1118451385279671,0.2973048669834491,-0.2442333585910436,-0.0232546771714069,-0.0372127170621942,0.8369913991407895,0.5308145305532521,-0.0884751021146149,-0.624243729236281,0.4832158447606152,-0.884134934875026,-0.5577802741991821
GTEX-11ZU8,1.412851325289763,0.2108246297118815,1.1053298282224615,-1.9591709979048224,0.3661063568005698,1.6530030581052302,0.0511780111120515,1.84570490292126,-0.2442333585910436,0.3021690572528446,-0.1776496307692544,0.8569623777792261,-0.7295305620669889,0.6412876570233801,0.525468011519798,1.195450804572871,-0.8044272335589816,0.1118451385279671,0.8704683159405441,0.1493701104165828,0.1776496307692544,-1.9284165128950652,-0.0093011666671462,-1.9284165128950652,-1.465233792685523,-1.6350392668017106,0.5686800575348554,1.195450804572871,0.2827539046344999,-1.0155724616555522,0.596231764610585,1.2443845388232115,-0.0046505330426104,0.5415534608499961,0.2973048669834491,-0.3021690572528447,-0.65275435145221,1.7739779942235527,-1.2648170437118496,-0.346285699342696,-1.4789766045652544,0.6299046699224384,-0.5095173924720496,-0.8304082942029333,-3.112470178603051,1.4517622707385982,-1.3640820484975271,0.2490274894100126,1.3073477923443682,-0.9190479335937772,0.0046505330426105,0.5741553087945971,1.635039266801711,1.1674153587269775,2.6016947511653696,2.0269100347915936,-0.2155820567040673,-3.112470178603051,0.7114443807664012,0.5042293960498542,-2.484125224707312,0.2108246297118815,-2.10546945092069
GTEX-11ZUS,-0.0279067194760659,-0.8044272335589816,0.7478585947633022,-1.1139372153566884,0.0465219385151119,-0.9190479335937772,1.8718707308672449,-1.2146757214668782,0.7664413630494566,2.2552325088429965,-0.4675950415221049,0.5042293960498542,0.5851578873218706,2.772318040028347,0.6412876570233801,-0.4366879596755644,1.0799859809506631,-0.5577802741991821,0.520136471164208,-1.4789766045652544,-0.8772811433566338,-0.0511780111120515,-0.3561785367094661,-0.4989554619580166,-1.0716906581760843,0.4418094672275395,0.3611379974371059,-0.4520875158696413,0.1918414273303961,2.0645981446801467,2.1501937961635003,1.1402686438941925,1.412851325289763,-0.6876849397127831,-0.4163143916073592,-1.131404276971706,-1.3295291071787323,0.7417216005233305,0.6355858691140571,-0.7980166062079388,3.112470178603064,0.2973048669834491,-0.4315778808977973,2.4841252247073147,2.6016947511653696,-1.8457049029212595,-0.8304082942029333,0.9478060492911886,-0.2730866066364132,1.031275009879428,1.195450804572871,-1.6715166841106104,1.0472360474261069,-2.3932998646116794,-1.2343603801814165,-1.0716906581760843,-0.4469425897337917,1.5369552544493164,-0.8369913991407895,-1.2964944386804564,0.1212095673006741,-1.2146757214668782,-1.0392224351527355
GTEX-1212Z,0.0186031380810724,-0.1823761141706537,-0.7295305620669889,-1.1053298282224613,0.5906857713824718,-0.1493701104165827,0.3364266374948573,-0.1682084481374103,0.8910305119824391,0.8238609817031132,-0.2730866066364132,-1.871870730867245,-0.346285699342696,1.388054028556374,1.521977006019087,-0.6129813329265346,0.1823761141706538,-2.1501937961635003,0.6186027229558674,-0.4936953696832038,0.1965804839448126,-0.0372127170621942,1.0472360474261069,-1.1860019705320748,-1.0634684328718786,1.0716906581760843,-1.1860019705320748,0.4779959870785905,1.6006161338119125,-0.4418094672275395,1.6906216295848986,0.9405436406054154,-0.2442333585910436,-0.5254680115197978,0.2682625678197607,0.7356124152439232,0.2203443680265389,-0.6355858691140569,0.4884489019738812,-0.4884489019738811,1.0078143423127026,-0.0372127170621942,-0.3760703934941728,1.1674153587269775,0.4112482139938643,0.2203443680265389,-1.6006161338119125,1.2343603801814165,-0.5469463597873272,-1.7519793109683373,0.7916386077433746,-0.6759500545663616,-1.2244587432783245,0.5906857713824718,-0.7356124152439232,-0.0884751021146149,0.5906857713824718,0.6470103701484196,0.0791413141184694,0.2108246297118815,0.0744770551717114,0.5361762663658064,-0.2875974245860253
GTEX-12584,2.318757970977832,-0.32660016939701,1.899384692461367,-0.884134934875026,-0.0093011666671462,2.199684129871479,-0.0698144159426548,0.1305846375599525,0.810871091550414,0.3413520209215255,-0.2973048669834489,1.0392224351527355,0.1165260755991407,-0.4163143916073592,0.6470103701484196,0.4366879596755643,0.6701174349839331,-0.1118451385279671,-0.3021690572528447,0.1352764286523606,-0.3168051375343428,-0.8044272335589816,-1.2545353222880942,-0.4469425897337917,-0.884134934875026,-0.7664413630494566,0.6876849397127831,1.1314042769717068,-1.1766578532028555,0.1118451385279671,0.4264790471503241,-0.3661063568005696,-0.5906857713824718,-1.195450804572871,1.438549182645292,-0.5851578873218707,-0.514819675081733,0.7114443807664012,-1.275234241104605,-0.6995152985526998,-0.7852926508502125,1.1402686438941925,0.0791413141184694,-0.8772811433566338,-0.9261656018472316,-0.7602179716124495,-0.3119190548203253,0.3860719086350267,-0.8436109784655275,2.4841252247073147,2.0645981446801467,1.0078143423127026,2.105469450920689,-1.438549182645292,1.5840930675378757,0.977370221692195,0.3611379974371059,-1.7519793109683373,-1.2648170437118496,0.1165260755991407,-1.0968035620935137,1.2648170437118502,-0.7174469963041701
GTEX-12696,-0.0558351934681735,0.6935879849651033,-0.4418094672275395,-1.2964944386804564,-0.1118451385279671,-0.1587822354845152,-0.850267731936789,-0.0046505330426104,0.1540744667957507,-0.7789781621703243,0.6876849397127831,0.0838072954543562,-0.5851578873218707,0.2251116819514788,-0.520136471164208,-0.664307523893006,-0.4675950415221049,0.596231764610585,-0.2875974245860253,-0.0186031380810724,0.4011472862273944,1.031275009879428,0.4315778808977973,0.7234755745418949,1.0968035620935137,0.0139520014707611,0.2490274894100126,-1.1766578532028555,-0.0651532940076319,-1.2545353222880942,-0.3168051375343428,-0.229884117579232,-1.388054028556375,1.3640820484975271,-0.0558351934681735,0.2060719695833272,-0.520136471164208,-0.4832158447606152,0.6759500545663616,1.0968035620935137,-1.0001164123162831,-0.4572444368663248,0.5686800575348554,0.1965804839448126,0.462413546573279,0.4163143916073593,0.5632218016027939,-0.7852926508502125,0.0744770551717114,0.9478060492911886,-1.140268643894193,-1.0155724616555522,-1.4003450431366584,0.7054672908207708,-0.933330502902325,-1.0155724616555522,-0.3216987953648042,-0.2634447638039343,0.5042293960498542,-0.7726945818405243,0.8569623777792261,-0.0372127170621942,0.7540238855634623
GTEX-12BJ1,-1.140268643894193,1.8718707308672449,-1.871870730867245,-0.6412876570233803,-1.7519793109683373,1.0883562937618656,-0.2013239596350001,1.82074492261502,-0.9261656018472316,-0.8304082942029333,0.4832158447606152,-0.3216987953648042,-0.0372127170621942,-1.7968702837153614,-0.4675950415221049,2.0645981446801467,-1.131404276971706,1.224458743278325,-0.3810663862643338,0.4884489019738812,1.1674153587269775,0.7664413630494566,2.772318040028347,-0.2538273506747333,2.6016947511653696,-2.6016947511653714,1.0078143423127026,1.9591709979048224,-0.0838072954543562,-2.10546945092069,-1.2857916935144202,-0.65275435145221,-2.3187579709778325,3.112470178603064,-0.520136471164208,0.8304082942029329,1.7739779942235527,0.810871091550414,-1.7739779942235536,2.105469450920689,-1.871870730867245,-2.026910034791593,1.5840930675378757,-2.3932998646116794,-1.61758811796741,1.9591709979048224,1.7519793109683377,-2.1501937961635003,2.318757970977832,-0.0186031380810724,-0.810871091550414,-1.0001164123162831,-1.9918985578978008,2.0269100347915936,-1.4930045626254098,1.3295291071787323,-0.6995152985526998,-2.026910034791593,2.772318040028347,0.9698997294331956,0.3961121933896049,1.5840930675378757,1.82074492261502
GTEX-12C56,-1.2857916935144202,1.1766578532028555,-2.6016947511653714,0.3611379974371059,-1.8457049029212595,-1.5369552544493164,-1.7307972047605154,-0.8044272335589816,-0.9478060492911888,-1.3759692008680076,1.1139372153566884,1.031275009879428,0.2973048669834491,-0.0744770551717116,-0.3661063568005696,1.1766578532028555,-0.0604935871747794,1.3640820484975271,0.681805760846509,-0.1729271126904469,1.1053298282224615,1.4255825774365014,0.2586330669514177,1.0799859809506631,1.1314042769717068,-1.6715166841106104,1.4930045626254098,0.7602179716124496,-0.0325593658056133,-0.904950425274544,-0.7054672908207708,0.2827539046344999,0.0325593658056133,0.381066386264334,-1.023392193391521,0.6701174349839331,-0.3119190548203253,0.2108246297118815,-0.8304082942029333,0.9698997294331956,-0.3119190548203253,-3.112470178603051,1.7307972047605154,-0.2924477009350161,0.3661063568005698,0.6995152985526999,1.0472360474261069,-0.1634935259298645,0.2875974245860253,0.5796478267226207,-0.3315094021268153,-2.1501937961635003,-2.484125224707312,0.5042293960498542,-1.438549182645292,-0.4572444368663248,-0.8436109784655275,1.1314042769717068,1.0799859809506631,0.7664413630494566,1.1582715276653734,-0.9698997294331952,-0.4520875158696413
GTEX-12KS4,-1.3759692008680076,0.0978166045653749,-1.023392193391521,1.2857916935144202,0.0418668742548894,-1.3183573694113604,0.1118451385279671,-0.6186027229558672,0.0651532940076319,0.0558351934681737,0.3661063568005698,-0.7174469963041701,-0.2682625678197609,-0.2682625678197609,-0.6073792467767407,0.1212095673006741,-0.4989554619580166,0.2973048669834491,-0.0791413141184694,0.525468011519798,0.0884751021146148,0.8636956533670372,-0.1871066753278251,1.2443845388232115,0.5308145305532521,-0.0511780111120515,0.1823761141706538,-1.0799859809506631,-0.8369913991407895,-0.5906857713824718,-0.2155820567040673,-0.0232546771714069,-0.6701174349839331,0.1540744667957507,0.0279067194760658,-1.5679914964717907,1.1492235271996152,-0.6759500545663616,0.5632218016027939,1.4517622707385982,-0.3021690572528447,-2.3932998646116794,0.201323959635,-1.1139372153566884,0.2538273506747331,-0.4936953696832038,0.3315094021268154,-0.4366879596755644,0.1682084481374105,1.6715166841106104,-0.6995152985526998,-0.3070404075144982,-1.167415358726977,-0.1540744667957508,-1.2050075920152503,-0.6470103701484196,0.2346617948613113,2.0269100347915936,-0.0511780111120515,0.7234755745418949,0.4936953696832036,-0.0698144159426548,0.7054672908207708
GTEX-12WSA,-0.3364266374948575,-0.2013239596350001,-0.4832158447606152,-0.2827539046344998,1.388054028556374,0.2827539046344999,0.1446690574398205,1.1139372153566884,0.2298841175792322,0.2155820567040674,-0.0232546771714069,0.0791413141184694,-0.6585199505483369,-0.2827539046344998,0.4832158447606152,0.2827539046344999,0.546946359787327,0.187106675327825,0.1258957192703828,-0.5741553087945971,0.0,-0.6073792467767407,1.2050075920152503,-0.7852926508502125,-0.2779170089683694,1.0883562937618656,-0.1965804839448126,0.1305846375599525,0.2682625678197607,-1.1860019705320748,0.2394448346237824,0.4469425897337917,-0.6017961577614439,-0.0232546771714069,0.1493701104165828,-0.3413520209215255,1.9918985578978008,-0.3216987953648042,1.4517622707385982,0.4213912770678051,-0.4832158447606152,-0.0791413141184694,-0.1446690574398205,-0.9698997294331952,-0.65275435145221,-0.8979687192568958,-1.1582715276653734,0.1823761141706538,1.1766578532028555,-1.2648170437118496,-0.2586330669514177,0.7234755745418949,-0.5254680115197978,0.201323959635,-0.6355858691140569,0.6759500545663616,-0.0978166045653749,0.4832158447606152,-0.1212095673006743,-0.2013239596350001,-0.7726945818405243,0.4061925696666297,1.3295291071787323
GTEX-12WSC,0.1823761141706538,-0.7478585947633022,0.3860719086350267,-0.0511780111120515,-1.1053298282224613,-0.0698144159426548,2.6016947511653696,0.1634935259298645,-0.1212095673006743,2.6016947511653696,-0.7114443807664012,0.5632218016027939,-0.1729271126904469,2.199684129871479,0.4779959870785905,-0.2251116819514788,-0.7054672908207708,-0.4832158447606152,1.5073326312512036,-0.1871066753278251,-0.8044272335589816,-1.3183573694113604,-1.6715166841106104,-0.6935879849651033,-1.031275009879428,0.5741553087945971,0.4163143916073593,-0.220344368026539,0.2251116819514788,1.7968702837153605,2.6016947511653696,1.4789766045652544,0.8772811433566338,-1.82074492261502,-0.3561785367094661,-1.0968035620935137,-1.7968702837153614,0.7726945818405243,-1.9284165128950652,0.1024905076914515,1.899384692461367,0.201323959635,-0.3561785367094661,1.7519793109683377,-0.2346617948613114,-1.438549182645292,-0.7478585947633022,1.438549182645292,-1.5840930675378757,1.2648170437118502,0.5415534608499961,-0.3910871229289391,1.2752342411046045,-1.7739779942235536,1.1766578532028555,-0.0651532940076319,-0.4315778808977973,0.0046505330426105,-0.5523552129489121,0.7980166062079388,-0.2827539046344998,-1.167415358726977,-1.131404276971706
GTEX-12WSE,-1.0392224351527355,-0.6759500545663616,-1.0883562937618656,0.681805760846509,-0.962482977182896,-1.167415358726977,2.4841252247073147,-1.7739779942235536,0.9405436406054154,2.318757970977832,-0.6585199505483369,1.4255825774365014,0.6412876570233801,1.3640820484975271,0.9261656018472316,-0.0511780111120515,1.1314042769717068,-0.4315778808977973,-0.5577802741991821,-0.0884751021146149,-0.7540238855634623,-0.3413520209215255,-0.107166650845959,-0.0884751021146149,-1.2857916935144202,-0.0931448373144652,0.6643075238930058,-0.3860719086350268,0.514819675081733,2.3932998646116808,2.4841252247073147,-0.5469463597873272,1.2964944386804569,-1.6906216295848977,-0.3611379974371059,-1.0472360474261069,-0.810871091550414,0.5361762663658064,-1.0716906581760843,-0.4779959870785905,1.2443845388232115,-1.3640820484975271,-0.3070404075144982,2.1501937961635003,1.0883562937618656,-1.4128513252897623,-0.4520875158696413,1.6715166841106104,-0.4572444368663248,1.0472360474261069,0.7295305620669889,-0.3512278212462601,0.8304082942029329,-2.10546945092069,-0.8304082942029333,-0.0186031380810724,0.9924772957033684,0.8772811433566338,-1.140268643894193,1.3523845818311528,-0.7356124152439232,0.2490274894100126,-0.4469425897337917
GTEX-12WSF,1.0716906581760843,-1.140268643894193,1.1860019705320748,-1.6715166841106104,-0.5686800575348554,-0.2682625678197609,0.5577802741991821,-0.1212095673006743,1.3183573694113604,0.2586330669514177,-1.0883562937618656,1.6715166841106104,-0.0418668742548895,-0.664307523893006,1.465233792685523,-0.0465219385151119,0.7356124152439232,-0.933330502902325,-1.4930045626254098,0.596231764610585,-1.3073477923443677,-0.2730866066364132,-0.6701174349839331,-1.7968702837153614,-0.0418668742548895,1.5073326312512036,1.400345043136658,-0.1729271126904469,1.4789766045652544,0.904950425274544,0.7916386077433746,-1.8457049029212595,1.195450804572871,-2.3187579709778325,0.6299046699224384,-1.0883562937618656,-1.4930045626254098,1.388054028556374,1.1582715276653734,-1.2146757214668782,1.0155724616555522,1.465233792685523,-0.7916386077433746,1.635039266801711,0.8569623777792261,-2.199684129871477,-1.140268643894193,1.5840930675378757,-1.2146757214668782,0.4163143916073593,0.1446690574398205,0.7054672908207708,0.7234755745418949,-1.031275009879428,0.2442333585910436,0.8436109784655275,1.6715166841106104,0.2251116819514788,-2.026910034791593,0.0325593658056133,-0.9698997294331952,1.1053298282224615,1.438549182645292
GTEX-12WSH,0.8772811433566338,-0.514819675081733,0.8044272335589819,0.0186031380810724,0.4727891209922672,0.1493701104165828,1.0472360474261069,-0.7664413630494566,1.388054028556374,0.8304082942029329,-0.5095173924720496,-0.0978166045653749,2.4841252247073147,-0.65275435145221,2.6016947511653696,1.0883562937618656,0.6995152985526999,-0.2827539046344998,-0.8636956533670372,0.2973048669834491,-0.5686800575348554,-1.0392224351527355,-0.8910305119824391,-1.0716906581760843,-1.1053298282224613,1.3759692008680082,-0.3561785367094661,1.438549182645292,2.2552325088429965,3.112470178603064,1.2964944386804569,-1.1766578532028555,1.6530030581052302,-1.2545353222880942,0.4061925696666297,-0.3168051375343428,-1.4789766045652544,-0.1493701104165827,-1.8457049029212595,-1.438549182645292,2.1501937961635003,0.9261656018472316,-0.1118451385279671,0.8569623777792261,-0.5361762663658064,-1.0078143423127026,-0.5741553087945971,2.772318040028347,-0.6935879849651033,0.1729271126904469,2.4841252247073147,0.8772811433566338,2.2552325088429965,-0.6818057608465092,0.4520875158696414,0.5686800575348554,0.7789781621703243,-0.9261656018472316,-1.6006161338119125,0.0418668742548894,-1.340869290880347,-0.9405436406054154,-0.9924772957033684
GTEX-12WSI,0.9119765235615476,0.1212095673006741,0.5851578873218706,-2.3932998646116794,1.6715166841106104,0.962482977182896,0.3661063568005698,0.7980166062079388,1.0078143423127026,0.6701174349839331,0.0651532940076319,-2.1501937961635003,-1.8457049029212595,0.8636956533670372,0.3364266374948573,-1.7519793109683373,0.904950425274544,-1.8457049029212595,-0.2442333585910436,1.0716906581760843,-0.1446690574398205,-2.484125224707312,1.1314042769717068,-1.167415358726977,-0.2682625678197609,0.7916386077433746,-1.0716906581760843,-0.5308145305532522,0.3961121933896049,0.0791413141184694,1.0472360474261069,0.0372127170621943,0.4011472862273944,-0.1165260755991406,1.2343603801814165,-0.664307523893006,-0.4989554619580166,0.009301166667146,0.904950425274544,-1.5679914964717907,1.412851325289763,0.7980166062079388,-1.6715166841106104,0.8704683159405441,0.596231764610585,-0.1871066753278251,-0.4936953696832038,0.1587822354845152,0.955118795069792,-1.4930045626254098,0.3661063568005698,-0.9924772957033684,-0.0279067194760659,-0.0232546771714069,0.1212095673006741,-0.0978166045653749,0.8772811433566338,0.5686800575348554,0.1682084481374105,-0.0884751021146149,0.009301166667146,-0.9261656018472316,-1.275234241104605
GTEX-12WSM,1.3183573694113604,-0.8173487968777844,1.3640820484975271,0.0558351934681737,0.5415534608499961,0.7664413630494566,-0.4989554619580166,0.2108246297118815,-0.0046505330426104,-0.8369913991407895,-0.7852926508502125,0.9698997294331956,-0.5741553087945971,-0.6412876570233803,1.0472360474261069,-0.8304082942029333,1.2752342411046045,-0.5741553087945971,-1.167415358726977,-0.2875974245860253,-0.8910305119824391,-1.031275009879428,-0.4011472862273942,1.4255825774365014,-0.3512278212462601,-0.1918414273303961,0.977370221692195,0.9261656018472316,-0.4366879596755644,0.3216987953648042,-0.2827539046344998,-1.4789766045652544,1.0799859809506631,-0.7664413630494566,-0.2108246297118815,-1.1492235271996152,-0.1305846375599525,1.0799859809506631,1.4930045626254098,0.9848956614915162,0.7540238855634623,0.7726945818405243,-0.4418094672275395,1.1139372153566884,1.9918985578978008,-1.4789766045652544,-0.5469463597873272,0.5042293960498542,0.3910871229289391,0.5308145305532521,1.6175881179674108,-0.2013239596350001,0.9848956614915162,-0.7664413630494566,0.8569623777792261,0.6299046699224384,-0.1587822354845152,0.7114443807664012,-0.4832158447606152,0.9190479335937772,-0.2730866066364132,1.023392193391522,-1.2244587432783245
GTEX-12ZZW,-0.6299046699224384,-0.0978166045653749,-0.7054672908207708,0.4213912770678051,-0.4989554619580166,0.0931448373144652,-0.977370221692195,-0.3364266374948575,0.0372127170621943,0.0744770551717114,0.3168051375343427,0.0186031380810724,-0.1918414273303961,1.1053298282224615,0.2442333585910436,-0.3710837698778002,-0.2924477009350161,0.0279067194760658,0.3119190548203253,-1.2648170437118496,0.3860719086350267,0.1258957192703828,-0.955118795069792,0.1071666508459588,-0.6073792467767407,0.201323959635,0.381066386264334,-0.2924477009350161,0.3561785367094661,1.1402686438941925,0.3021690572528446,0.7540238855634623,0.546946359787327,-0.2060719695833272,-0.2924477009350161,1.2050075920152503,-1.4255825774365014,0.3168051375343427,-1.0968035620935137,-0.6073792467767407,0.9119765235615476,-0.0558351934681735,0.0884751021146148,0.6242437292362808,0.9478060492911886,-0.0978166045653749,-0.1493701104165827,0.6935879849651033,-1.2964944386804564,0.4936953696832036,0.2155820567040674,-0.6129813329265346,0.1352764286523606,0.7789781621703243,0.520136471164208,-0.4418094672275395,-0.1823761141706537,-0.0279067194760659,-0.1165260755991406,0.3961121933896049,0.3119190548203253,-1.0883562937618656,-0.904950425274544
GTEX-12ZZY,-0.3860719086350268,0.1823761141706538,-0.624243729236281,-0.4832158447606152,-1.140268643894193,-1.7519793109683373,1.465233792685523,-1.5522864776181842,-0.0279067194760659,1.1402686438941925,0.4366879596755643,-0.5415534608499959,-0.1165260755991406,1.7519793109683377,0.810871091550414,-0.8238609817031132,0.4163143916073593,0.4572444368663246,2.0645981446801467,-0.3860719086350268,0.5415534608499961,-0.4213912770678052,-1.031275009879428,-0.2634447638039343,-1.2545353222880942,-0.1212095673006743,-0.3760703934941728,-0.4572444368663248,1.8718707308672449,0.8569623777792261,1.0634684328718786,1.8718707308672449,0.1165260755991407,-0.4675950415221049,-0.2730866066364132,0.2730866066364132,-2.0645981446801454,-1.1492235271996152,-0.5095173924720496,-0.4832158447606152,1.0553174817566977,-0.0046505330426104,0.0838072954543562,1.438549182645292,0.9190479335937772,-0.0465219385151119,-1.031275009879428,1.1860019705320748,-1.2545353222880942,0.201323959635,0.7852926508502123,-0.8910305119824391,-0.0232546771714069,-0.6470103701484196,-0.7980166062079388,-0.7602179716124495,0.5686800575348554,1.1582715276653734,0.0186031380810724,0.1305846375599525,0.7540238855634623,-1.1053298282224613,-1.9284165128950652
GTEX-12ZZZ,0.5361762663658064,-2.026910034791593,1.6006161338119125,-0.2538273506747333,1.1860019705320748,0.8772811433566338,0.525468011519798,0.3315094021268154,-0.0791413141184694,0.4572444368663246,-2.10546945092069,-1.438549182645292,-0.65275435145221,-0.5308145305532522,0.3561785367094661,-0.5796478267226205,0.3611379974371059,-1.82074492261502,-0.6129813329265346,0.4061925696666297,-1.5073326312512032,-0.2060719695833272,-1.195450804572871,0.4011472862273944,-0.2490274894100124,0.8044272335589819,-0.3364266374948575,0.187106675327825,0.5796478267226207,0.32660016939701,0.1118451385279671,-0.8569623777792261,0.0558351934681737,-0.32660016939701,0.5906857713824718,-0.0232546771714069,0.2346617948613113,0.0465219385151119,0.7789781621703243,-0.0465219385151119,-0.220344368026539,0.810871091550414,-1.6530030581052302,-0.7852926508502125,0.7114443807664012,-0.810871091550414,-0.0791413141184694,0.0558351934681737,-0.1871066753278251,1.2050075920152503,0.546946359787327,1.5679914964717907,0.6995152985526999,-0.1634935259298645,0.6355858691140571,0.7726945818405243,0.1540744667957507,0.0418668742548894,-1.0716906581760843,0.1682084481374105,-0.933330502902325,-0.0651532940076319,0.6186027229558674
GTEX-13111,-1.0155724616555522,0.65275435145221,-0.65275435145221,-0.933330502902325,0.3710837698778,0.1165260755991407,-1.7103643678208365,1.3640820484975271,-3.112470178603051,-1.3640820484975271,0.3961121933896049,0.7980166062079388,-0.3413520209215255,-0.7234755745418949,-0.6876849397127831,1.0716906581760843,-0.4213912770678052,0.467595041522105,0.0046505330426105,0.3760703934941728,0.2634447638039344,1.0883562937618656,0.0186031380810724,1.2050075920152503,1.3523845818311528,-0.8772811433566338,1.0634684328718786,0.6995152985526999,-0.3512278212462601,-1.2146757214668782,-1.82074492261502,-0.4366879596755644,0.6242437292362808,-0.0604935871747794,-0.6876849397127831,0.1071666508459588,-0.1352764286523604,1.0472360474261069,0.977370221692195,1.412851325289763,-1.0078143423127026,-0.3315094021268153,0.5851578873218706,-1.4128513252897623,-0.1352764286523604,1.2857916935144202,1.1582715276653734,-0.9848956614915162,1.1860019705320748,0.8304082942029329,-0.6412876570233803,-1.2343603801814165,-0.955118795069792,-0.5469463597873272,0.3021690572528446,0.933330502902325,-1.4517622707385982,0.187106675327825,0.955118795069792,0.2203443680265389,0.1540744667957507,-0.2394448346237824,-1.0799859809506631
GTEX-13112,-0.4264790471503241,-0.4418094672275395,-0.1823761141706537,-0.3413520209215255,-0.1823761141706537,0.0465219385151119,0.7417216005233305,-0.7295305620669889,0.8569623777792261,0.6470103701484196,-0.4213912770678052,-0.9405436406054154,0.1399711994794717,1.1766578532028555,1.2964944386804569,-0.2442333585910436,0.9261656018472316,-1.2857916935144202,-0.0418668742548895,1.4930045626254098,-0.1871066753278251,-0.0325593658056133,-0.220344368026539,-0.9924772957033684,-1.5219770060190867,0.525468011519798,-1.8457049029212595,-0.4936953696832038,1.5840930675378757,0.4469425897337917,1.3183573694113604,0.3168051375343427,-0.6299046699224384,-0.229884117579232,-0.0279067194760659,0.8704683159405441,0.7602179716124496,-0.8304082942029333,-0.3810663862643338,-1.0716906581760843,0.933330502902325,-0.462413546573279,-1.140268643894193,1.521977006019087,0.7234755745418949,-0.2251116819514788,-1.4789766045652544,1.3408692908803477,0.2682625678197607,-1.0392224351527355,-0.3168051375343428,0.2634447638039344,-0.4112482139938643,0.7852926508502123,-0.7174469963041701,-0.1212095673006743,0.7417216005233305,0.6876849397127831,-0.2924477009350161,-0.514819675081733,-0.1682084481374103,-0.0978166045653749,0.1258957192703828
GTEX-1314G,-0.0651532940076319,-0.7234755745418949,-0.2442333585910436,-0.8704683159405441,0.955118795069792,-0.2730866066364132,0.4418094672275395,-0.4315778808977973,1.4255825774365014,0.5906857713824718,0.0046505330426105,1.1053298282224615,0.0279067194760658,0.7726945818405243,0.4213912770678051,0.4884489019738812,-0.2538273506747333,-0.0465219385151119,0.4011472862273944,-0.9478060492911888,0.0744770551717114,-0.1682084481374103,0.8173487968777844,-0.9848956614915162,0.0558351934681737,0.8772811433566338,0.6186027229558674,-0.9848956614915162,0.462413546573279,-0.6585199505483369,0.8979687192568956,0.6129813329265346,-0.2060719695833272,0.1965804839448126,0.7980166062079388,-0.0511780111120515,-0.1965804839448126,0.596231764610585,-0.4572444368663248,-0.9698997294331952,0.525468011519798,0.0372127170621943,-2.7723180400283463,0.904950425274544,-0.0651532940076319,-0.3561785367094661,-0.1024905076914514,0.0744770551717114,-0.346285699342696,-3.112470178603051,-2.3932998646116794,-1.3295291071787323,-0.7602179716124495,0.4264790471503241,-0.3661063568005696,-0.4011472862273942,0.467595041522105,0.2490274894100126,-0.0279067194760659,0.3070404075144982,0.3710837698778,-0.4112482139938643,-0.5523552129489121
GTEX-131XE,0.8636956533670372,0.6186027229558674,1.0078143423127026,-0.4264790471503241,-0.3119190548203253,-0.0651532940076319,-2.1501937961635003,0.3661063568005698,-0.5577802741991821,-0.3661063568005696,1.1402686438941925,-1.9918985578978008,-0.1540744667957508,1.1674153587269775,-0.346285699342696,-1.1139372153566884,0.2394448346237824,0.6186027229558674,0.1729271126904469,0.2682625678197607,0.5308145305532521,0.381066386264334,0.4779959870785905,1.6906216295848986,-0.1871066753278251,-1.871870730867245,-0.4832158447606152,-0.346285699342696,-0.4779959870785905,-0.8173487968777844,-0.3364266374948575,1.1226279320577794,-0.7726945818405243,1.3759692008680082,-0.5906857713824718,0.5796478267226207,-0.7726945818405243,-0.2346617948613114,0.462413546573279,1.0553174817566977,-1.2244587432783245,0.0465219385151119,0.2251116819514788,0.3760703934941728,0.32660016939701,0.462413546573279,0.546946359787327,-0.6585199505483369,0.0698144159426549,-1.9591709979048224,0.5523552129489121,0.0046505330426105,-0.1682084481374103,1.000116412316283,0.2924477009350161,-1.7103643678208365,-1.6350392668017106,-1.2648170437118496,0.3710837698778,-0.8979687192568958,1.1226279320577794,-0.4011472862273942,-0.4112482139938643
GTEX-131XF,-0.2973048669834489,0.4011472862273944,0.6242437292362808,-1.4930045626254098,0.6995152985526999,-0.346285699342696,-1.0799859809506631,1.031275009879428,-1.9284165128950652,-1.4003450431366584,0.7174469963041701,-0.462413546573279,-0.1024905076914514,0.1587822354845152,-1.3183573694113604,0.0931448373144652,1.6715166841106104,0.8636956533670372,0.2682625678197607,0.7174469963041701,0.7234755745418949,0.5906857713824718,1.000116412316283,0.5851578873218706,1.031275009879428,-0.7540238855634623,-1.3295291071787323,-0.0093011666671462,-2.10546945092069,-0.9924772957033684,-1.871870730867245,0.4061925696666297,0.0978166045653749,0.1024905076914515,-1.871870730867245,0.381066386264334,0.9924772957033684,0.4779959870785905,1.6715166841106104,0.3462856993426961,-0.5523552129489121,0.2394448346237824,0.7417216005233305,-0.3119190548203253,0.9698997294331956,-0.2875974245860253,1.0078143423127026,-3.112470178603051,1.1674153587269775,0.4469425897337917,0.6759500545663616,0.2298841175792322,-0.624243729236281,0.3760703934941728,0.3961121933896049,-0.220344368026539,-1.4789766045652544,0.8910305119824391,0.3512278212462599,-1.131404276971706,0.1118451385279671,-0.4264790471503241,0.5095173924720495
GTEX-131XH,1.1402686438941925,-0.9848956614915162,0.8704683159405441,-0.0325593658056133,0.6876849397127831,1.195450804572871,0.1682084481374105,0.4520875158696414,1.195450804572871,0.1965804839448126,-0.9261656018472316,-0.4779959870785905,-2.484125224707312,-0.1258957192703828,0.5042293960498542,-1.8457049029212595,0.1965804839448126,-0.7417216005233308,-0.977370221692195,-1.2343603801814165,-1.0883562937618656,0.0978166045653749,1.224458743278325,-0.6355858691140569,-0.1823761141706537,1.635039266801711,-0.3910871229289391,0.1212095673006741,0.3462856993426961,0.0186031380810724,0.5523552129489121,-0.9261656018472316,0.3661063568005698,-0.9261656018472316,1.5840930675378757,-1.4003450431366584,0.5577802741991821,-0.4675950415221049,1.2545353222880942,0.0372127170621943,0.9405436406054154,1.0883562937618656,-0.596231764610585,1.0155724616555522,0.8636956533670372,-0.6818057608465092,-0.2924477009350161,0.1399711994794717,0.2730866066364132,-0.4779959870785905,0.0465219385151119,0.8369913991407895,-0.520136471164208,-1.6350392668017106,-0.1446690574398205,0.6470103701484196,2.0269100347915936,0.3561785367094661,-0.2682625678197609,-1.6906216295848977,-0.4832158447606152,1.84570490292126,1.928416512895066
GTEX-132NY,-1.0799859809506631,0.2251116819514788,-1.2545353222880942,0.7114443807664012,-0.8173487968777844,-1.1492235271996152,0.2730866066364132,-2.255232508842998,0.7478585947633022,0.3961121933896049,0.9261656018472316,0.596231764610585,-0.2634447638039343,1.84570490292126,0.9405436406054154,-1.388054028556375,0.0744770551717114,0.7114443807664012,2.0269100347915936,-0.4213912770678052,0.681805760846509,-0.7602179716124495,-0.5254680115197978,-1.2050075920152503,-2.026910034791593,-0.3710837698778002,-0.7852926508502125,-0.664307523893006,1.9918985578978008,1.1766578532028555,0.462413546573279,1.7739779942235527,-0.4675950415221049,-0.2108246297118815,0.0465219385151119,0.904950425274544,-0.8704683159405441,-1.5840930675378757,-1.899384692461367,-0.6412876570233803,1.7307972047605154,-1.023392193391521,0.5906857713824718,1.5840930675378757,0.3119190548203253,0.6759500545663616,-1.4930045626254098,1.195450804572871,-0.6818057608465092,0.0558351934681737,-0.1352764286523604,-1.4128513252897623,-0.2013239596350001,0.8173487968777844,-3.112470178603051,-2.255232508842998,0.7852926508502123,0.810871091550414,0.3364266374948573,-0.5415534608499959,0.962482977182896,0.0418668742548894,-0.2108246297118815
GTEX-132Q8,1.023392193391522,0.1024905076914515,-0.1024905076914514,-1.5073326312512032,0.6759500545663616,1.2146757214668782,-0.5796478267226205,1.0716906581760843,0.955118795069792,-0.0093011666671462,-0.1024905076914514,0.3661063568005698,-0.7789781621703243,-0.3611379974371059,1.0883562937618656,0.3119190548203253,-0.2730866066364132,-0.0791413141184694,-0.4572444368663248,1.3073477923443682,-0.0465219385151119,-0.3364266374948575,0.6759500545663616,-0.8569623777792261,-0.7789781621703243,0.7852926508502123,0.201323959635,0.8910305119824391,0.933330502902325,-1.7968702837153614,0.2298841175792322,-0.4469425897337917,-0.8636956533670372,-0.0325593658056133,0.7726945818405243,-0.0046505330426104,0.8044272335589819,0.6995152985526999,-0.9698997294331952,-0.3364266374948575,-0.6355858691140569,0.3070404075144982,0.1823761141706538,-0.2538273506747333,-1.4517622707385982,-0.0791413141184694,0.0279067194760658,0.3961121933896049,0.4112482139938643,0.7916386077433746,-0.5523552129489121,-0.1165260755991406,-0.3810663862643338,0.4112482139938643,0.5686800575348554,1.0553174817566977,0.3512278212462599,-1.5522864776181842,-0.4315778808977973,0.3168051375343427,-0.6470103701484196,0.7295305620669889,0.7295305620669889
GTEX-132QS,-0.7852926508502125,0.6701174349839331,-1.3073477923443677,-1.031275009879428,-1.6715166841106104,-0.7114443807664012,-0.1540744667957508,-0.7478585947633022,-0.2875974245860253,-0.4675950415221049,1.0634684328718786,1.5073326312512036,0.2298841175792322,0.962482977182896,-0.0325593658056133,1.1674153587269775,-0.3910871229289391,0.5686800575348554,-0.1918414273303961,-0.9848956614915162,1.3640820484975271,1.8718707308672449,0.1634935259298645,-0.0558351934681735,0.6242437292362808,-1.8457049029212595,1.9918985578978008,1.2964944386804569,0.3315094021268154,-0.596231764610585,-0.3611379974371059,0.6017961577614437,-0.2973048669834489,1.195450804572871,-0.5415534608499959,2.0269100347915936,-0.6876849397127831,1.6715166841106104,-1.9918985578978008,0.4163143916073593,-0.6818057608465092,-1.0392224351527355,0.3860719086350267,0.3961121933896049,0.810871091550414,0.884134934875026,0.525468011519798,-1.0799859809506631,-0.5095173924720496,0.2634447638039344,-0.6818057608465092,-1.899384692461367,-1.2443845388232115,2.2552325088429965,-1.7739779942235536,-1.195450804572871,-0.6470103701484196,-0.7054672908207708,0.7540238855634623,0.4989554619580166,1.2050075920152503,-1.3073477923443677,-1.4128513252897623
GTEX-1399Q,1.4930045626254098,-0.810871091550414,1.4255825774365014,0.0279067194760658,1.7519793109683377,1.635039266801711,0.2060719695833272,0.6470103701484196,1.0392224351527355,-0.1823761141706537,-0.7789781621703243,-0.3413520209215255,0.5741553087945971,-1.82074492261502,1.0716906581760843,0.0698144159426549,1.1766578532028555,-0.5686800575348554,-1.1582715276653734,1.388054028556374,-0.884134934875026,-1.4255825774365014,0.8238609817031132,-0.6129813329265346,-1.438549182645292,1.521977006019087,-0.8910305119824391,-0.0046505330426104,1.0553174817566977,0.4112482139938643,-0.1212095673006743,-1.465233792685523,0.6186027229558674,-0.4779959870785905,1.5073326312512036,-1.140268643894193,1.6006161338119125,-1.1226279320577794,-0.5254680115197978,-1.4128513252897623,0.1258957192703828,1.0634684328718786,-0.4366879596755644,0.0698144159426549,0.1446690574398205,0.3364266374948573,-0.5415534608499959,0.4884489019738812,0.7295305620669889,-0.0279067194760659,1.0078143423127026,2.0269100347915936,0.3661063568005698,-0.7602179716124495,0.1776496307692544,0.9478060492911886,1.8718707308672449,0.1399711994794717,-0.8436109784655275,-0.596231764610585,-0.5796478267226205,0.7114443807664012,0.7478585947633022
GTEX-1399R,-0.7417216005233308,1.5522864776181842,-0.346285699342696,-0.977370221692195,-0.2346617948613114,-0.4418094672275395,-3.112470178603051,0.6585199505483372,-1.438549182645292,-2.7723180400283463,1.2752342411046045,0.4727891209922672,0.0698144159426549,-0.2924477009350161,-0.8436109784655275,-0.0372127170621942,-0.1305846375599525,1.6006161338119125,0.0978166045653749,-0.0931448373144652,1.465233792685523,0.9405436406054154,0.7916386077433746,-0.2155820567040673,0.7356124152439232,-0.346285699342696,0.1446690574398205,-0.5361762663658064,-0.5361762663658064,-0.8238609817031132,-0.6935879849651033,0.0838072954543562,0.4213912770678051,1.465233792685523,-1.1860019705320748,1.1139372153566884,0.4011472862273944,0.1634935259298645,-0.5469463597873272,-0.1634935259298645,-0.955118795069792,-0.5741553087945971,1.1582715276653734,-0.850267731936789,-0.3315094021268153,1.5840930675378757,1.2443845388232115,-1.2857916935144202,0.1024905076914515,-2.0645981446801454,-1.0716906581760843,-0.7852926508502125,-1.0716906581760843,1.1314042769717068,-0.520136471164208,0.5308145305532521,-2.7723180400283463,-0.8910305119824391,1.1766578532028555,0.2875974245860253,1.0155724616555522,0.0698144159426549,0.4366879596755643
GTEX-1399T,0.1540744667957507,-0.0232546771714069,-0.596231764610585,-0.0931448373144652,0.0791413141184694,0.009301166667146,0.0046505330426105,0.3512278212462599,-0.5851578873218707,0.2251116819514788,0.0279067194760658,-0.2346617948613114,-2.026910034791593,0.7478585947633022,0.5361762663658064,-1.899384692461367,-0.9698997294331952,0.2682625678197607,1.465233792685523,0.2586330669514177,0.5796478267226207,0.2394448346237824,-0.0651532940076319,-0.4112482139938643,0.3860719086350267,-0.4469425897337917,-1.167415358726977,-0.977370221692195,0.9924772957033684,0.3462856993426961,0.2779170089683694,1.0392224351527355,-1.1139372153566884,-0.2013239596350001,-0.229884117579232,0.3860719086350267,0.6995152985526999,-1.0078143423127026,-0.2586330669514177,0.3070404075144982,-0.1305846375599525,-0.0978166045653749,0.3611379974371059,0.0418668742548894,-0.5906857713824718,-0.7852926508502125,-0.462413546573279,0.4572444368663246,0.514819675081733,-0.2346617948613114,-1.2964944386804564,0.3661063568005698,-0.1305846375599525,0.596231764610585,-0.6186027229558672,0.0604935871747794,-0.1965804839448126,0.2346617948613113,0.0698144159426549,-1.438549182645292,-0.2682625678197609,-0.1446690574398205,0.6759500545663616
GTEX-139T6,-0.6129813329265346,1.2443845388232115,-0.8304082942029333,0.884134934875026,-0.7054672908207708,-1.131404276971706,-1.8457049029212595,-1.3073477923443677,-0.7602179716124495,-1.465233792685523,1.2545353222880942,0.8044272335589819,0.2442333585910436,0.6470103701484196,-0.8636956533670372,-0.0093011666671462,-0.4163143916073592,1.2343603801814165,0.4315778808977973,-0.1446690574398205,0.8772811433566338,0.4779959870785905,-1.0078143423127026,0.1165260755991407,0.0884751021146148,-0.4884489019738811,0.810871091550414,-0.8173487968777844,-0.664307523893006,0.9119765235615476,-0.3760703934941728,0.2924477009350161,0.187106675327825,-0.1776496307692544,-0.8173487968777844,0.4163143916073593,-0.0418668742548895,0.2442333585910436,-1.167415358726977,-0.6818057608465092,-0.1352764286523604,-0.7726945818405243,1.2146757214668782,0.5632218016027939,0.8044272335589819,0.6355858691140571,0.4061925696666297,-0.5906857713824718,-1.6006161338119125,0.3512278212462599,-1.2443845388232115,-0.5741553087945971,0.3910871229289391,-0.1682084481374103,-1.0799859809506631,-0.8569623777792261,-0.6876849397127831,0.4213912770678051,0.9924772957033684,-0.2586330669514177,1.0716906581760843,-0.664307523893006,-0.6129813329265346
GTEX-139TS,0.8502677319367892,-0.2875974245860253,0.187106675327825,-0.9924772957033684,-0.4779959870785905,-0.220344368026539,0.596231764610585,-0.0604935871747794,0.1258957192703828,0.9924772957033684,0.0511780111120515,1.0078143423127026,-1.0392224351527355,1.635039266801711,0.6643075238930058,-0.3910871229289391,-0.933330502902325,0.2108246297118815,1.2443845388232115,-2.3932998646116794,0.3961121933896049,0.1918414273303961,-0.624243729236281,-1.6350392668017106,-0.0558351934681735,-0.3860719086350268,0.0884751021146148,-0.8979687192568958,1.2146757214668782,0.5095173924720495,1.2050075920152503,1.7519793109683377,1.023392193391522,-0.1965804839448126,-0.1305846375599525,0.7602179716124496,-1.5369552544493164,0.2730866066364132,0.0186031380810724,-0.9848956614915162,0.9190479335937772,0.7356124152439232,-2.026910034791593,0.7980166062079388,-0.5469463597873272,-0.65275435145221,-1.6715166841106104,0.5796478267226207,-0.6701174349839331,-1.899384692461367,-0.5095173924720496,0.0604935871747794,0.467595041522105,0.8502677319367892,0.0372127170621943,-1.131404276971706,-0.2251116819514788,-0.6818057608465092,-0.0838072954543562,-1.2146757214668782,-0.0651532940076319,-0.7852926508502125,-1.031275009879428
GTEX-139TT,0.6585199505483372,-1.7103643678208365,1.6530030581052302,-0.5632218016027938,1.635039266801711,0.4832158447606152,0.4572444368663246,1.2146757214668782,0.3021690572528446,0.3611379974371059,-1.6350392668017106,0.5095173924720495,-1.031275009879428,-0.2060719695833272,0.1729271126904469,-1.9284165128950652,1.438549182645292,-1.465233792685523,-2.026910034791593,0.462413546573279,-1.275234241104605,-1.0472360474261069,-0.7852926508502125,0.9190479335937772,-0.6412876570233803,0.0511780111120515,-0.9261656018472316,0.0791413141184694,-0.3315094021268153,0.5632218016027939,0.4520875158696414,-0.7417216005233308,0.2251116819514788,-0.9190479335937772,0.3760703934941728,-1.9918985578978008,0.3216987953648042,0.955118795069792,1.2964944386804569,0.7980166062079388,0.4315778808977973,1.5679914964717907,-1.340869290880347,0.4727891209922672,1.5840930675378757,-1.0799859809506631,-0.5796478267226205,0.4315778808977973,1.0553174817566977,1.412851325289763,1.5369552544493164,0.4779959870785905,0.3070404075144982,-1.0392224351527355,0.9405436406054154,0.023254677171407,0.0186031380810724,0.4011472862273944,-1.1226279320577794,0.0651532940076319,-0.6995152985526998,-0.5796478267226205,-0.8173487968777844
GTEX-139TU,-1.2146757214668782,-0.4989554619580166,2.772318040028347,-0.2586330669514177,1.7307972047605154,0.2490274894100126,-0.220344368026539,1.7103643678208365,-1.3759692008680076,-0.5577802741991821,-0.4832158447606152,-0.0651532940076319,2.2552325088429965,-1.465233792685523,-0.0931448373144652,2.318757970977832,-0.4112482139938643,-0.2634447638039343,-0.850267731936789,-1.0968035620935137,-0.5469463597873272,0.2924477009350161,-1.7307972047605154,0.8979687192568956,0.9924772957033684,2.318757970977832,1.6530030581052302,1.4789766045652544,-1.6530030581052302,1.1139372153566884,-0.9924772957033684,-1.167415358726977,1.4930045626254098,-1.4789766045652544,-0.4989554619580166,-0.0791413141184694,1.2443845388232115,1.5840930675378757,2.0269100347915936,1.1314042769717068,-0.7054672908207708,1.9591709979048224,-0.0884751021146149,-2.026910034791593,-0.2634447638039343,-0.2108246297118815,-0.346285699342696,-0.9698997294331952,0.4213912770678051,-0.0372127170621942,1.7968702837153605,2.4841252247073147,2.199684129871479,-1.0078143423127026,2.0645981446801467,2.1501937961635003,-0.2442333585910436,-0.9119765235615476,-1.5679914964717907,1.224458743278325,-1.2964944386804564,0.1165260755991407,0.9119765235615476
GTEX-139UC,1.928416512895066,-0.2730866066364132,1.2752342411046045,-1.871870730867245,1.2964944386804569,1.3295291071787323,-0.4936953696832038,1.1674153587269775,1.023392193391522,-0.1258957192703828,-0.1634935259298645,1.0472360474261069,1.2545353222880942,-0.1165260755991406,-0.0558351934681735,1.2343603801814165,0.7602179716124496,-0.5469463597873272,-1.6006161338119125,0.1965804839448126,-0.0698144159426548,-0.8704683159405441,-0.4264790471503241,-0.955118795069792,-1.82074492261502,0.3910871229289391,0.8569623777792261,1.2752342411046045,-0.3413520209215255,-0.8979687192568958,0.0791413141184694,-0.6995152985526998,0.1399711994794717,0.6585199505483372,0.596231764610585,0.0279067194760658,-0.3413520209215255,1.400345043136658,-0.0232546771714069,-0.2586330669514177,-0.3860719086350268,1.7519793109683377,-0.8910305119824391,-0.0046505330426104,-0.7540238855634623,-0.2538273506747333,-1.2545353222880942,-0.6186027229558672,0.4366879596755643,0.3860719086350267,0.6017961577614437,0.1634935259298645,0.5042293960498542,0.3661063568005698,1.6006161338119125,0.8910305119824391,-0.0418668742548895,-1.7307972047605154,0.0279067194760658,0.6412876570233801,-0.4779959870785905,0.0651532940076319,-0.0978166045653749
GTEX-139UW,0.3760703934941728,-0.65275435145221,1.7307972047605154,1.0716906581760843,1.2146757214668782,1.0716906581760843,-0.3315094021268153,0.3119190548203253,-0.3961121933896049,-0.6759500545663616,-0.6299046699224384,0.023254677171407,0.9119765235615476,-1.6350392668017106,0.0372127170621943,0.32660016939701,0.8772811433566338,-0.3961121933896049,-1.0001164123162831,-1.2857916935144202,-0.7114443807664012,-0.1918414273303961,-0.933330502902325,0.8569623777792261,-1.2648170437118496,2.199684129871479,-0.0791413141184694,1.84570490292126,-0.3168051375343428,0.2155820567040674,-1.167415358726977,-1.3073477923443677,-0.7114443807664012,-0.7980166062079388,0.009301166667146,-0.2155820567040673,2.6016947511653696,-1.465233792685523,1.5073326312512036,0.3216987953648042,1.1053298282224615,1.2443845388232115,-0.2827539046344998,-0.4213912770678052,1.6175881179674108,0.009301166667146,-0.6759500545663616,0.3119190548203253,0.1352764286523606,0.0838072954543562,1.928416512895066,2.772318040028347,-0.2251116819514788,-1.1053298282224613,0.0978166045653749,2.6016947511653696,0.2251116819514788,0.904950425274544,-0.7540238855634623,-0.3168051375343428,-0.7234755745418949,1.0392224351527355,2.0269100347915936
GTEX-139YR,-0.4675950415221049,0.6129813329265346,-0.1399711994794718,-1.8457049029212595,1.000116412316283,-0.1682084481374103,-0.0093011666671462,0.6876849397127831,-0.1305846375599525,0.0931448373144652,0.1965804839448126,0.0931448373144652,-0.0791413141184694,-0.2730866066364132,-0.4572444368663248,0.6299046699224384,0.514819675081733,0.3315094021268154,0.3961121933896049,0.0186031380810724,0.2490274894100126,0.5523552129489121,0.0,-0.1634935259298645,0.525468011519798,-0.962482977182896,0.0931448373144652,-0.504229396049854,-0.6412876570233803,-1.1766578532028555,-0.0186031380810724,0.023254677171407,1.2146757214668782,-0.0698144159426548,0.0511780111120515,-0.5254680115197978,-0.8910305119824391,0.7234755745418949,-0.0558351934681735,0.2827539046344999,-0.2060719695833272,-0.3413520209215255,0.5308145305532521,-0.3661063568005696,-0.3119190548203253,0.5577802741991821,0.8044272335589819,-0.6129813329265346,1.031275009879428,0.1071666508459588,-1.7519793109683373,-0.7417216005233308,-1.031275009879428,-0.4011472862273942,0.0698144159426549,0.009301166667146,-0.0698144159426548,0.6129813329265346,0.381066386264334,0.3561785367094661,-0.1118451385279671,-0.6017961577614439,-1.871870730867245
GTEX-13CF2,1.7739779942235527,-0.4572444368663248,1.84570490292126,-1.0883562937618656,0.9478060492911886,1.7739779942235527,0.4989554619580166,1.1492235271996152,-0.0511780111120515,0.5523552129489121,-0.4418094672275395,-0.0325593658056133,-1.131404276971706,-0.3070404075144982,0.8044272335589819,-1.023392193391521,1.2343603801814165,-0.2251116819514788,-0.664307523893006,0.7356124152439232,-0.514819675081733,-0.4779959870785905,0.8569623777792261,-1.5679914964717907,-1.0392224351527355,1.1492235271996152,-1.388054028556375,-0.1776496307692544,0.8369913991407895,-0.6412876570233803,0.467595041522105,-0.4675950415221049,-0.8436109784655275,-0.1352764286523604,0.681805760846509,-0.7852926508502125,0.7114443807664012,-0.977370221692195,0.6585199505483372,-1.3759692008680076,-0.1540744667957508,2.6016947511653696,-0.0604935871747794,0.4163143916073593,-0.0744770551717116,1.1582715276653734,-0.4989554619580166,0.3760703934941728,-0.2346617948613114,-0.0046505330426104,1.5073326312512036,0.7417216005233305,0.3021690572528446,-1.4128513252897623,0.7417216005233305,1.2050075920152503,0.7602179716124496,-1.3640820484975271,-0.2346617948613114,0.8436109784655275,-1.2343603801814165,1.388054028556374,0.2634447638039344
GTEX-13CIG,1.3640820484975271,-1.9918985578978008,1.0634684328718786,0.187106675327825,1.023392193391522,0.65275435145221,1.438549182645292,0.5308145305532521,1.5369552544493164,1.400345043136658,-1.9284165128950652,0.3413520209215255,-0.8636956533670372,0.1918414273303961,0.65275435145221,-1.9591709979048224,0.6876849397127831,-1.7519793109683373,-1.61758811796741,0.8910305119824391,-2.255232508842998,-0.7540238855634623,0.3315094021268154,-0.2779170089683694,-0.5361762663658064,0.9405436406054154,-0.8436109784655275,-0.1823761141706537,0.5577802741991821,1.9591709979048224,1.82074492261502,-1.9591709979048224,1.031275009879428,-3.112470178603051,0.8772811433566338,-2.3187579709778325,-0.1587822354845152,0.2924477009350161,0.4366879596755643,-0.4469425897337917,0.7916386077433746,0.8979687192568956,-1.5679914964717907,1.3408692908803477,0.7540238855634623,-2.10546945092069,-1.2648170437118496,1.2964944386804569,0.3512278212462599,0.4520875158696414,0.8044272335589819,0.955118795069792,1.1766578532028555,-1.340869290880347,0.7114443807664012,0.4163143916073593,0.9190479335937772,0.1634935259298645,-1.82074492261502,0.5577802741991821,-2.255232508842998,0.4572444368663246,0.4112482139938643
GTEX-13CZU,-1.2244587432783245,1.6530030581052302,-1.7307972047605154,0.9848956614915162,-1.871870730867245,-0.0046505330426104,-0.4011472862273942,-1.9918985578978008,-0.3512278212462601,-0.4936953696832038,0.6759500545663616,0.3364266374948573,1.5840930675378757,-0.4418094672275395,-0.6818057608465092,1.1139372153566884,-0.4469425897337917,0.7664413630494566,0.0325593658056133,-1.3759692008680076,0.7980166062079388,1.7307972047605154,1.412851325289763,0.6701174349839331,1.3183573694113604,-1.5840930675378757,0.5632218016027939,0.8436109784655275,-0.514819675081733,-0.1352764286523604,-0.4989554619580166,0.3462856993426961,0.467595041522105,2.4841252247073147,-0.2682625678197609,0.3561785367094661,-0.596231764610585,0.2682625678197607,-2.6016947511653714,0.810871091550414,-1.5219770060190867,-1.9284165128950652,1.0883562937618656,-1.3640820484975271,-1.5679914964717907,1.6906216295848986,1.6175881179674108,-0.7295305620669889,0.0325593658056133,0.9190479335937772,0.4213912770678051,-0.7726945818405243,-0.8772811433566338,0.6876849397127831,-1.6530030581052302,-1.340869290880347,-0.4163143916073592,-0.8044272335589816,1.7968702837153605,0.7726945818405243,1.6175881179674108,0.2203443680265389,0.9405436406054154
GTEX-13CZV,0.8369913991407895,-0.0372127170621942,0.9848956614915162,-1.3295291071787323,0.9698997294331956,0.1918414273303961,0.9405436406054154,0.9478060492911886,-0.0372127170621942,1.224458743278325,-0.1587822354845152,0.8636956533670372,-1.82074492261502,0.4520875158696414,0.3315094021268154,-1.1860019705320748,0.5308145305532521,-0.0186031380810724,0.525468011519798,-0.4163143916073592,-2.484125224707312,-0.5632218016027938,-0.8238609817031132,-0.1918414273303961,-0.2827539046344998,-0.65275435145221,0.4779959870785905,0.1918414273303961,0.2298841175792322,0.546946359787327,1.0799859809506631,0.2108246297118815,1.1053298282224615,-0.884134934875026,0.5686800575348554,-0.7478585947633022,-2.3187579709778325,1.1053298282224615,0.8304082942029329,0.5042293960498542,0.6355858691140571,1.2648170437118502,-0.3961121933896049,0.0325593658056133,-0.6186027229558672,-0.8910305119824391,-2.255232508842998,0.201323959635,0.3315094021268154,0.6643075238930058,0.2490274894100126,-0.5523552129489121,0.8238609817031132,-0.5741553087945971,0.9848956614915162,-0.2013239596350001,0.3462856993426961,-0.7664413630494566,-0.5308145305532522,0.2682625678197607,-0.8044272335589816,-1.275234241104605,-2.3932998646116794
GTEX-13FHO,2.0269100347915936,-0.6701174349839331,1.224458743278325,-1.2343603801814165,1.0634684328718786,2.6016947511653696,0.1258957192703828,2.199684129871479,1.1053298282224615,-0.220344368026539,-0.6470103701484196,-0.0046505330426104,1.1582715276653734,-1.0078143423127026,1.1582715276653734,0.9190479335937772,0.4989554619580166,-0.4264790471503241,-0.7664413630494566,0.6643075238930058,-0.1540744667957508,-0.1258957192703828,1.0634684328718786,-0.977370221692195,-0.0232546771714069,0.8910305119824391,0.1918414273303961,1.7739779942235527,0.5095173924720495,-1.9284165128950652,-0.2634447638039343,-0.7234755745418949,0.2538273506747331,0.1212095673006741,1.6006161338119125,-0.4163143916073592,-0.2730866066364132,0.9119765235615476,-0.6073792467767407,-1.3523845818311535,-1.4930045626254098,2.0269100347915936,-0.2973048669834489,-0.3760703934941728,-1.5522864776181842,0.8304082942029329,0.2155820567040674,-0.2875974245860253,0.8173487968777844,-0.220344368026539,1.3073477923443682,0.3021690572528446,-0.0838072954543562,0.6995152985526999,1.82074492261502,1.7519793109683377,-0.0465219385151119,-2.255232508842998,0.1823761141706538,0.1258957192703828,-0.9261656018472316,0.4418094672275395,-0.1965804839448126
GTEX-13FHP,0.4884489019738812,-1.0155724616555522,0.1071666508459588,1.3523845818311528,0.4061925696666297,0.977370221692195,0.520136471164208,0.32660016939701,1.4789766045652544,0.0418668742548894,-0.962482977182896,-0.5308145305532522,-0.229884117579232,-0.9924772957033684,1.2545353222880942,-0.4572444368663248,0.1352764286523606,-0.7980166062079388,-1.3640820484975271,0.3462856993426961,-1.1492235271996152,-0.229884117579232,-0.0511780111120515,0.1493701104165828,0.0838072954543562,1.7519793109683377,-0.1729271126904469,-0.1540744667957508,0.8502677319367892,1.1053298282224615,0.0978166045653749,-1.6715166841106104,1.1314042769717068,-2.1501937961635003,1.400345043136658,-1.4255825774365014,-0.1540744667957508,0.1024905076914515,0.2155820567040674,-0.3661063568005696,1.521977006019087,0.5523552129489121,-0.6470103701484196,0.4213912770678051,0.4884489019738812,-1.5522864776181842,0.1587822354845152,0.9848956614915162,-0.1729271126904469,-0.520136471164208,0.4366879596755643,0.596231764610585,0.7174469963041701,-1.4255825774365014,0.525468011519798,0.7664413630494566,1.7519793109683377,0.7726945818405243,-1.899384692461367,0.2538273506747331,-1.0883562937618656,0.8173487968777844,1.023392193391522
GTEX-13FLV,-0.4011472862273942,1.1314042769717068,-0.107166650845959,-0.6186027229558672,0.3611379974371059,-1.1139372153566884,-1.0392224351527355,-0.1305846375599525,-1.167415358726977,-0.884134934875026,1.3523845818311528,-0.8910305119824391,-0.1682084481374103,0.3611379974371059,-1.140268643894193,-1.275234241104605,-0.2586330669514177,1.7103643678208365,0.7234755745418949,-0.462413546573279,0.9405436406054154,0.9478060492911886,0.5095173924720495,0.0744770551717114,0.8502677319367892,0.3710837698778,-0.107166650845959,-1.7103643678208365,-1.0883562937618656,-0.1446690574398205,-0.5577802741991821,0.2155820567040674,0.7916386077433746,-0.0884751021146149,-0.6585199505483369,0.1352764286523606,-0.5906857713824718,0.2779170089683694,-0.664307523893006,0.1399711994794717,-0.229884117579232,-0.0651532940076319,1.438549182645292,-0.3021690572528447,0.0046505330426105,0.0791413141184694,1.1402686438941925,-1.0634684328718786,0.65275435145221,0.6186027229558674,-0.5741553087945971,-0.3710837698778002,-0.8304082942029333,-0.2779170089683694,-0.0698144159426548,-0.962482977182896,-0.4418094672275395,-0.0791413141184694,1.4789766045652544,-0.2779170089683694,1.023392193391522,-2.1501937961635003,-0.6818057608465092
GTEX-13FLW,0.2203443680265389,-0.9405436406054154,-0.2538273506747333,-0.4936953696832038,0.8436109784655275,0.8238609817031132,0.5741553087945971,1.3759692008680082,-0.1399711994794718,0.7234755745418949,-1.4128513252897623,-0.9119765235615476,0.0604935871747794,-0.6299046699224384,1.3183573694113604,0.2538273506747331,-1.0472360474261069,-1.2146757214668782,-1.2964944386804564,0.9261656018472316,-1.0392224351527355,0.1823761141706538,0.4520875158696414,-0.933330502902325,0.462413546573279,1.3640820484975271,0.2298841175792322,1.3408692908803477,1.3408692908803477,-0.4727891209922674,0.3512278212462599,-0.7295305620669889,0.3364266374948573,-0.6129813329265346,0.1352764286523606,0.7174469963041701,0.2108246297118815,0.3760703934941728,1.1492235271996152,-0.1965804839448126,0.3561785367094661,0.6876849397127831,-1.0799859809506631,-0.9261656018472316,-0.2251116819514788,-0.1587822354845152,-0.2682625678197609,0.2827539046344999,0.2538273506747331,-1.0078143423127026,0.3910871229289391,0.3611379974371059,-0.1258957192703828,0.4832158447606152,0.5415534608499961,1.0472360474261069,-0.0744770551717116,-0.4213912770678052,-0.3315094021268153,-0.1493701104165827,-1.2050075920152503,-0.1305846375599525,0.9190479335937772
GTEX-13FTW,0.1071666508459588,2.105469450920689,-0.1258957192703828,-0.1729271126904469,-1.6006161338119125,-0.4520875158696413,-1.9918985578978008,0.1352764286523606,-0.6759500545663616,-2.3187579709778325,1.0716906581760843,0.1682084481374105,1.899384692461367,-0.3860719086350268,-0.4989554619580166,0.6643075238930058,-0.6129813329265346,0.6017961577614437,-1.131404276971706,1.1582715276653734,0.8436109784655275,1.521977006019087,-0.0279067194760659,0.3710837698778,0.8304082942029329,-0.7054672908207708,0.4213912770678051,-0.2013239596350001,-0.904950425274544,-0.5361762663658064,-1.9591709979048224,-0.5095173924720496,0.3070404075144982,1.9918985578978008,-0.6759500545663616,0.514819675081733,-0.6935879849651033,0.3512278212462599,-1.82074492261502,0.0838072954543562,-1.2545353222880942,-0.4418094672275395,0.8044272335589819,-0.0511780111120515,-0.2013239596350001,0.7540238855634623,1.635039266801711,-0.5741553087945971,-0.7356124152439232,0.2730866066364132,0.1399711994794717,-0.0093011666671462,-0.7174469963041701,1.3759692008680082,-0.2730866066364132,-0.2442333585910436,-2.484125224707312,-1.0553174817566977,1.6175881179674108,0.1634935259298645,1.84570490292126,-0.5686800575348554,0.2155820567040674
GTEX-13FXS,0.1682084481374105,-0.1446690574398205,-0.0093011666671462,-0.7174469963041701,-0.65275435145221,-0.2875974245860253,0.6935879849651033,0.1071666508459588,0.201323959635,0.8502677319367892,-1.2964944386804564,0.7726945818405243,0.7852926508502123,0.6186027229558674,1.899384692461367,0.884134934875026,-1.0968035620935137,-0.65275435145221,0.6299046699224384,0.2924477009350161,-0.4469425897337917,0.0558351934681737,-1.2648170437118496,-1.275234241104605,-0.1493701104165827,-0.1024905076914514,0.2586330669514177,1.0155724616555522,1.7968702837153605,1.2648170437118502,1.0883562937618656,0.4418094672275395,1.4517622707385982,-0.8910305119824391,-0.1540744667957508,0.6242437292362808,-1.3640820484975271,0.467595041522105,-1.5840930675378757,-1.140268643894193,1.0392224351527355,0.8173487968777844,-0.9698997294331952,0.5095173924720495,-1.2964944386804564,-0.962482977182896,-1.3523845818311535,1.635039266801711,-1.1766578532028555,-0.904950425274544,0.6995152985526999,-0.7234755745418949,1.7519793109683377,0.0884751021146148,0.8979687192568956,0.1682084481374105,0.2875974245860253,-0.9698997294331952,-0.4884489019738811,0.525468011519798,-0.3021690572528447,-0.4366879596755644,-0.5095173924720496
GTEX-13G51,-0.0604935871747794,-1.167415358726977,0.009301166667146,0.5906857713824718,0.8704683159405441,-0.2634447638039343,0.3910871229289391,-0.0093011666671462,0.3216987953648042,0.4163143916073593,-0.1118451385279671,-1.1766578532028555,-0.8569623777792261,0.0558351934681737,0.7054672908207708,-0.9924772957033684,0.1024905076914515,-0.3119190548203253,0.1682084481374105,-1.4255825774365014,-0.5906857713824718,0.5686800575348554,0.4213912770678051,-0.107166650845959,0.4418094672275395,0.2682625678197607,-0.6186027229558672,-0.7916386077433746,0.8436109784655275,-0.0046505330426104,0.3561785367094661,-0.0978166045653749,-0.7789781621703243,-0.3021690572528447,-0.0884751021146149,-0.2060719695833272,1.0716906581760843,-0.8369913991407895,1.1766578532028555,0.1682084481374105,0.7234755745418949,0.1305846375599525,-0.8173487968777844,0.2586330669514177,1.0799859809506631,-0.7980166062079388,0.1352764286523606,0.5741553087945971,-0.0046505330426104,-1.3073477923443677,-0.2973048669834489,0.3364266374948573,-0.8910305119824391,0.2586330669514177,-0.6129813329265346,-0.2394448346237824,0.0,1.2545353222880942,-0.462413546573279,-0.9119765235615476,-0.0279067194760659,0.0838072954543562,0.4832158447606152
GTEX-13IVO,2.199684129871479,-0.4675950415221049,-0.0884751021146149,-1.0968035620935137,1.1402686438941925,2.0269100347915936,-0.1965804839448126,0.0186031380810724,3.112470178603064,-0.1634935259298645,-0.4469425897337917,-0.0418668742548895,0.6643075238930058,-0.8704683159405441,2.3932998646116808,-0.2394448346237824,-0.107166650845959,-0.229884117579232,-0.8173487968777844,-1.0553174817566977,-0.5254680115197978,-0.7916386077433746,1.6906216295848986,-1.5840930675378757,-0.6129813329265346,2.772318040028347,-1.4003450431366584,0.8704683159405441,1.465233792685523,0.7664413630494566,0.6701174349839331,-1.140268643894193,1.3295291071787323,-1.438549182645292,3.112470178603064,-0.7916386077433746,0.0884751021146148,-0.3168051375343428,-0.4315778808977973,-1.388054028556375,1.1860019705320748,1.3073477923443682,-0.0651532940076319,1.9918985578978008,0.1212095673006741,-1.0968035620935137,-0.504229396049854,1.7739779942235527,-0.7852926508502125,-0.0093011666671462,1.5522864776181842,1.0883562937618656,0.0,-0.514819675081733,0.2973048669834491,1.84570490292126,2.318757970977832,-0.3710837698778002,-1.5219770060190867,-0.2346617948613114,-1.2443845388232115,1.3759692008680082,0.8704683159405441
GTEX-13JVG,0.3860719086350267,-1.4789766045652544,2.3932998646116808,-1.0553174817566977,1.9918985578978008,0.7234755745418949,-1.0634684328718786,1.4255825774365014,-0.7664413630494566,-0.2251116819514788,-1.388054028556375,-0.4469425897337917,0.3512278212462599,-2.6016947511653714,0.1212095673006741,0.681805760846509,1.2443845388232115,-1.195450804572871,-1.7307972047605154,-0.6995152985526998,-1.6906216295848977,0.4418094672275395,-0.850267731936789,0.0931448373144652,-0.0325593658056133,1.928416512895066,1.1226279320577794,1.4930045626254098,-0.1871066753278251,0.7916386077433746,-0.4936953696832038,-2.199684129871477,2.2552325088429965,-1.4003450431366584,0.1118451385279671,-1.7103643678208365,0.1540744667957507,1.3523845818311528,1.0716906581760843,0.1918414273303961,0.8636956533670372,2.772318040028347,-1.0634684328718786,-0.8173487968777844,-0.0325593658056133,-0.2490274894100124,-0.9478060492911888,0.1682084481374105,0.5906857713824718,0.962482977182896,2.1501937961635003,1.7103643678208365,1.6715166841106104,-0.8044272335589816,1.9591709979048224,1.4930045626254098,0.4884489019738812,-0.1965804839448126,-0.6073792467767407,1.1674153587269775,-1.9284165128950652,0.7174469963041701,0.0465219385151119
GTEX-13N1W,0.3119190548203253,-0.7054672908207708,0.3661063568005698,0.1399711994794717,-0.5632218016027938,-1.031275009879428,0.7054672908207708,0.514819675081733,0.1823761141706538,0.65275435145221,-1.0799859809506631,0.201323959635,-0.0279067194760659,0.1729271126904469,1.2146757214668782,0.3710837698778,-1.0553174817566977,-0.9261656018472316,0.546946359787327,-0.0978166045653749,-0.3561785367094661,0.1965804839448126,-1.8457049029212595,-0.4213912770678052,-0.5686800575348554,-0.2924477009350161,1.031275009879428,0.2538273506747331,1.6906216295848986,0.3910871229289391,0.6876849397127831,-0.1024905076914514,0.6935879849651033,-0.4989554619580166,0.1446690574398205,0.8173487968777844,-1.7307972047605154,0.6759500545663616,0.2346617948613113,-0.624243729236281,0.6643075238930058,0.933330502902325,-0.7852926508502125,-0.0093011666671462,-0.7417216005233308,-1.1492235271996152,0.6355858691140571,1.0634684328718786,-1.0155724616555522,-0.2490274894100124,-0.6186027229558672,0.0325593658056133,0.7852926508502123,-0.3710837698778002,1.0155724616555522,-0.1682084481374103,-0.0325593658056133,-0.6412876570233803,-0.6299046699224384,0.3661063568005698,-0.3661063568005696,-0.2013239596350001,-0.2973048669834489
GTEX-13N2G,0.904950425274544,0.2586330669514177,-0.1305846375599525,0.1118451385279671,0.0279067194760658,0.8636956533670372,1.1402686438941925,0.2730866066364132,0.1965804839448126,1.0716906581760843,0.1540744667957507,-0.7789781621703243,-2.3932998646116794,0.0465219385151119,0.8436109784655275,-1.2545353222880942,-0.8173487968777844,0.3512278212462599,1.7968702837153605,-0.32660016939701,-0.2346617948613114,-0.8772811433566338,-0.1682084481374103,0.0884751021146148,0.0791413141184694,-0.1446690574398205,-0.6585199505483369,-0.229884117579232,0.9190479335937772,-0.850267731936789,0.4418094672275395,1.2343603801814165,-0.955118795069792,0.1776496307692544,0.6759500545663616,-1.1582715276653734,0.8772811433566338,-0.5308145305532522,0.7417216005233305,-0.0232546771714069,-0.9848956614915162,-0.0931448373144652,-0.4469425897337917,-1.1492235271996152,-1.0716906581760843,-0.3661063568005696,-0.4112482139938643,0.4779959870785905,-1.0799859809506631,-0.8369913991407895,0.0744770551717114,1.5073326312512036,-0.7980166062079388,-0.7540238855634623,0.0186031380810724,0.810871091550414,0.5632218016027939,-1.1053298282224613,0.5632218016027939,-1.6715166841106104,0.1024905076914515,0.2682625678197607,0.6643075238930058
GTEX-13NYB,0.520136471164208,-1.6006161338119125,0.2634447638039344,0.4727891209922672,-0.1587822354845152,1.0078143423127026,0.6073792467767407,-0.3561785367094661,2.2552325088429965,0.0465219385151119,-1.5219770060190867,0.9478060492911886,1.6175881179674108,-0.7789781621703243,1.5679914964717907,0.1165260755991407,-1.2857916935144202,-1.3295291071787323,-1.82074492261502,-1.6715166841106104,-1.871870730867245,-0.0698144159426548,-1.6530030581052302,-0.4264790471503241,-1.5522864776181842,1.023392193391522,0.7664413630494566,0.8304082942029329,0.4163143916073593,2.2552325088429965,0.5577802741991821,-2.255232508842998,1.4789766045652544,-0.7852926508502125,1.4930045626254098,-0.3512278212462601,-0.904950425274544,0.5308145305532521,-1.3295291071787323,-0.6876849397127831,1.2343603801814165,0.3168051375343427,-1.195450804572871,1.2857916935144202,0.3462856993426961,-0.7356124152439232,-1.5522864776181842,1.9591709979048224,-1.1492235271996152,0.5632218016027939,1.2343603801814165,0.8704683159405441,1.465233792685523,-0.6299046699224384,1.0634684328718786,0.4884489019738812,1.5369552544493164,-0.2779170089683694,-0.9698997294331952,1.1492235271996152,-0.7054672908207708,0.3512278212462599,-0.4213912770678052
GTEX-13NYC,1.5679914964717907,-1.0078143423127026,1.031275009879428,-1.2146757214668782,1.6530030581052302,1.5369552544493164,0.1729271126904469,1.3295291071787323,1.2752342411046045,-0.1682084481374103,-0.955118795069792,1.2648170437118502,0.0511780111120515,-1.140268643894193,0.6129813329265346,0.0838072954543562,0.6355858691140571,-0.7916386077433746,-1.3523845818311535,0.1446690574398205,-1.140268643894193,-0.1965804839448126,1.031275009879428,-1.7519793109683373,-1.61758811796741,1.6715166841106104,0.7540238855634623,0.810871091550414,-0.7602179716124495,0.467595041522105,0.1399711994794717,-1.2964944386804564,1.3523845818311528,-0.8044272335589816,0.8436109784655275,-1.0001164123162831,0.5308145305532521,0.7789781621703243,0.7602179716124496,-1.6006161338119125,0.9924772957033684,2.3932998646116808,-0.6412876570233803,0.8044272335589819,0.4366879596755643,-0.4572444368663248,-1.023392193391521,0.7602179716124496,0.0511780111120515,0.3315094021268154,1.1139372153566884,0.65275435145221,0.4727891209922672,-0.8910305119824391,0.810871091550414,1.2343603801814165,0.525468011519798,0.381066386264334,-0.977370221692195,0.0744770551717114,-1.5219770060190867,0.4163143916073593,-0.1305846375599525
GTEX-13NYS,1.8718707308672449,0.1118451385279671,0.6585199505483372,-2.199684129871477,0.2779170089683694,1.7519793109683377,0.0604935871747794,0.955118795069792,2.105469450920689,0.0372127170621943,-1.7307972047605154,0.381066386264334,1.0883562937618656,-0.7114443807664012,1.5369552544493164,0.2251116819514788,0.1258957192703828,-1.5369552544493164,-2.1501937961635003,0.5095173924720495,-0.1776496307692544,-0.0744770551717116,-0.3760703934941728,-1.2964944386804564,-0.7602179716124495,1.0155724616555522,-0.1024905076914514,-0.0791413141184694,1.1402686438941925,0.3512278212462599,0.009301166667146,-2.3932998646116794,0.5577802741991821,-0.2538273506747333,2.0269100347915936,0.2203443680265389,-0.7295305620669889,0.5523552129489121,-0.0791413141184694,-0.8569623777792261,0.1776496307692544,1.6906216295848986,-1.4128513252897623,0.8238609817031132,-0.5523552129489121,0.933330502902325,-1.1860019705320748,1.1402686438941925,-1.0716906581760843,0.6355858691140571,0.1493701104165828,0.681805760846509,0.4315778808977973,1.1492235271996152,0.8910305119824391,0.7602179716124496,1.031275009879428,-1.9284165128950652,-0.5415534608499959,-0.5577802741991821,-1.1492235271996152,0.5095173924720495,-0.1352764286523604
GTEX-13NZ9,0.8044272335589819,-1.6715166841106104,-0.2251116819514788,0.4315778808977973,0.7852926508502123,1.465233792685523,-0.6412876570233803,0.8369913991407895,1.1766578532028555,-0.1729271126904469,-1.5679914964717907,-1.0472360474261069,0.8436109784655275,-0.8772811433566338,0.4936953696832036,0.8044272335589819,-0.1634935259298645,-1.4128513252897623,-1.899384692461367,0.8979687192568956,-1.1582715276653734,0.0418668742548894,0.4936953696832036,0.381066386264334,0.381066386264334,1.4930045626254098,-0.5851578873218707,-0.4163143916073592,0.4213912770678051,-0.514819675081733,-0.1682084481374103,-1.6906216295848977,0.0279067194760658,-0.1871066753278251,1.6715166841106104,0.3611379974371059,1.2343603801814165,-0.1118451385279671,1.438549182645292,0.0604935871747794,-0.2875974245860253,0.2442333585910436,-1.2545353222880942,-0.7664413630494566,-0.4832158447606152,-0.4112482139938643,0.381066386264334,0.0511780111120515,0.0838072954543562,-0.5308145305532522,-0.4884489019738811,1.8718707308672449,-0.462413546573279,0.5095173924720495,0.9190479335937772,1.2857916935144202,1.1492235271996152,-0.1024905076914514,-0.520136471164208,-1.2648170437118496,-0.6129813329265346,0.7417216005233305,1.400345043136658
GTEX-13NZA,1.1582715276653734,-0.8704683159405441,1.1139372153566884,0.1305846375599525,-0.1493701104165827,0.2251116819514788,1.3640820484975271,-0.0418668742548895,0.0,1.4517622707385982,-0.1729271126904469,-2.7723180400283463,-1.2343603801814165,1.3759692008680082,0.3961121933896049,-1.5522864776181842,-0.6470103701484196,-0.1965804839448126,1.6175881179674108,0.0511780111120515,-0.1399711994794718,-0.514819675081733,-0.664307523893006,-0.3561785367094661,-0.4675950415221049,0.1493701104165828,-0.3512278212462601,-0.8304082942029333,0.6759500545663616,0.6073792467767407,1.0716906581760843,1.4930045626254098,-0.3661063568005696,-0.664307523893006,0.2155820567040674,-0.8173487968777844,-0.0698144159426548,-0.4989554619580166,-0.0279067194760659,-0.7789781621703243,0.3070404075144982,0.65275435145221,-2.1501937961635003,0.3462856993426961,-0.1776496307692544,-0.596231764610585,-0.1446690574398205,0.4469425897337917,-0.8044272335589816,-2.7723180400283463,-0.3413520209215255,1.3073477923443682,0.5361762663658064,-0.904950425274544,0.4989554619580166,0.3021690572528446,0.1165260755991407,-1.0968035620935137,-0.1729271126904469,-0.7054672908207708,-0.3810663862643338,0.2730866066364132,0.3710837698778
GTEX-13NZB,-0.0838072954543562,-2.10546945092069,0.6643075238930058,-2.484125224707312,0.520136471164208,0.2442333585910436,0.3168051375343427,0.2538273506747331,-0.1776496307692544,0.525468011519798,-0.0511780111120515,1.7739779942235527,-0.32660016939701,0.6129813329265346,-0.4163143916073592,0.5042293960498542,1.1674153587269775,0.0418668742548894,0.3611379974371059,0.1212095673006741,-1.6350392668017106,-0.3119190548203253,0.3413520209215255,-0.0232546771714069,-0.1776496307692544,-0.8569623777792261,0.9478060492911886,0.2779170089683694,-0.2682625678197609,0.4779959870785905,0.3611379974371059,0.4572444368663246,0.8502677319367892,-0.955118795069792,-0.2490274894100124,-0.2924477009350161,-0.4163143916073592,0.977370221692195,0.0978166045653749,-0.0651532940076319,-0.0372127170621942,-0.0418668742548895,-1.7739779942235536,0.2682625678197607,0.5361762663658064,-0.229884117579232,-0.3315094021268153,-0.3512278212462601,0.8304082942029329,0.8238609817031132,0.1587822354845152,-0.9478060492911888,0.023254677171407,-1.1766578532028555,0.0139520014707611,0.0372127170621943,-0.2394448346237824,0.2875974245860253,-0.3070404075144982,0.6701174349839331,-0.3910871229289391,-0.1493701104165827,-1.3523845818311535
GTEX-13O1R,-0.2060719695833272,0.5095173924720495,-0.0698144159426548,-0.0884751021146149,-0.2155820567040673,-0.1024905076914514,-0.3760703934941728,-0.2013239596350001,-0.5415534608499959,-1.0392224351527355,0.5686800575348554,-0.6073792467767407,-0.2155820567040673,0.2394448346237824,-0.1871066753278251,-1.1582715276653734,0.2203443680265389,0.3070404075144982,-0.0931448373144652,0.6242437292362808,0.4469425897337917,1.000116412316283,0.0744770551717114,0.4936953696832036,0.6759500545663616,-0.1305846375599525,-0.884134934875026,-0.5796478267226205,0.2779170089683694,-0.2442333585910436,-0.4469425897337917,-0.107166650845959,-1.2244587432783245,0.933330502902325,-0.3315094021268153,0.7295305620669889,0.4213912770678051,-2.0645981446801454,1.4255825774365014,0.009301166667146,0.3860719086350267,0.596231764610585,0.3512278212462599,0.1587822354845152,1.1226279320577794,0.5095173924720495,0.6585199505483372,-0.0139520014707611,-0.904950425274544,-0.624243729236281,0.3512278212462599,-0.0325593658056133,-0.8569623777792261,0.9698997294331956,-0.4675950415221049,-0.933330502902325,-0.4112482139938643,-0.0186031380810724,0.4213912770678051,-1.61758811796741,0.6017961577614437,-1.195450804572871,-0.107166650845959
GTEX-13O21,0.7114443807664012,-0.3810663862643338,1.1582715276653734,-1.1582715276653734,0.3910871229289391,1.1314042769717068,-0.2730866066364132,1.9918985578978008,-0.7234755745418949,-0.6073792467767407,-0.0046505330426104,0.7114443807664012,1.412851325289763,-0.3315094021268153,-1.195450804572871,1.84570490292126,-0.1682084481374103,-0.3216987953648042,-0.5254680115197978,0.7417216005233305,0.1587822354845152,0.6585199505483372,-0.2973048669834489,1.6715166841106104,1.6906216295848986,-0.4832158447606152,1.023392193391522,1.2146757214668782,-0.5796478267226205,-1.7307972047605154,-0.7852926508502125,-0.1871066753278251,-0.514819675081733,0.5095173924720495,-0.4469425897337917,-0.1352764286523604,-1.5219770060190867,1.3295291071787323,1.7968702837153605,1.84570490292126,-1.6715166841106104,0.514819675081733,-0.1634935259298645,-1.7739779942235536,-1.7103643678208365,0.381066386264334,1.3073477923443682,-1.6906216295848977,0.3561785367094661,-0.0791413141184694,1.1766578532028555,-0.4366879596755644,0.7417216005233305,1.0155724616555522,2.105469450920689,0.6186027229558674,-0.6017961577614439,-1.3295291071787323,0.4264790471503241,0.955118795069792,-0.5254680115197978,-0.0558351934681735,-1.6715166841106104
GTEX-13O3Q,1.2648170437118502,-1.340869290880347,1.6715166841106104,-0.8238609817031132,0.3364266374948573,1.0155724616555522,2.2552325088429965,0.8044272335589819,-0.0604935871747794,1.8718707308672449,-1.2545353222880942,1.928416512895066,-0.1446690574398205,0.546946359787327,0.2251116819514788,-0.0046505330426104,1.0634684328718786,-1.0883562937618656,-1.2343603801814165,-0.933330502902325,-1.5219770060190867,-1.8457049029212595,-0.4163143916073592,0.0,-0.6935879849651033,0.1682084481374105,0.8979687192568956,-0.1258957192703828,-0.0186031380810724,1.2545353222880942,1.412851325289763,-1.5219770060190867,0.8436109784655275,-2.6016947511653714,0.5577802741991821,-1.2146757214668782,-1.5522864776181842,1.1492235271996152,0.5851578873218706,0.0046505330426105,1.0799859809506631,1.4789766045652544,-0.933330502902325,0.7478585947633022,0.9261656018472316,-0.4366879596755644,-0.8569623777792261,0.2442333585910436,-0.0232546771714069,-0.3611379974371059,1.2648170437118502,0.1118451385279671,0.933330502902325,-0.7174469963041701,0.8636956533670372,0.381066386264334,-0.0186031380810724,-0.624243729236281,-0.8772811433566338,0.8704683159405441,-2.3187579709778325,0.1682084481374105,-0.4727891209922674
GTEX-13O61,1.0078143423127026,1.438549182645292,0.3315094021268154,0.1823761141706538,-0.4572444368663248,0.2346617948613113,-0.3561785367094661,-0.5469463597873272,-0.514819675081733,-0.6995152985526998,0.6242437292362808,-0.2155820567040673,1.465233792685523,-0.3710837698778002,-0.3070404075144982,0.962482977182896,0.3910871229289391,0.2586330669514177,-0.7540238855634623,0.933330502902325,0.9190479335937772,0.3119190548203253,1.521977006019087,-0.1871066753278251,-0.3611379974371059,-0.2490274894100124,-1.6006161338119125,0.1823761141706538,-0.0978166045653749,-0.7114443807664012,-0.8704683159405441,-1.3183573694113604,-2.3932998646116794,2.199684129871479,-1.0078143423127026,1.0799859809506631,1.6175881179674108,-2.026910034791593,-0.0604935871747794,0.2634447638039344,-0.6701174349839331,-0.3760703934941728,0.7234755745418949,0.5415534608499961,0.6186027229558674,1.7103643678208365,0.6470103701484196,-0.3611379974371059,-0.3611379974371059,-0.2108246297118815,0.9478060492911886,1.7739779942235527,-1.131404276971706,1.224458743278325,-1.9918985578978008,0.2730866066364132,-0.810871091550414,-0.5851578873218707,1.7307972047605154,-2.026910034791593,1.2443845388232115,0.4366879596755643,1.521977006019087
GTEX-13OVH,0.3961121933896049,-0.3070404075144982,2.199684129871479,-1.0799859809506631,1.3408692908803477,-0.1918414273303961,0.0372127170621943,0.7054672908207708,-0.2490274894100124,0.2730866066364132,-0.0558351934681735,1.1139372153566884,-0.6412876570233803,0.2442333585910436,-0.3315094021268153,-1.1492235271996152,1.6530030581052302,-0.0838072954543562,-0.3364266374948575,1.000116412316283,-0.1965804839448126,-0.6470103701484196,-0.229884117579232,1.1766578532028555,-0.65275435145221,-0.5361762663658064,-0.0884751021146149,0.1071666508459588,-0.2346617948613114,-0.3710837698778002,0.3710837698778,-0.2730866066364132,1.1402686438941925,-0.1212095673006743,-0.3910871229289391,-1.82074492261502,-1.2648170437118496,1.2545353222880942,1.0799859809506631,0.546946359787327,-0.2490274894100124,1.0472360474261069,-0.5851578873218707,0.32660016939701,1.5073326312512036,-0.1540744667957508,-0.0139520014707611,-0.3561785367094661,0.7664413630494566,-1.0716906581760843,0.933330502902325,-0.904950425274544,0.3611379974371059,0.2060719695833272,0.884134934875026,-0.4061925696666297,-0.4213912770678052,-0.3661063568005696,-0.2779170089683694,0.0372127170621943,-0.2442333585910436,-0.65275435145221,-1.0553174817566977
GTEX-13OVK,0.0558351934681737,1.0968035620935137,-1.0392224351527355,-0.0279067194760659,0.2251116819514788,0.9924772957033684,-0.8704683159405441,1.5073326312512036,-0.65275435145221,-0.4264790471503241,0.3561785367094661,-0.7478585947633022,-0.2538273506747333,-0.0093011666671462,0.0884751021146148,1.3523845818311528,-1.4789766045652544,0.8979687192568956,1.6906216295848986,-0.6355858691140569,0.6186027229558674,-0.2973048669834489,0.6412876570233801,-1.465233792685523,-0.3413520209215255,0.5796478267226207,0.2346617948613113,0.5686800575348554,-0.3860719086350268,-0.7540238855634623,-0.2490274894100124,1.3295291071787323,-0.3168051375343428,0.467595041522105,-0.5523552129489121,-0.2394448346237824,0.4727891209922672,0.4520875158696414,-0.9261656018472316,-0.2490274894100124,-0.8369913991407895,-0.0744770551717116,0.884134934875026,-1.031275009879428,-1.4789766045652544,2.318757970977832,0.2586330669514177,-0.6017961577614439,-0.6355858691140569,0.1258957192703828,-0.1305846375599525,0.7852926508502123,-1.9591709979048224,-0.7852926508502125,0.9924772957033684,1.928416512895066,-0.3315094021268153,-1.4003450431366584,1.3640820484975271,0.381066386264334,-0.0744770551717116,1.1582715276653734,-0.2924477009350161
GTEX-13OW5,-0.1776496307692544,-1.0799859809506631,-0.9261656018472316,1.928416512895066,-0.7664413630494566,0.1352764286523606,1.3295291071787323,-1.9284165128950652,1.9591709979048224,0.5095173924720495,-1.023392193391521,-0.596231764610585,-1.2964944386804564,-0.884134934875026,1.928416512895066,-1.0472360474261069,0.0139520014707611,-0.8772811433566338,-1.0078143423127026,1.7739779942235527,-1.2443845388232115,-0.2586330669514177,-0.6759500545663616,-1.195450804572871,-0.7417216005233308,1.031275009879428,0.0186031380810724,-0.6759500545663616,1.84570490292126,1.2857916935144202,0.9478060492911886,-0.7478585947633022,-0.3119190548203253,-0.5632218016027938,1.82074492261502,-0.0325593658056133,0.1493701104165828,-1.167415358726977,-0.220344368026539,-0.3561785367094661,0.9261656018472316,-0.1024905076914514,-0.7356124152439232,0.7234755745418949,-0.1871066753278251,-0.4213912770678052,-0.3364266374948575,1.899384692461367,-0.4520875158696413,-0.6073792467767407,-2.1501937961635003,1.0553174817566977,0.6299046699224384,-0.664307523893006,-0.7664413630494566,-0.3661063568005696,3.112470178603064,-0.6073792467767407,-1.1492235271996152,-0.4418094672275395,-0.5415534608499959,2.199684129871479,2.4841252247073147
GTEX-13OW6,0.0744770551717114,0.3961121933896049,0.4727891209922672,0.5308145305532521,1.3640820484975271,0.4061925696666297,-0.8772811433566338,1.400345043136658,-0.4779959870785905,-1.167415358726977,-0.220344368026539,-1.340869290880347,0.2875974245860253,-0.7726945818405243,-0.4727891209922674,-0.0604935871747794,0.7980166062079388,-1.6906216295848977,-2.3187579709778325,-0.514819675081733,0.1634935259298645,0.2827539046344999,-0.1918414273303961,1.3295291071787323,0.7916386077433746,-0.4727891209922674,-0.2251116819514788,-0.2827539046344998,-0.5741553087945971,-0.504229396049854,-0.8173487968777844,-1.0392224351527355,0.201323959635,0.4572444368663246,-0.1165260755991406,-0.4727891209922674,0.0838072954543562,0.7174469963041701,0.9261656018472316,1.195450804572871,0.1682084481374105,0.8772811433566338,-0.1918414273303961,-0.4264790471503241,0.5415534608499961,0.525468011519798,1.1053298282224615,-0.955118795069792,1.0472360474261069,0.977370221692195,0.3216987953648042,-0.3119190548203253,-0.1634935259298645,0.4163143916073593,0.7852926508502123,-0.4469425897337917,-0.2060719695833272,0.5741553087945971,0.1258957192703828,0.1918414273303961,-0.1305846375599525,-1.1766578532028555,-0.6995152985526998
GTEX-13OW7,0.3168051375343427,-1.9284165128950652,0.2730866066364132,1.0883562937618656,-0.3168051375343428,-0.0418668742548895,1.6530030581052302,-1.1053298282224613,0.5361762663658064,1.521977006019087,0.2394448346237824,-1.3295291071787323,-0.9119765235615476,0.4832158447606152,0.6355858691140571,-1.6906216295848977,-0.4884489019738811,0.514819675081733,1.2050075920152503,-0.0698144159426548,-0.2682625678197609,-0.3710837698778002,-0.3860719086350268,-0.3611379974371059,-0.520136471164208,0.1399711994794717,-2.10546945092069,-1.0155724616555522,0.9405436406054154,0.5577802741991821,0.8910305119824391,0.7234755745418949,-1.0716906581760843,-0.2682625678197609,0.4727891209922672,-2.1501937961635003,0.596231764610585,-1.9591709979048224,0.8238609817031132,-0.2060719695833272,0.1587822354845152,0.1352764286523606,0.2442333585910436,-0.0884751021146149,-0.0838072954543562,-0.7664413630494566,-1.9284165128950652,0.7664413630494566,-0.955118795069792,-1.388054028556375,-0.8569623777792261,1.2050075920152503,-0.1165260755991406,-0.4572444368663248,-0.7602179716124495,-0.2538273506747333,0.7916386077433746,-0.4675950415221049,-0.0186031380810724,-0.462413546573279,0.1305846375599525,0.977370221692195,1.2752342411046045
GTEX-13OW8,-0.2538273506747333,-0.0093011666671462,0.2490274894100126,-0.6470103701484196,1.1053298282224615,-0.0511780111120515,0.7602179716124496,0.4936953696832036,-0.5095173924720496,0.3561785367094661,-0.3216987953648042,-1.1139372153566884,0.2108246297118815,-1.0634684328718786,-0.2060719695833272,-0.3661063568005696,1.0968035620935137,-0.2682625678197609,0.4572444368663246,0.0884751021146148,-0.0325593658056133,-0.5796478267226205,0.9698997294331956,1.1226279320577794,-0.4163143916073592,-0.0046505330426104,-0.1540744667957508,0.4884489019738812,0.7295305620669889,-0.8369913991407895,0.0558351934681737,0.1540744667957507,-0.5741553087945971,-0.1587822354845152,-0.0791413141184694,0.1165260755991407,2.1501937961635003,-0.3611379974371059,-0.0978166045653749,0.6017961577614437,-0.7356124152439232,-0.7234755745418949,-0.0931448373144652,-0.4727891209922674,0.3216987953648042,0.2490274894100126,-1.1139372153566884,-1.1226279320577794,1.6006161338119125,-0.0418668742548895,-0.4675950415221049,0.3512278212462599,0.2108246297118815,-0.0186031380810724,-0.220344368026539,0.4520875158696414,0.381066386264334,0.7417216005233305,-0.3413520209215255,0.8569623777792261,-1.3073477923443677,0.8704683159405441,0.3070404075144982
GTEX-13PDP,1.1860019705320748,-0.8238609817031132,1.7519793109683377,-0.0558351934681735,1.2343603801814165,-0.2490274894100124,0.7980166062079388,0.8636956533670372,-0.0325593658056133,0.955118795069792,-0.7916386077433746,-0.346285699342696,-0.4779959870785905,-0.6470103701484196,1.6175881179674108,-1.3295291071787323,0.5042293960498542,-0.5796478267226205,-0.8369913991407895,0.4213912770678051,-0.8979687192568958,-1.438549182645292,-1.3640820484975271,-1.0553174817566977,-1.0799859809506631,1.400345043136658,0.0465219385151119,1.0472360474261069,1.5522864776181842,0.6129813329265346,1.1226279320577794,-0.6585199505483369,1.2857916935144202,-0.9698997294331952,-0.3119190548203253,1.3295291071787323,0.4832158447606152,-0.4366879596755644,0.4061925696666297,-0.4315778808977973,0.904950425274544,2.0645981446801467,-0.4520875158696413,-0.2730866066364132,-0.8238609817031132,-1.871870730867245,-0.0604935871747794,1.388054028556374,-0.5686800575348554,-0.32660016939701,1.7307972047605154,1.521977006019087,0.955118795069792,-0.3810663862643338,1.3640820484975271,0.8304082942029329,0.1118451385279671,-1.195450804572871,-1.5522864776181842,-0.1258957192703828,-1.2857916935144202,-0.2682625678197609,0.6073792467767407
GTEX-13PVQ,1.0472360474261069,0.2298841175792322,1.3759692008680082,-0.6129813329265346,-0.520136471164208,-0.3413520209215255,-0.0511780111120515,0.2586330669514177,-0.5308145305532522,0.1823761141706538,0.4727891209922672,-1.388054028556375,-0.3910871229289391,1.2648170437118502,-0.4469425897337917,-0.5741553087945971,-0.6355858691140569,0.4520875158696414,0.596231764610585,0.3710837698778,-0.0139520014707611,0.3070404075144982,-0.884134934875026,0.4832158447606152,-0.0838072954543562,-1.5219770060190867,-0.1399711994794718,-1.340869290880347,-0.3561785367094661,0.4061925696666297,0.2538273506747331,0.933330502902325,-0.3364266374948575,0.9848956614915162,-0.4418094672275395,-0.2442333585910436,-1.61758811796741,-0.1634935259298645,-0.3021690572528447,-0.4366879596755644,-0.4366879596755644,0.3760703934941728,0.2924477009350161,0.4779959870785905,0.0698144159426549,-0.3611379974371059,0.4989554619580166,-0.6759500545663616,-0.810871091550414,1.023392193391522,-0.8910305119824391,-0.4163143916073592,1.1674153587269775,0.32660016939701,0.5851578873218706,-0.904950425274544,-0.5906857713824718,-1.2146757214668782,-0.0139520014707611,-0.7980166062079388,0.2875974245860253,-0.2973048669834489,-0.4011472862273942
GTEX-13QJ3,1.6006161338119125,-0.9119765235615476,0.977370221692195,-0.504229396049854,0.2924477009350161,0.8369913991407895,-0.0325593658056133,0.1682084481374105,2.1501937961635003,-0.1024905076914514,-0.8704683159405441,-0.4315778808977973,1.0799859809506631,-0.5686800575348554,1.7739779942235527,0.5851578873218706,0.2538273506747331,-0.6759500545663616,-0.8910305119824391,0.5906857713824718,-1.0001164123162831,-0.0931448373144652,-0.7174469963041701,0.0418668742548894,-0.5632218016027938,2.1501937961635003,-0.1823761141706537,0.5042293960498542,0.962482977182896,1.023392193391522,0.0698144159426549,-1.5679914964717907,-0.0791413141184694,-0.624243729236281,1.1766578532028555,-1.3183573694113604,-0.1729271126904469,0.4213912770678051,-0.3661063568005696,-1.871870730867245,0.6017961577614437,0.8910305119824391,-0.5308145305532522,1.9591709979048224,1.899384692461367,-1.3295291071787323,0.0139520014707611,1.521977006019087,-0.7916386077433746,-0.4061925696666297,0.8910305119824391,1.5369552544493164,-0.0465219385151119,-0.2973048669834489,0.3910871229289391,0.9924772957033684,1.2648170437118502,-0.5415534608499959,-2.3187579709778325,-0.8369913991407895,-0.624243729236281,0.6701174349839331,1.2648170437118502
GTEX-13RTJ,0.9405436406054154,0.5577802741991821,0.596231764610585,-1.0155724616555522,0.7664413630494566,-0.2442333585910436,-0.1352764286523604,0.6643075238930058,0.4315778808977973,-0.2394448346237824,0.7295305620669889,0.1587822354845152,-0.9924772957033684,0.8910305119824391,-0.504229396049854,-0.933330502902325,-0.1587822354845152,0.3119190548203253,-0.2827539046344998,0.5851578873218706,0.596231764610585,0.0046505330426105,-0.0046505330426104,-0.4936953696832038,-0.5577802741991821,0.0791413141184694,-0.4011472862273942,-0.7054672908207708,-0.0139520014707611,-0.664307523893006,-0.0744770551717116,-0.0046505330426104,-0.504229396049854,1.1402686438941925,-0.0651532940076319,0.9478060492911886,-0.2875974245860253,-0.1823761141706537,-0.6876849397127831,-0.2827539046344998,0.023254677171407,0.7789781621703243,0.2538273506747331,0.525468011519798,-0.2108246297118815,0.023254677171407,0.1776496307692544,-0.7478585947633022,-0.2538273506747333,0.0884751021146148,-1.2050075920152503,-0.4989554619580166,-0.4989554619580166,1.2752342411046045,0.1682084481374105,-0.7789781621703243,-0.3512278212462601,-0.6876849397127831,0.4469425897337917,-1.0472360474261069,0.546946359787327,-1.4789766045652544,-0.8910305119824391
GTEX-13RTK,-2.7723180400283463,0.5851578873218706,-2.3932998646116794,1.2545353222880942,-2.0645981446801454,-0.1871066753278251,-0.933330502902325,-0.5254680115197978,-0.8569623777792261,-1.2244587432783245,0.8238609817031132,0.3611379974371059,1.0078143423127026,-0.3413520209215255,-1.2545353222880942,1.9591709979048224,-1.275234241104605,1.000116412316283,0.0698144159426549,-1.5073326312512032,0.8636956533670372,1.3408692908803477,1.1053298282224615,1.1314042769717068,2.2552325088429965,-1.2343603801814165,1.2146757214668782,0.977370221692195,-1.023392193391521,-0.520136471164208,-1.3295291071787323,0.0651532940076319,-0.3810663862643338,0.7540238855634623,-1.6350392668017106,0.1446690574398205,0.8304082942029329,0.2827539046344999,-0.7852926508502125,1.438549182645292,-1.2146757214668782,-2.484125224707312,0.7789781621703243,-1.0553174817566977,-0.904950425274544,1.3183573694113604,1.7739779942235527,-0.4163143916073592,0.681805760846509,1.0716906581760843,-0.1258957192703828,-1.340869290880347,-0.4936953696832038,0.7664413630494566,-0.8979687192568958,0.2346617948613113,-0.955118795069792,0.514819675081733,0.8772811433566338,0.9261656018472316,0.7295305620669889,0.904950425274544,0.1540744667957507
GTEX-13S86,-0.596231764610585,0.4061925696666297,-0.6585199505483369,0.6643075238930058,0.5095173924720495,-0.6701174349839331,-0.7980166062079388,-0.0744770551717116,-0.5523552129489121,-0.4061925696666297,0.3860719086350267,0.2538273506747331,-0.7726945818405243,0.1212095673006741,-0.8910305119824391,0.2682625678197607,-1.1860019705320748,0.5851578873218706,0.4061925696666297,-0.65275435145221,0.6935879849651033,-0.5469463597873272,0.2490274894100126,0.1540744667957507,0.6412876570233801,-0.4315778808977973,-0.65275435145221,-0.7602179716124495,-0.1729271126904469,-0.5632218016027938,-0.7664413630494566,0.4936953696832036,-1.1582715276653734,0.5577802741991821,-0.4675950415221049,0.7540238855634623,1.0799859809506631,-0.7726945818405243,-0.3611379974371059,0.8772811433566338,-0.810871091550414,-1.0472360474261069,0.596231764610585,-0.810871091550414,-0.514819675081733,0.810871091550414,1.031275009879428,-0.4213912770678052,0.7417216005233305,0.596231764610585,-1.61758811796741,0.1024905076914515,-0.2827539046344998,0.7174469963041701,-0.2827539046344998,-0.0325593658056133,-0.2586330669514177,0.0838072954543562,0.5686800575348554,-0.0698144159426548,0.1446690574398205,0.1540744667957507,0.7234755745418949
GTEX-13SLW,0.6242437292362808,-1.2648170437118496,0.3961121933896049,0.0884751021146148,1.4255825774365014,0.904950425274544,-0.9190479335937772,0.977370221692195,1.031275009879428,-0.2827539046344998,-1.2050075920152503,0.4315778808977973,0.4112482139938643,-1.8457049029212595,0.8772811433566338,0.6585199505483372,-0.4418094672275395,-1.0472360474261069,-1.6350392668017106,0.3021690572528446,-1.4517622707385982,0.0139520014707611,-0.1493701104165827,0.201323959635,0.5686800575348554,1.2648170437118502,0.6470103701484196,0.514819675081733,1.1674153587269775,-0.4061925696666297,-0.3561785367094661,-1.9918985578978008,1.1674153587269775,-0.0558351934681735,0.546946359787327,0.3216987953648042,0.1071666508459588,1.5073326312512036,0.6701174349839331,-0.0884751021146149,-0.5308145305532522,0.884134934875026,-0.8979687192568958,-0.3561785367094661,-0.107166650845959,-0.6355858691140569,0.6759500545663616,0.467595041522105,0.2108246297118815,-0.3364266374948575,-1.6350392668017106,0.9698997294331956,0.1729271126904469,0.6129813329265346,0.7234755745418949,0.9261656018472316,0.5042293960498542,-0.884134934875026,-2.6016947511653714,0.65275435145221,-0.7789781621703243,0.6412876570233801,0.9848956614915162
GTEX-13VXU,0.6186027229558674,-0.664307523893006,-0.2634447638039343,-0.1682084481374103,0.65275435145221,0.8704683159405441,0.8044272335589819,0.546946359787327,1.2648170437118502,0.5361762663658064,-0.6412876570233803,0.0046505330426105,-0.955118795069792,-0.1918414273303961,1.0968035620935137,-0.4520875158696413,-0.904950425274544,-0.4163143916073592,-1.0155724616555522,1.0634684328718786,-0.7417216005233308,-0.9405436406054154,0.1776496307692544,-1.5073326312512032,-0.7356124152439232,2.0269100347915936,-0.3611379974371059,0.904950425274544,1.0799859809506631,0.8772811433566338,0.8569623777792261,-1.0968035620935137,0.596231764610585,-1.0553174817566977,0.8979687192568956,-1.0392224351527355,0.2973048669834491,-0.9924772957033684,0.0651532940076319,-0.962482977182896,1.6715166841106104,1.6530030581052302,-0.2924477009350161,0.7540238855634623,-0.2875974245860253,-0.7540238855634623,-0.6876849397127831,1.1492235271996152,-0.0186031380810724,-0.2155820567040673,0.1823761141706538,0.6186027229558674,0.3364266374948573,-0.7916386077433746,0.6470103701484196,0.7980166062079388,1.2964944386804569,-0.220344368026539,-1.031275009879428,0.6129813329265346,-1.023392193391521,1.2443845388232115,0.9478060492911886
GTEX-13W46,0.2538273506747331,-1.275234241104605,-0.810871091550414,0.6412876570233801,0.0186031380810724,0.7789781621703243,1.5073326312512036,0.2155820567040674,1.928416512895066,1.023392193391522,-1.2146757214668782,-0.7980166062079388,0.7478585947633022,-0.1540744667957508,1.3073477923443682,0.4112482139938643,-1.1582715276653734,-1.0634684328718786,-1.1860019705320748,1.2343603801814165,-1.4789766045652544,-0.7054672908207708,-0.5415534608499959,-1.2545353222880942,-0.8044272335589816,1.9591709979048224,0.3168051375343427,-0.7852926508502125,0.8772811433566338,1.6530030581052302,1.7519793109683377,-2.026910034791593,1.7739779942235527,-1.3295291071787323,1.3073477923443682,-0.1965804839448126,-0.8173487968777844,0.4163143916073593,-0.7540238855634623,-0.7295305620669889,1.8718707308672449,0.4520875158696414,-0.904950425274544,0.955118795069792,-0.9405436406054154,-2.255232508842998,-0.8436109784655275,1.7968702837153605,-0.6585199505483369,0.546946359787327,0.6242437292362808,0.6876849397127831,0.681805760846509,-0.4112482139938643,0.4061925696666297,0.6701174349839331,1.6906216295848986,-0.4315778808977973,-1.195450804572871,0.904950425274544,-0.5632218016027938,-0.1165260755991406,0.3413520209215255
GTEX-13X6I,0.4572444368663246,-0.6355858691140569,0.0838072954543562,-1.5522864776181842,1.7739779942235527,0.955118795069792,-0.0558351934681735,2.0269100347915936,0.4112482139938643,0.0279067194760658,-0.6186027229558672,0.9848956614915162,-0.3315094021268153,-0.9848956614915162,0.1587822354845152,0.6876849397127831,0.0511780111120515,-0.7602179716124495,-0.9848956614915162,1.0078143423127026,-0.2924477009350161,-0.0232546771714069,0.962482977182896,0.3611379974371059,1.0472360474261069,-0.6355858691140569,0.6242437292362808,0.962482977182896,0.1493701104165828,-2.255232508842998,-0.1540744667957508,-0.6073792467767407,-0.3611379974371059,0.2251116819514788,0.8636956533670372,-0.1493701104165827,0.6876849397127831,1.84570490292126,0.6643075238930058,1.2857916935144202,-1.9918985578978008,-0.0465219385151119,-0.6129813329265346,-1.140268643894193,-1.023392193391521,0.0931448373144652,0.6129813329265346,-1.5679914964717907,1.9591709979048224,-0.1682084481374103,-0.2779170089683694,-0.346285699342696,-0.9924772957033684,0.2251116819514788,0.3364266374948573,0.7114443807664012,0.7174469963041701,-0.6470103701484196,-0.346285699342696,0.3860719086350267,-0.3961121933896049,-0.1024905076914514,0.1118451385279671
GTEX-13X6J,-0.0884751021146149,-0.9190479335937772,0.4936953696832036,-0.2013239596350001,0.7602179716124496,-0.4989554619580166,1.1492235271996152,0.3216987953648042,-0.1918414273303961,0.6299046699224384,-0.8772811433566338,1.82074492261502,-0.5095173924720496,-0.4989554619580166,1.7519793109683377,0.1540744667957507,0.023254677171407,-0.6818057608465092,-0.624243729236281,-0.0465219385151119,-1.0078143423127026,-0.2442333585910436,-0.9119765235615476,-0.3413520209215255,-0.0604935871747794,-0.0744770551717116,1.4517622707385982,1.1582715276653734,1.9591709979048224,0.8910305119824391,0.4061925696666297,-1.5840930675378757,1.928416512895066,-2.0645981446801454,-0.504229396049854,-0.5415534608499959,-0.4520875158696413,1.82074492261502,0.5361762663658064,-0.7174469963041701,1.3073477923443682,0.6701174349839331,-0.5415534608499959,0.5361762663658064,1.031275009879428,-2.484125224707312,-0.933330502902325,1.3073477923443682,0.4572444368663246,0.2442333585910436,1.000116412316283,-0.1871066753278251,0.6355858691140571,-1.2964944386804564,0.3860719086350267,0.3561785367094661,-0.2490274894100124,0.546946359787327,-2.3932998646116794,0.9405436406054154,-1.4003450431366584,0.0604935871747794,0.023254677171407
GTEX-13YAN,1.635039266801711,-1.0716906581760843,0.6876849397127831,-1.6006161338119125,-0.7114443807664012,0.7417216005233305,-0.0838072954543562,-0.7174469963041701,1.899384692461367,-0.229884117579232,-1.0155724616555522,0.5686800575348554,2.772318040028347,-1.6906216295848977,1.6006161338119125,1.0155724616555522,1.5073326312512036,-0.8704683159405441,-1.438549182645292,1.82074492261502,-1.2343603801814165,1.0392224351527355,0.1729271126904469,-2.255232508842998,0.2634447638039344,1.0799859809506631,1.1314042769717068,0.3860719086350267,1.412851325289763,0.1823761141706538,0.1071666508459588,-1.7968702837153614,1.3759692008680082,-0.0511780111120515,0.9405436406054154,0.4366879596755643,-0.3810663862643338,0.65275435145221,-0.850267731936789,-2.255232508842998,-0.0511780111120515,0.904950425274544,-0.7295305620669889,0.8910305119824391,-0.8772811433566338,-1.0634684328718786,-0.0511780111120515,1.2545353222880942,0.5632218016027939,-0.6017961577614439,0.6701174349839331,0.5308145305532521,1.1139372153566884,0.5308145305532521,0.596231764610585,0.2108246297118815,0.8636956533670372,-0.3561785367094661,-1.9591709979048224,-0.1823761141706537,-0.2490274894100124,0.0,0.520136471164208
GTEX-1445S,1.899384692461367,-0.4366879596755644,2.105469450920689,-1.0472360474261069,0.8502677319367892,2.4841252247073147,0.9119765235615476,1.3073477923443682,0.6129813329265346,0.9478060492911886,-0.4163143916073592,-0.0093011666671462,-0.962482977182896,-1.388054028556375,1.1492235271996152,0.3910871229289391,1.5840930675378757,-0.2155820567040673,-0.7726945818405243,1.031275009879428,-0.4779959870785905,-0.9478060492911888,0.381066386264334,-0.5308145305532522,-0.1024905076914514,-1.9918985578978008,0.009301166667146,1.1766578532028555,0.1399711994794717,0.3611379974371059,0.3413520209215255,-1.1053298282224613,2.3932998646116808,-1.1492235271996152,2.2552325088429965,-0.0372127170621942,-1.6006161338119125,2.105469450920689,-1.4255825774365014,-0.8704683159405441,0.0511780111120515,1.388054028556374,-0.0372127170621942,-1.2964944386804564,-1.7968702837153614,-1.0716906581760843,0.3070404075144982,-0.504229396049854,1.3295291071787323,0.0651532940076319,1.3183573694113604,-0.2827539046344998,2.3932998646116808,-0.4469425897337917,2.772318040028347,1.1139372153566884,1.2050075920152503,-1.5219770060190867,-0.933330502902325,-0.3810663862643338,-1.195450804572871,-1.023392193391521,-1.7739779942235536
GTEX-144FL,2.4841252247073147,-0.8569623777792261,2.2552325088429965,-1.4255825774365014,0.1918414273303961,1.4789766045652544,0.1212095673006741,1.2050075920152503,1.2443845388232115,0.514819675081733,-0.8369913991407895,-0.3860719086350268,1.195450804572871,0.4936953696832036,1.2443845388232115,0.4163143916073593,0.2924477009350161,-0.6299046699224384,-1.2545353222880942,2.6016947511653696,-0.9405436406054154,-1.0553174817566977,-0.3661063568005696,-1.6530030581052302,-1.1226279320577794,0.6355858691140571,-1.7307972047605154,0.7356124152439232,0.5632218016027939,-0.5415534608499959,1.2146757214668782,-1.195450804572871,-1.465233792685523,0.2730866066364132,1.1492235271996152,-0.8704683159405441,-0.624243729236281,-0.6701174349839331,0.4418094672275395,-1.82074492261502,0.6412876570233801,1.9918985578978008,-0.504229396049854,1.0799859809506631,-0.5415534608499959,-0.2779170089683694,-0.5851578873218707,0.7789781621703243,-0.6186027229558672,-0.3710837698778002,1.7739779942235527,0.977370221692195,1.2343603801814165,0.6643075238930058,1.899384692461367,0.8704683159405441,0.5577802741991821,-1.388054028556375,-0.2490274894100124,0.1587822354845152,-0.3860719086350268,0.0558351934681737,0.596231764610585
GTEX-144GL,0.2490274894100126,-1.1582715276653734,0.3119190548203253,-0.4315778808977973,-0.0744770551717116,0.1071666508459588,1.84570490292126,-0.6585199505483369,1.0553174817566977,1.1582715276653734,-0.7174469963041701,0.1918414273303961,0.3561785367094661,0.4727891209922672,1.1139372153566884,-0.4061925696666297,0.3661063568005698,-0.955118795069792,-0.5741553087945971,-0.2060719695833272,-0.2108246297118815,-0.3810663862643338,0.1118451385279671,-1.2244587432783245,-0.933330502902325,0.5632218016027939,0.0604935871747794,-0.4366879596755644,1.3183573694113604,1.5369552544493164,1.2752342411046045,-1.0001164123162831,0.9190479335937772,-0.6701174349839331,0.520136471164208,0.3910871229289391,-0.5523552129489121,0.5632218016027939,0.0279067194760658,-1.6906216295848977,2.105469450920689,0.6995152985526999,-0.810871091550414,1.4789766045652544,1.1492235271996152,-1.0155724616555522,-0.1918414273303961,1.1766578532028555,-1.0883562937618656,-0.7114443807664012,-0.3512278212462601,-1.0078143423127026,0.7295305620669889,-0.6412876570233803,-0.504229396049854,-0.6299046699224384,0.8704683159405441,0.7174469963041701,-0.9261656018472316,-0.4061925696666297,-0.3364266374948575,0.681805760846509,0.8304082942029329
GTEX-144GM,-1.0553174817566977,0.933330502902325,-0.3810663862643338,0.7478585947633022,-1.275234241104605,-0.8369913991407895,-1.438549182645292,-1.4517622707385982,-1.0078143423127026,-1.7739779942235536,1.928416512895066,-1.3183573694113604,1.4255825774365014,0.2924477009350161,-1.3073477923443677,0.6470103701484196,-0.1493701104165827,2.0269100347915936,0.5523552129489121,0.3661063568005698,1.224458743278325,1.438549182645292,0.2538273506747331,0.4727891209922672,1.1053298282224615,-0.1540744667957508,0.3462856993426961,-0.7789781621703243,-3.112470178603051,0.3710837698778,-1.5679914964717907,0.2251116819514788,0.6701174349839331,-0.0139520014707611,-1.0799859809506631,0.4061925696666297,-0.8569623777792261,0.3315094021268154,-1.0001164123162831,0.525468011519798,0.2924477009350161,-1.0634684328718786,1.928416512895066,0.2394448346237824,0.7356124152439232,-0.0093011666671462,1.2146757214668782,-1.0553174817566977,0.4936953696832036,0.3961121933896049,-0.5254680115197978,-0.2682625678197609,-1.2545353222880942,-0.6129813329265346,-0.8569623777792261,-0.7980166062079388,-1.871870730867245,0.7664413630494566,1.400345043136658,-0.107166650845959,1.82074492261502,-1.61758811796741,-0.8304082942029333
GTEX-144GN,-1.023392193391521,1.388054028556374,-0.2779170089683694,0.3364266374948573,-0.9261656018472316,-1.0634684328718786,-1.0155724616555522,-0.7980166062079388,-1.4930045626254098,-1.3183573694113604,1.3408692908803477,0.6759500545663616,0.6470103701484196,-0.3561785367094661,-1.131404276971706,0.2730866066364132,-0.0978166045653749,1.0078143423127026,-0.1399711994794718,-1.5522864776181842,0.977370221692195,1.465233792685523,0.5308145305532521,1.3759692008680082,1.1402686438941925,-0.933330502902325,-0.220344368026539,0.0186031380810724,-0.7054672908207708,-0.4675950415221049,-0.6073792467767407,-0.0465219385151119,-0.0931448373144652,0.65275435145221,-1.7307972047605154,0.5906857713824718,0.7054672908207708,-0.1918414273303961,-0.5577802741991821,0.8436109784655275,-0.8436109784655275,-0.8369913991407895,1.0968035620935137,-0.2155820567040673,1.023392193391522,0.3710837698778,1.3640820484975271,-0.7664413630494566,0.32660016939701,-0.3961121933896049,0.4011472862273944,0.1071666508459588,-0.7234755745418949,0.4418094672275395,-1.4003450431366584,-0.9924772957033684,-1.4003450431366584,0.1918414273303961,1.0883562937618656,-0.5796478267226205,1.465233792685523,-0.7726945818405243,0.1634935259298645
GTEX-144GO,0.955118795069792,-0.4469425897337917,1.7968702837153605,-1.0716906581760843,3.112470178603064,1.2343603801814165,-0.1729271126904469,1.8718707308672449,-0.3760703934941728,-0.4989554619580166,-0.4315778808977973,2.1501937961635003,-0.0232546771714069,-1.1053298282224613,-0.1776496307692544,0.1634935259298645,1.9591709979048224,-0.220344368026539,-0.7852926508502125,-0.7054672908207708,-0.4884489019738811,-0.9698997294331952,1.0078143423127026,0.9119765235615476,0.2155820567040674,0.1258957192703828,0.7852926508502123,3.112470178603064,-1.6006161338119125,-1.1139372153566884,-0.904950425274544,-1.1226279320577794,1.5679914964717907,-0.7540238855634623,0.1258957192703828,-0.7664413630494566,-0.0744770551717116,1.7519793109683377,0.8704683159405441,1.7103643678208365,-1.0634684328718786,1.412851325289763,-0.0558351934681735,-1.3183573694113604,-0.977370221692195,-1.7307972047605154,0.4011472862273944,-1.7968702837153614,2.772318040028347,1.000116412316283,2.772318040028347,0.2346617948613113,0.4418094672275395,-0.955118795069792,2.199684129871479,0.8772811433566338,-0.107166650845959,-0.4779959870785905,-1.2244587432783245,1.4517622707385982,-1.2244587432783245,-0.4832158447606152,-0.7540238855634623
GTEX-145LT,-0.9405436406054154,3.112470178603064,-1.195450804572871,0.5632218016027939,-1.023392193391521,-0.977370221692195,-0.3216987953648042,-1.0883562937618656,-0.504229396049854,-0.664307523893006,1.7968702837153605,-0.1918414273303961,0.4163143916073593,0.5095173924720495,-0.2634447638039343,-0.8979687192568958,0.0,0.8569623777792261,0.0418668742548894,-0.6585199505483369,1.1492235271996152,0.8569623777792261,-0.3611379974371059,0.4061925696666297,-0.3021690572528447,0.0651532940076319,-0.7478585947633022,-1.031275009879428,-0.4469425897337917,0.0418668742548894,-0.32660016939701,0.3561785367094661,-0.8369913991407895,1.6006161338119125,-0.65275435145221,1.0716906581760843,-0.4366879596755644,-1.82074492261502,-0.1024905076914514,0.023254677171407,0.3611379974371059,-0.7540238855634623,1.1053298282224615,1.1053298282224615,1.5522864776181842,1.1139372153566884,-0.220344368026539,-0.3021690572528447,-0.2924477009350161,-0.1776496307692544,-0.2538273506747333,-0.4832158447606152,-1.61758811796741,1.1139372153566884,-1.1766578532028555,-1.4789766045652544,-0.3910871229289391,0.7234755745418949,1.6906216295848986,-0.9848956614915162,2.772318040028347,-0.7602179716124495,-0.0465219385151119
GTEX-145LU,-1.5522864776181842,-0.3364266374948575,0.6759500545663616,-0.7356124152439232,2.1501937961635003,-2.0645981446801454,-0.0791413141184694,1.5840930675378757,-1.3640820484975271,-0.3710837698778002,-0.3021690572528447,2.3932998646116808,1.3183573694113604,-1.0001164123162831,-0.1823761141706537,1.4517622707385982,1.9918985578978008,-0.1212095673006743,-0.6818057608465092,-0.7980166062079388,-0.32660016939701,0.3168051375343427,-1.1860019705320748,2.6016947511653696,0.467595041522105,0.1823761141706538,2.3932998646116808,2.1501937961635003,-0.6585199505483369,-1.4003450431366584,-0.6876849397127831,-0.9698997294331952,1.6006161338119125,-1.2146757214668782,-0.8910305119824391,1.0634684328718786,-0.9190479335937772,2.0269100347915936,2.772318040028347,2.4841252247073147,-0.2586330669514177,1.0799859809506631,0.0698144159426549,-1.023392193391521,0.8979687192568956,-1.5679914964717907,0.0698144159426549,-1.3073477923443677,1.82074492261502,0.7540238855634623,1.6906216295848986,-1.0553174817566977,0.462413546573279,-1.4789766045652544,1.4930045626254098,0.7417216005233305,-0.5308145305532522,1.4255825774365014,-1.3183573694113604,1.928416512895066,-1.1053298282224613,-1.1139372153566884,-1.5679914964717907
GTEX-145LV,0.201323959635,0.520136471164208,0.3216987953648042,-0.8979687192568958,0.6129813329265346,-0.2538273506747333,-0.6759500545663616,0.5741553087945971,-0.9119765235615476,-0.9924772957033684,0.884134934875026,1.5369552544493164,-0.0465219385151119,0.1071666508459588,-0.9261656018472316,0.596231764610585,0.6643075238930058,0.6876849397127831,-0.2634447638039343,-0.7789781621703243,0.4936953696832036,0.884134934875026,-0.0978166045653749,0.9261656018472316,0.1305846375599525,-0.9405436406054154,1.1492235271996152,-0.1305846375599525,-1.4128513252897623,-1.871870730867245,-0.4884489019738811,0.0418668742548894,0.6129813329265346,0.4936953696832036,-1.1492235271996152,0.3119190548203253,0.5906857713824718,1.1139372153566884,-0.8238609817031132,0.955118795069792,-0.6073792467767407,0.4884489019738812,0.4520875158696414,-0.6412876570233803,0.4572444368663246,-0.4061925696666297,0.9478060492911886,-1.3183573694113604,0.5851578873218706,1.1766578532028555,0.8436109784655275,-1.0716906581760843,-1.140268643894193,0.2682625678197607,0.3710837698778,-0.3119190548203253,-1.1053298282224613,0.7916386077433746,-0.0325593658056133,-0.3611379974371059,0.596231764610585,-2.199684129871477,-1.3183573694113604
GTEX-145MF,0.4469425897337917,0.2346617948613113,0.933330502902325,-0.7602179716124495,0.3512278212462599,-0.504229396049854,1.6006161338119125,-0.933330502902325,0.009301166667146,1.6006161338119125,0.6585199505483372,-1.6715166841106104,-1.0078143423127026,2.1501937961635003,-0.1352764286523604,-2.6016947511653714,0.7054672908207708,0.6935879849651033,1.521977006019087,-0.2394448346237824,0.4520875158696414,-0.3661063568005696,-0.5851578873218707,-0.7980166062079388,-0.9119765235615476,-0.1729271126904469,-2.3187579709778325,-1.5840930675378757,0.5415534608499961,0.8704683159405441,1.1860019705320748,1.928416512895066,-0.5254680115197978,-0.2586330669514177,0.0744770551717114,0.2108246297118815,-0.9119765235615476,-0.962482977182896,-0.0046505330426104,-1.2050075920152503,1.2857916935144202,0.5906857713824718,0.3462856993426961,1.6530030581052302,1.224458743278325,0.0465219385151119,-2.10546945092069,0.187106675327825,-0.6876849397127831,-1.6715166841106104,0.2203443680265389,-0.596231764610585,-0.0418668742548895,-0.4061925696666297,-0.977370221692195,-1.82074492261502,0.2155820567040674,0.5906857713824718,0.1305846375599525,-1.4003450431366584,0.4366879596755643,-1.6906216295848977,-1.4003450431366584
GTEX-145MG,0.8238609817031132,-1.871870730867245,0.8238609817031132,-0.0046505330426104,1.0472360474261069,1.6006161338119125,0.3561785367094661,1.0078143423127026,0.7726945818405243,0.1493701104165828,-1.82074492261502,1.1860019705320748,-1.0716906581760843,-0.933330502902325,0.5523552129489121,0.2203443680265389,0.7417216005233305,-1.6350392668017106,-2.255232508842998,-0.1823761141706537,-2.1501937961635003,-0.4469425897337917,-0.1305846375599525,-0.8436109784655275,0.5042293960498542,-0.1871066753278251,0.4469425897337917,0.1587822354845152,0.2538273506747331,0.1918414273303961,0.0325593658056133,-2.6016947511653714,1.7519793109683377,-0.9405436406054154,1.7103643678208365,0.1024905076914515,-0.9924772957033684,1.3183573694113604,0.6186027229558674,-0.6935879849651033,0.5523552129489121,0.9698997294331956,-1.4930045626254098,-0.1165260755991406,-0.3611379974371059,0.1118451385279671,0.6412876570233801,-0.1823761141706537,1.000116412316283,-0.7852926508502125,-0.4469425897337917,-0.0931448373144652,1.5679914964717907,-0.933330502902325,1.635039266801711,0.955118795069792,1.4930045626254098,-0.0651532940076319,-0.850267731936789,0.8910305119824391,-2.1501937961635003,-0.6186027229558672,-1.1139372153566884
GTEX-145MO,0.0884751021146148,-0.8369913991407895,1.5840930675378757,0.4779959870785905,2.2552325088429965,0.6643075238930058,-0.2490274894100124,0.6701174349839331,-0.4264790471503241,-0.1305846375599525,-0.8044272335589816,-0.3661063568005696,0.2346617948613113,-0.904950425274544,-0.4520875158696413,0.1587822354845152,0.977370221692195,-0.6073792467767407,-1.2244587432783245,0.1634935259298645,-0.9190479335937772,-0.2155820567040673,-1.3295291071787323,0.6129813329265346,0.3315094021268154,1.1226279320577794,-0.1118451385279671,0.7114443807664012,-1.9591709979048224,0.955118795069792,-0.1729271126904469,-1.5073326312512032,0.5523552129489121,-0.4264790471503241,-0.0978166045653749,-1.1860019705320748,-0.0186031380810724,0.1118451385279671,1.5522864776181842,0.7054672908207708,0.2346617948613113,1.4930045626254098,-0.4779959870785905,-0.6995152985526998,0.5308145305532521,0.5042293960498542,-0.0744770551717116,0.4163143916073593,1.3523845818311528,-0.346285699342696,2.199684129871479,0.7114443807664012,2.0269100347915936,-1.871870730867245,0.4572444368663246,0.5741553087945971,0.2442333585910436,1.3640820484975271,-0.8704683159405441,0.8979687192568956,-0.6876849397127831,0.6470103701484196,0.5851578873218706
GTEX-146FQ,-1.0634684328718786,0.2538273506747331,-1.1139372153566884,-0.1918414273303961,-0.4418094672275395,-0.1634935259298645,0.0186031380810724,0.8238609817031132,-0.2924477009350161,0.3910871229289391,0.4112482139938643,1.3183573694113604,-0.884134934875026,-0.0046505330426104,-0.2779170089683694,1.0472360474261069,-0.1352764286523604,0.1729271126904469,0.7478585947633022,-0.6470103701484196,0.1729271126904469,0.7726945818405243,0.681805760846509,0.6412876570233801,1.5840930675378757,-1.275234241104605,0.8238609817031132,0.4469425897337917,-0.4112482139938643,-1.4789766045652544,0.0465219385151119,0.4163143916073593,-1.0001164123162831,0.4989554619580166,0.525468011519798,-0.6935879849651033,-0.229884117579232,1.0155724616555522,0.7174469963041701,1.928416512895066,-1.7307972047605154,-1.2857916935144202,-0.2490274894100124,-1.6006161338119125,-1.1492235271996152,-0.1352764286523604,0.8502677319367892,-1.4930045626254098,0.7478585947633022,0.9405436406054154,-1.131404276971706,-1.3523845818311535,-1.5679914964717907,0.1399711994794717,-0.3760703934941728,-0.4163143916073592,0.3860719086350267,0.0465219385151119,0.3119190548203253,0.8369913991407895,0.4061925696666297,-0.4469425897337917,-0.7234755745418949
GTEX-14753,1.0634684328718786,-0.6585199505483369,0.6129813329265346,-1.2244587432783245,-1.1860019705320748,-0.2251116819514788,1.928416512895066,-0.6470103701484196,0.681805760846509,2.3932998646116808,0.0978166045653749,0.2973048669834491,-0.3661063568005696,1.928416512895066,1.1860019705320748,-0.4418094672275395,0.8704683159405441,-0.1258957192703828,0.7726945818405243,1.4789766045652544,-0.0838072954543562,-1.2146757214668782,-1.6906216295848977,-1.3640820484975271,-1.6906216295848977,0.1352764286523606,-0.5469463597873272,-0.1965804839448126,1.388054028556374,1.3073477923443682,2.3932998646116808,1.1766578532028555,0.3860719086350267,-1.0716906581760843,0.2538273506747331,-0.4264790471503241,-2.1501937961635003,0.4315778808977973,-0.624243729236281,-1.6530030581052302,1.4930045626254098,1.3759692008680082,-0.7417216005233308,2.0645981446801467,0.2875974245860253,-0.955118795069792,-1.0883562937618656,1.2857916935144202,-0.9698997294331952,0.1918414273303961,0.6355858691140571,-0.4779959870785905,0.9698997294331956,-0.3216987953648042,0.2586330669514177,-0.7174469963041701,0.0465219385151119,-0.7417216005233308,-1.0001164123162831,0.3216987953648042,-0.0698144159426548,-1.465233792685523,-0.6412876570233803
GTEX-1477Z,2.2552325088429965,-0.2251116819514788,1.0392224351527355,-2.10546945092069,0.1212095673006741,2.0645981446801467,0.6701174349839331,1.465233792685523,1.521977006019087,0.9848956614915162,-1.465233792685523,-0.933330502902325,-1.1492235271996152,-0.7417216005233308,1.1402686438941925,-1.3640820484975271,1.3523845818311528,-1.2648170437118496,-0.2394448346237824,-0.1024905076914514,-0.0232546771714069,-1.9918985578978008,0.5851578873218706,-1.3183573694113604,-1.9591709979048224,0.2442333585910436,-2.3932998646116794,0.1682084481374105,1.0078143423127026,-0.8044272335589816,0.9924772957033684,-0.2586330669514177,-1.6906216295848977,-0.0465219385151119,2.3932998646116808,0.5095173924720495,1.000116412316283,-0.1871066753278251,0.5523552129489121,-1.0553174817566977,-0.4469425897337917,0.962482977182896,-1.1226279320577794,0.0511780111120515,-2.3187579709778325,0.5523552129489121,-0.2779170089683694,0.7234755745418949,0.7174469963041701,-1.031275009879428,0.467595041522105,1.9591709979048224,0.381066386264334,0.3168051375343427,1.5073326312512036,1.9918985578978008,1.9918985578978008,-1.8457049029212595,0.2924477009350161,-1.388054028556375,-1.2146757214668782,0.8369913991407895,1.1053298282224615
GTEX-147F4,0.5577802741991821,0.0604935871747794,0.0698144159426549,0.2730866066364132,-0.229884117579232,0.0372127170621943,1.2146757214668782,-0.4989554619580166,0.6299046699224384,1.1053298282224615,-1.6530030581052302,1.1492235271996152,-0.3168051375343428,0.2346617948613113,0.6017961577614437,-0.9190479335937772,-0.6585199505483369,0.0651532940076319,0.2442333585910436,0.514819675081733,-0.7295305620669889,-0.2394448346237824,-0.977370221692195,-0.9261656018472316,-0.5469463597873272,-0.4520875158696413,0.1352764286523606,-2.3932998646116794,0.8569623777792261,0.681805760846509,0.8502677319367892,-0.0558351934681735,0.6643075238930058,-0.2442333585910436,0.962482977182896,-0.7114443807664012,-0.2013239596350001,-0.229884117579232,-0.933330502902325,-0.6355858691140569,0.3021690572528446,0.5632218016027939,0.2682625678197607,-0.1918414273303961,-1.0799859809506631,-0.933330502902325,0.1024905076914515,0.5361762663658064,-0.5415534608499959,-1.2343603801814165,-2.6016947511653714,0.0884751021146148,1.0716906581760843,-0.5415534608499959,0.2108246297118815,-0.5686800575348554,1.000116412316283,-0.955118795069792,-0.4011472862273942,-0.1212095673006743,-0.4989554619580166,-0.1587822354845152,-0.1587822354845152
GTEX-147GR,0.0604935871747794,-1.7739779942235536,0.7295305620669889,-0.596231764610585,1.5679914964717907,0.2682625678197607,0.8979687192568956,0.2682625678197607,0.6585199505483372,0.8910305119824391,-1.7519793109683373,0.2203443680265389,0.4884489019738812,0.3119190548203253,0.7916386077433746,-1.2146757214668782,1.6906216295848986,-1.5522864776181842,-2.199684129871477,1.3183573694113604,-0.596231764610585,-0.1305846375599525,-1.131404276971706,-1.3073477923443677,-0.6186027229558672,1.438549182645292,-0.4366879596755644,0.4572444368663246,1.1766578532028555,0.962482977182896,1.1582715276653734,-2.484125224707312,0.6995152985526999,-0.5741553087945971,0.187106675327825,-0.8910305119824391,1.0392224351527355,0.0372127170621943,0.1918414273303961,-0.7234755745418949,1.0634684328718786,1.3640820484975271,-1.4255825774365014,1.0634684328718786,0.5095173924720495,-0.6129813329265346,-1.7739779942235536,0.955118795069792,0.4315778808977973,-0.7478585947633022,1.1674153587269775,0.5796478267226207,0.2586330669514177,-0.8238609817031132,0.6643075238930058,0.2538273506747331,0.023254677171407,0.5415534608499961,-0.8304082942029333,0.0279067194760658,-0.6759500545663616,-0.1682084481374103,0.3561785367094661
GTEX-147JS,-0.5523552129489121,0.1165260755991407,0.0,0.9405436406054154,-0.2013239596350001,-0.7295305620669889,0.201323959635,0.0511780111120515,-0.0978166045653749,0.0604935871747794,-0.0186031380810724,0.0372127170621943,-1.7519793109683373,-0.5851578873218707,-0.1305846375599525,-2.026910034791593,1.031275009879428,0.2155820567040674,0.6643075238930058,-0.4061925696666297,0.1071666508459588,0.4163143916073593,-1.0883562937618656,0.7174469963041701,0.3070404075144982,0.1024905076914515,-0.8173487968777844,-2.3187579709778325,0.3710837698778,-0.0558351934681735,-0.0884751021146149,-0.1918414273303961,-0.7174469963041701,0.0372127170621943,-0.1634935259298645,-0.5095173924720496,0.5095173924720495,-0.32660016939701,0.1399711994794717,0.4520875158696414,-0.3315094021268153,-0.2924477009350161,0.462413546573279,-0.8704683159405441,0.1071666508459588,-0.1212095673006743,0.1258957192703828,-0.0418668742548895,-0.1118451385279671,1.0799859809506631,-1.1139372153566884,0.7664413630494566,-0.4832158447606152,0.023254677171407,-0.5851578873218707,-0.65275435145221,0.3070404075144982,-0.0884751021146149,0.009301166667146,-1.0799859809506631,0.0838072954543562,-0.3216987953648042,0.4264790471503241
GTEX-148VJ,1.224458743278325,0.2155820567040674,1.2146757214668782,-0.6876849397127831,-0.2682625678197609,0.023254677171407,0.5906857713824718,0.0978166045653749,-0.2634447638039343,0.7417216005233305,0.2973048669834491,-0.1587822354845152,-0.6759500545663616,0.4366879596755643,0.6186027229558674,-0.7980166062079388,-0.955118795069792,0.5741553087945971,1.5369552544493164,-0.4832158447606152,0.1823761141706538,-0.0651532940076319,-1.2443845388232115,-1.0155724616555522,-0.3168051375343428,-0.0558351934681735,-1.1766578532028555,-1.4930045626254098,1.0968035620935137,-0.346285699342696,0.4112482139938643,0.8910305119824391,-1.140268643894193,0.2203443680265389,-0.1776496307692544,0.1823761141706538,0.201323959635,-0.5523552129489121,-0.3760703934941728,-1.3183573694113604,-0.7295305620669889,0.6470103701484196,0.4011472862273944,-1.0001164123162831,-1.0155724616555522,-0.4264790471503241,0.4779959870785905,-0.0465219385151119,-1.438549182645292,-0.1258957192703828,-0.4936953696832038,1.635039266801711,0.3216987953648042,0.4213912770678051,0.6876849397127831,0.4061925696666297,-0.3611379974371059,-1.2244587432783245,0.3910871229289391,-1.5073326312512032,-0.2634447638039343,-0.5577802741991821,0.2973048669834491
GTEX-1497J,-0.2155820567040673,-0.2346617948613114,0.4832158447606152,0.0651532940076319,-0.0978166045653749,0.1446690574398205,-2.10546945092069,0.0418668742548894,0.1776496307692544,-0.2973048669834489,-2.7723180400283463,0.977370221692195,0.2682625678197607,-1.3073477923443677,-0.0232546771714069,0.5095173924720495,0.2346617948613113,-2.3932998646116794,-1.9918985578978008,-1.131404276971706,-0.1024905076914514,0.596231764610585,0.0791413141184694,-0.0325593658056133,0.5851578873218706,0.2634447638039344,0.2442333585910436,-0.6017961577614439,0.1776496307692544,0.3070404075144982,-0.2442333585910436,-0.955118795069792,0.2060719695833272,0.0744770551717114,0.4884489019738812,0.2346617948613113,0.2924477009350161,0.4936953696832036,1.1402686438941925,-0.0139520014707611,-0.0838072954543562,0.1918414273303961,-2.10546945092069,-0.1399711994794718,0.6995152985526999,0.2394448346237824,0.3364266374948573,-0.3810663862643338,0.1399711994794717,1.5679914964717907,-0.1212095673006743,0.2060719695833272,0.1587822354845152,0.1212095673006741,0.2298841175792322,0.3661063568005698,0.4315778808977973,0.8436109784655275,0.023254677171407,0.5095173924720495,-0.1587822354845152,0.2779170089683694,0.0418668742548894
GTEX-14A5H,0.977370221692195,-1.0001164123162831,1.635039266801711,-3.112470178603051,1.2545353222880942,0.8979687192568956,0.8304082942029329,1.6175881179674108,-0.4989554619580166,1.2545353222880942,-0.1165260755991406,-0.2013239596350001,0.0325593658056133,0.1776496307692544,0.1965804839448126,0.0046505330426105,0.32660016939701,0.2251116819514788,0.7054672908207708,-1.7307972047605154,-0.504229396049854,-0.4520875158696413,0.5577802741991821,-0.850267731936789,0.2875974245860253,0.4832158447606152,-0.3119190548203253,0.009301166667146,0.0511780111120515,-0.3661063568005696,0.8369913991407895,0.3961121933896049,0.7478585947633022,-0.9119765235615476,-0.107166650845959,-2.3932998646116794,-0.8304082942029333,0.9190479335937772,1.7519793109683377,-0.2251116819514788,-0.3364266374948575,1.928416512895066,0.1540744667957507,-0.9119765235615476,-0.8304082942029333,-0.2586330669514177,-0.0372127170621942,-0.5686800575348554,0.7234755745418949,0.65275435145221,0.4112482139938643,-0.2394448346237824,1.0634684328718786,-0.346285699342696,1.5679914964717907,1.023392193391522,-0.520136471164208,-1.2545353222880942,-0.2060719695833272,0.2298841175792322,-2.7723180400283463,0.3168051375343427,-0.6585199505483369
GTEX-14A6H,-1.465233792685523,-0.6017961577614439,-0.6995152985526998,0.6759500545663616,-0.6995152985526998,-0.8044272335589816,1.899384692461367,-1.0553174817566977,0.9261656018472316,1.9918985578978008,-0.5906857713824718,-0.1634935259298645,1.224458743278325,1.7968702837153605,0.6935879849651033,0.1258957192703828,-0.2442333585910436,-0.1729271126904469,1.0155724616555522,-0.5095173924720496,-0.6585199505483369,0.3961121933896049,-0.2442333585910436,-0.4163143916073592,-0.3961121933896049,1.3408692908803477,-0.5095173924720496,-0.7295305620669889,0.520136471164208,0.7726945818405243,2.2552325088429965,1.0553174817566977,0.4936953696832036,-1.023392193391521,-0.3810663862643338,0.0931448373144652,-0.6585199505483369,-0.514819675081733,0.381066386264334,-0.4936953696832038,2.4841252247073147,-0.4315778808977973,-0.2346617948613114,2.2552325088429965,2.0645981446801467,-2.0645981446801454,-0.6412876570233803,1.3759692008680082,-2.255232508842998,0.381066386264334,1.1314042769717068,-0.0046505330426104,-0.3119190548203253,-2.026910034791593,-0.3961121933896049,-0.3860719086350268,-0.2013239596350001,2.0645981446801467,-0.7114443807664012,-0.4727891209922674,0.4418094672275395,-1.2443845388232115,0.0744770551717114
GTEX-14ABY,1.2443845388232115,-1.5679914964717907,0.514819675081733,-0.1634935259298645,0.2827539046344999,1.1674153587269775,1.2443845388232115,0.6073792467767407,0.8772811433566338,1.1226279320577794,-2.3932998646116794,0.2779170089683694,-1.1139372153566884,-0.514819675081733,1.195450804572871,-1.0716906581760843,-0.346285699342696,-2.0645981446801454,-0.7980166062079388,1.3408692908803477,-0.7789781621703243,0.0651532940076319,-0.1540744667957508,-0.5095173924720496,0.1212095673006741,0.5042293960498542,-0.3860719086350268,-1.2545353222880942,1.1314042769717068,0.3364266374948573,0.7356124152439232,-0.8369913991407895,0.4989554619580166,-0.3810663862643338,1.3759692008680082,-0.3810663862643338,-0.1493701104165827,-0.0139520014707611,1.3523845818311528,-0.5523552129489121,0.0698144159426549,0.5415534608499961,-1.9591709979048224,-0.1587822354845152,0.2442333585910436,-1.0001164123162831,-0.4832158447606152,0.3315094021268154,-0.7114443807664012,-0.2538273506747333,-0.3810663862643338,1.2648170437118502,-0.2108246297118815,0.5415534608499961,0.4011472862273944,0.8979687192568956,0.7540238855634623,-0.2251116819514788,-0.8569623777792261,-0.8772811433566338,-0.6017961577614439,-0.4675950415221049,0.2538273506747331
GTEX-14ASI,1.7968702837153605,-0.7852926508502125,2.1501937961635003,-0.7916386077433746,0.3070404075144982,1.000116412316283,1.7968702837153605,0.462413546573279,0.462413546573279,1.82074492261502,-0.7602179716124495,-0.32660016939701,-0.3611379974371059,0.520136471164208,0.8910305119824391,-0.4011472862273942,1.3640820484975271,-0.5361762663658064,-0.596231764610585,-1.4517622707385982,-0.850267731936789,-1.3759692008680076,-0.9190479335937772,-0.6585199505483369,-1.4255825774365014,1.0968035620935137,-0.1587822354845152,0.462413546573279,0.8304082942029329,1.2343603801814165,1.7307972047605154,-0.624243729236281,1.0078143423127026,-1.1053298282224613,0.4213912770678051,-1.1139372153566884,-0.5686800575348554,0.201323959635,0.2394448346237824,-0.7852926508502125,0.7664413630494566,1.6175881179674108,-0.4112482139938643,0.5308145305532521,0.1258957192703828,-0.7417216005233308,-0.8173487968777844,0.9924772957033684,-0.3168051375343428,0.8436109784655275,1.82074492261502,1.2964944386804569,1.928416512895066,-1.0001164123162831,1.3073477923443682,0.5851578873218706,-0.1493701104165827,-1.131404276971706,-1.0078143423127026,-0.4989554619580166,-1.2545353222880942,-1.4930045626254098,-0.6073792467767407
GTEX-14B4R,-1.9284165128950652,1.1492235271996152,-1.1766578532028555,0.1352764286523606,-1.2857916935144202,-1.2964944386804564,-0.9119765235615476,-1.2964944386804564,-1.7968702837153614,-1.2146757214668782,1.5073326312512036,-0.7916386077433746,0.5415534608499961,0.0139520014707611,-0.6585199505483369,0.7417216005233305,0.8436109784655275,1.7968702837153605,1.2545353222880942,-0.3315094021268153,1.000116412316283,1.400345043136658,0.2924477009350161,0.0186031380810724,1.0716906581760843,-0.0465219385151119,0.6129813329265346,0.1024905076914515,-0.884134934875026,0.1634935259298645,-0.5796478267226205,0.6585199505483372,1.438549182645292,-0.933330502902325,-1.6006161338119125,0.5523552129489121,-0.1258957192703828,0.0978166045653749,1.5840930675378757,0.6701174349839331,1.2648170437118502,-0.7114443807664012,1.6530030581052302,-0.3910871229289391,0.1587822354845152,0.1729271126904469,-0.1212095673006743,-0.4520875158696413,0.6935879849651033,0.5523552129489121,0.32660016939701,-1.6906216295848977,-0.4572444368663248,-0.5523552129489121,-1.465233792685523,-0.9119765235615476,-1.3183573694113604,2.3932998646116808,1.4930045626254098,-0.5469463597873272,1.4789766045652544,-1.2648170437118496,-1.0472360474261069
GTEX-14BIL,0.3315094021268154,-0.2155820567040673,0.7664413630494566,-0.3961121933896049,-0.0139520014707611,0.4213912770678051,0.904950425274544,0.1493701104165828,0.2251116819514788,0.6759500545663616,0.0,-1.899384692461367,-1.4789766045652544,0.3512278212462599,0.0186031380810724,-0.7602179716124495,-0.3810663862643338,-0.0232546771714069,0.2827539046344999,0.0744770551717114,-0.2251116819514788,-0.0558351934681735,-0.1118451385279671,0.6995152985526999,0.3661063568005698,-0.2442333585910436,-0.3216987953648042,-1.5522864776181842,0.3413520209215255,0.4727891209922672,0.3961121933896049,0.0978166045653749,0.884134934875026,-0.6935879849651033,0.7356124152439232,-0.2538273506747333,-2.7723180400283463,0.4366879596755643,1.3759692008680082,0.0186031380810724,0.3364266374948573,0.6759500545663616,-1.2648170437118496,-0.1258957192703828,-0.0139520014707611,-0.5415534608499959,0.3860719086350267,-0.2924477009350161,-0.2779170089683694,-0.3216987953648042,-0.624243729236281,-0.4727891209922674,0.1540744667957507,-0.2875974245860253,0.7356124152439232,0.0279067194760658,0.9478060492911886,-0.7980166062079388,-0.2013239596350001,-0.4572444368663248,-0.2013239596350001,-1.0392224351527355,-0.65275435145221
GTEX-14BMV,-0.1305846375599525,0.3315094021268154,-0.1118451385279671,-0.1446690574398205,0.467595041522105,-1.2343603801814165,0.0931448373144652,-0.9478060492911888,-0.462413546573279,0.2682625678197607,0.3910871229289391,0.2394448346237824,-0.4675950415221049,0.7295305620669889,-0.2155820567040673,-1.0968035620935137,0.3512278212462599,0.7789781621703243,1.412851325289763,-0.4520875158696413,0.2155820567040674,0.6073792467767407,-1.7519793109683373,1.4789766045652544,-0.5415534608499959,0.1305846375599525,-1.1053298282224613,-1.0392224351527355,-0.1540744667957508,-0.0093011666671462,0.1540744667957507,0.7602179716124496,-0.9119765235615476,-0.2490274894100124,-0.4727891209922674,-0.3860719086350268,-0.2394448346237824,-0.5632218016027938,-0.346285699342696,0.5523552129489121,-0.0791413141184694,0.2108246297118815,0.514819675081733,0.1024905076914515,1.2443845388232115,-0.5469463597873272,0.7664413630494566,0.0,-0.514819675081733,0.0325593658056133,0.0418668742548894,0.8436109784655275,-1.2146757214668782,-0.520136471164208,-0.884134934875026,-0.4366879596755644,-0.4936953696832038,0.596231764610585,0.1493701104165828,-0.810871091550414,0.1352764286523606,-1.0001164123162831,0.2251116819514788
GTEX-14C38,0.6935879849651033,-0.9478060492911888,0.8772811433566338,-0.4061925696666297,-0.624243729236281,0.3661063568005698,0.8369913991407895,-1.131404276971706,0.6759500545663616,1.0883562937618656,0.0744770551717114,0.8436109784655275,0.023254677171407,1.2964944386804569,0.0,-0.9405436406054154,0.3364266374948573,-1.2443845388232115,0.4727891209922672,2.1501937961635003,-1.7739779942235536,-0.4572444368663248,-1.023392193391521,-0.0139520014707611,-1.5073326312512032,-0.8436109784655275,0.5308145305532521,-0.904950425274544,-0.2155820567040673,0.8238609817031132,0.8772811433566338,0.7664413630494566,-0.3710837698778002,-0.3413520209215255,0.810871091550414,-0.5741553087945971,-0.6186027229558672,0.023254677171407,-0.5308145305532522,-1.0472360474261069,0.5796478267226207,0.2155820567040674,-1.1053298282224613,1.3073477923443682,1.5679914964717907,-0.1258957192703828,-0.962482977182896,-0.0325593658056133,-0.850267731936789,-1.023392193391521,0.1024905076914515,0.7916386077433746,0.2634447638039344,-0.8979687192568958,0.009301166667146,-1.0001164123162831,0.955118795069792,-0.0931448373144652,-0.2634447638039343,-0.3961121933896049,0.3413520209215255,-0.8238609817031132,-0.7054672908207708
GTEX-14C39,0.9848956614915162,-0.4112482139938643,0.9405436406054154,-0.5254680115197978,0.8304082942029329,1.5073326312512036,1.2752342411046045,1.388054028556374,0.3760703934941728,1.3183573694113604,-1.1860019705320748,-1.3759692008680076,-1.340869290880347,0.6995152985526999,0.5796478267226207,-0.8636956533670372,0.0372127170621943,-0.3611379974371059,1.1139372153566884,-0.0279067194760659,-1.438549182645292,-1.131404276971706,-0.0186031380810724,-1.4930045626254098,-0.462413546573279,0.5577802741991821,-0.2924477009350161,-0.107166650845959,-0.1352764286523604,1.2146757214668782,0.8436109784655275,0.8569623777792261,0.7417216005233305,-0.7478585947633022,1.0553174817566977,-2.255232508842998,-1.0155724616555522,0.904950425274544,0.2490274894100126,-0.9478060492911888,0.6073792467767407,1.5073326312512036,-1.5522864776181842,0.2442333585910436,-0.8173487968777844,0.0046505330426105,-1.9591709979048224,0.3661063568005698,-0.1165260755991406,-1.438549182645292,0.2538273506747331,0.1352764286523606,1.3408692908803477,-0.6759500545663616,1.521977006019087,1.4789766045652544,0.6412876570233801,-1.0634684328718786,-0.3710837698778002,0.8238609817031132,-1.1766578532028555,-0.1212095673006743,-1.4789766045652544
GTEX-14C5O,0.2060719695833272,-1.4128513252897623,0.9190479335937772,-0.850267731936789,1.5369552544493164,0.5415534608499961,0.4163143916073593,1.0155724616555522,0.0884751021146148,0.3462856993426961,-0.4011472862273942,-0.8569623777792261,-0.0931448373144652,-0.3168051375343428,0.3661063568005698,-0.6355858691140569,0.9119765235615476,-0.664307523893006,-0.0698144159426548,-1.0001164123162831,-1.6006161338119125,0.4213912770678051,-0.2013239596350001,0.520136471164208,0.7664413630494566,0.977370221692195,-0.4264790471503241,-0.2394448346237824,0.3661063568005698,0.0139520014707611,0.1776496307692544,-0.5523552129489121,0.0046505330426105,-0.6299046699224384,0.4520875158696414,-1.2648170437118496,-0.7916386077433746,0.0279067194760658,1.6530030581052302,1.023392193391522,0.1118451385279671,1.2050075920152503,-1.0001164123162831,-0.220344368026539,1.4930045626254098,-0.904950425274544,-0.2346617948613114,0.3216987953648042,1.195450804572871,1.1492235271996152,0.6129813329265346,0.1446690574398205,-0.5686800575348554,-0.3119190548203253,0.2634447638039344,-0.0931448373144652,0.1918414273303961,0.6017961577614437,-0.504229396049854,-0.2394448346237824,-0.5308145305532522,-1.871870730867245,-1.023392193391521
GTEX-14DAR,-0.2730866066364132,0.8304082942029329,0.0186031380810724,-1.4517622707385982,-1.438549182645292,-1.2244587432783245,-0.5415534608499959,0.681805760846509,-1.6006161338119125,-0.8704683159405441,0.7726945818405243,0.467595041522105,1.9591709979048224,-1.9918985578978008,-1.7103643678208365,1.2857916935144202,0.3462856993426961,0.7916386077433746,-0.884134934875026,-0.3910871229289391,0.4832158447606152,3.112470178603064,0.8910305119824391,1.9591709979048224,2.4841252247073147,-1.7307972047605154,1.0716906581760843,1.7519793109683377,-2.026910034791593,-1.6530030581052302,-1.3640820484975271,-0.7726945818405243,0.3910871229289391,1.5369552544493164,-1.0634684328718786,0.596231764610585,-0.2924477009350161,0.8636956533670372,-1.1226279320577794,1.6006161338119125,-1.9284165128950652,-0.4936953696832038,0.6759500545663616,-1.6350392668017106,0.1682084481374105,-0.3710837698778002,2.4841252247073147,-1.5219770060190867,1.7519793109683377,1.6906216295848986,1.7103643678208365,-1.0883562937618656,-0.5361762663658064,0.904950425274544,-0.0372127170621942,-0.6355858691140569,-0.9848956614915162,-0.1165260755991406,0.962482977182896,0.6470103701484196,0.8044272335589819,-1.82074492261502,0.0604935871747794
GTEX-14E6C,1.438549182645292,-0.3315094021268153,-0.1446690574398205,-0.0465219385151119,0.0,1.8718707308672449,-0.65275435145221,1.1314042769717068,1.7739779942235527,-0.9698997294331952,-0.6355858691140569,0.4572444368663246,0.9698997294331956,-1.6530030581052302,-0.3512278212462601,0.7726945818405243,-0.2490274894100124,-0.8173487968777844,-1.388054028556375,2.199684129871479,-1.1766578532028555,-0.1540744667957508,0.9190479335937772,-0.6299046699224384,0.3168051375343427,1.7103643678208365,0.9190479335937772,0.2924477009350161,-0.5686800575348554,-2.3932998646116794,-0.4832158447606152,-1.7103643678208365,0.7789781621703243,1.0634684328718786,0.9478060492911886,-1.0155724616555522,1.2545353222880942,0.8173487968777844,1.0634684328718786,-1.031275009879428,-0.6017961577614439,1.4255825774365014,-0.6701174349839331,0.1071666508459588,-1.3523845818311535,0.2924477009350161,0.467595041522105,0.0139520014707611,-0.664307523893006,-0.5523552129489121,0.0558351934681737,1.4930045626254098,-0.0651532940076319,-0.1965804839448126,1.438549182645292,1.412851325289763,-0.0838072954543562,-0.962482977182896,0.3021690572528446,-0.2155820567040673,0.3462856993426961,1.1402686438941925,1.7307972047605154
GTEX-14E6D,1.0883562937618656,-1.2545353222880942,0.4112482139938643,-1.3640820484975271,-0.0465219385151119,0.9848956614915162,2.0269100347915936,0.4264790471503241,1.0716906581760843,2.105469450920689,-1.1766578532028555,-0.7602179716124495,0.4520875158696414,0.8704683159405441,0.7726945818405243,0.2060719695833272,-0.5851578873218707,-1.031275009879428,-0.5361762663658064,1.5840930675378757,-1.4255825774365014,-0.462413546573279,-0.2730866066364132,-2.484125224707312,-1.7968702837153614,0.9924772957033684,0.0279067194760658,-1.3295291071787323,0.525468011519798,1.0968035620935137,1.9918985578978008,-0.596231764610585,1.5840930675378757,-0.3070404075144982,0.977370221692195,-0.6759500545663616,-0.9261656018472316,0.6186027229558674,-0.5686800575348554,-1.0078143423127026,1.2050075920152503,1.3408692908803477,-0.884134934875026,0.9924772957033684,-1.0001164123162831,0.520136471164208,-1.2343603801814165,0.884134934875026,-0.1965804839448126,-0.8238609817031132,-0.6876849397127831,-0.2346617948613114,0.8704683159405441,-0.7980166062079388,1.388054028556374,0.187106675327825,0.596231764610585,-0.9190479335937772,0.0465219385151119,-0.3860719086350268,-0.7602179716124495,-0.2108246297118815,0.4727891209922672
GTEX-14E6E,-0.6818057608465092,2.772318040028347,-0.462413546573279,-0.3315094021268153,-0.7789781621703243,-0.8772811433566338,-0.9405436406054154,0.4366879596755643,-0.8636956533670372,-1.2343603801814165,1.438549182645292,0.3561785367094661,1.1053298282224615,-0.9190479335937772,-0.8772811433566338,0.546946359787327,0.0884751021146148,1.1860019705320748,-1.195450804572871,-0.1776496307692544,1.6906216295848986,1.5840930675378757,0.7174469963041701,1.0968035620935137,1.023392193391522,-0.462413546573279,-0.0186031380810724,0.4264790471503241,-0.8910305119824391,-1.465233792685523,-1.6350392668017106,-0.6759500545663616,-0.8304082942029333,1.0078143423127026,-1.3640820484975271,1.2545353222880942,0.467595041522105,-0.2875974245860253,-0.0465219385151119,0.7540238855634623,-0.9924772957033684,-0.5254680115197978,1.82074492261502,-0.6701174349839331,0.3070404075144982,1.023392193391522,1.5679914964717907,-1.871870730867245,0.4163143916073593,-0.8569623777792261,0.596231764610585,-0.3021690572528447,-2.026910034791593,1.0634684328718786,-0.0139520014707611,0.1071666508459588,-1.3295291071787323,-0.2924477009350161,1.899384692461367,-0.229884117579232,1.7519793109683377,-1.5369552544493164,-0.624243729236281
GTEX-14E7W,0.1118451385279671,-0.7356124152439232,0.9478060492911886,-0.0651532940076319,-0.107166650845959,0.7054672908207708,0.3860719086350267,0.2634447638039344,0.4469425897337917,0.0978166045653749,-0.6995152985526998,-0.2586330669514177,0.596231764610585,-0.624243729236281,0.8502677319367892,0.4315778808977973,0.6186027229558674,-0.4727891209922674,-1.0634684328718786,-0.7295305620669889,-0.2875974245860253,0.4572444368663246,-1.340869290880347,-1.82074492261502,-0.6585199505483369,0.596231764610585,-0.0651532940076319,0.5851578873218706,1.2752342411046045,1.0883562937618656,0.1305846375599525,-1.3759692008680076,0.6355858691140571,-0.7726945818405243,0.4011472862273944,0.3315094021268154,-0.0465219385151119,0.0884751021146148,-0.462413546573279,-0.596231764610585,0.8704683159405441,0.9848956614915162,-0.346285699342696,0.6470103701484196,0.7726945818405243,0.5851578873218706,-0.7356124152439232,0.6995152985526999,0.2298841175792322,0.0418668742548894,0.7054672908207708,0.5632218016027939,0.8044272335589819,-0.0838072954543562,0.7980166062079388,0.7356124152439232,0.6643075238930058,-0.0744770551717116,-0.107166650845959,-0.3021690572528447,-0.9478060492911888,0.4936953696832036,0.381066386264334
GTEX-14ICK,0.6355858691140571,0.4418094672275395,0.4011472862273944,-0.5577802741991821,-0.7726945818405243,0.2634447638039344,-2.026910034791593,-0.2634447638039343,0.977370221692195,-0.1871066753278251,0.201323959635,-1.1053298282224613,0.7540238855634623,0.5851578873218706,0.4727891209922672,-0.4163143916073592,-0.8569623777792261,-0.1776496307692544,-1.1766578532028555,0.8173487968777844,0.3710837698778,0.5741553087945971,-0.9261656018472316,-0.4011472862273942,0.0465219385151119,0.2779170089683694,-0.2060719695833272,-0.5415534608499959,1.3523845818311528,-0.462413546573279,0.2060719695833272,-0.5254680115197978,0.2155820567040674,1.0553174817566977,0.6935879849651033,0.7417216005233305,-1.4128513252897623,-0.7114443807664012,1.2146757214668782,-0.6186027229558672,0.7356124152439232,0.977370221692195,-0.4572444368663248,0.884134934875026,0.3168051375343427,1.1492235271996152,-0.1165260755991406,0.2586330669514177,-0.9119765235615476,-1.82074492261502,0.3860719086350267,-0.6073792467767407,-0.3910871229289391,1.0799859809506631,0.4163143916073593,-0.6412876570233803,0.514819675081733,0.1024905076914515,0.6995152985526999,-2.10546945092069,0.7174469963041701,-1.9284165128950652,-0.2779170089683694
GTEX-14ICL,-0.1540744667957508,1.0883562937618656,0.0046505330426105,-0.1493701104165827,-0.1634935259298645,-0.3021690572528447,-0.1823761141706537,-0.3961121933896049,-0.2346617948613114,-0.0698144159426548,1.3183573694113604,-0.0232546771714069,-1.275234241104605,1.3523845818311528,-0.4112482139938643,-2.0645981446801454,0.2155820567040674,0.8304082942029329,0.9261656018472316,-0.7234755745418949,0.5632218016027939,0.810871091550414,-0.2060719695833272,0.3910871229289391,-0.1682084481374103,-0.6995152985526998,-1.3640820484975271,-1.6350392668017106,-0.7664413630494566,0.0931448373144652,-0.0093011666671462,1.438549182645292,-0.7664413630494566,0.3512278212462599,-0.3168051375343428,0.1634935259298645,-0.884134934875026,-1.195450804572871,-0.1823761141706537,0.201323959635,0.0604935871747794,-0.2155820567040673,0.8979687192568956,1.000116412316283,1.3523845818311528,0.65275435145221,0.2346617948613113,-0.4779959870785905,-0.3961121933896049,0.023254677171407,-0.1634935259298645,-0.504229396049854,-0.9405436406054154,-0.1446690574398205,-0.3512278212462601,-1.7307972047605154,-0.1871066753278251,0.1212095673006741,0.5851578873218706,-1.5369552544493164,1.3295291071787323,-1.7103643678208365,-0.977370221692195
GTEX-14JFF,1.7519793109683377,-0.596231764610585,0.1823761141706538,-1.5219770060190867,1.3183573694113604,1.5679914964717907,0.7726945818405243,1.195450804572871,1.3523845818311528,1.0472360474261069,-0.904950425274544,-0.4727891209922674,-0.9478060492911888,-0.7916386077433746,0.9848956614915162,-0.6935879849651033,-0.504229396049854,-0.7356124152439232,-0.6412876570233803,-0.5254680115197978,-1.0799859809506631,-1.5522864776181842,0.7295305620669889,-1.9918985578978008,0.6701174349839331,1.5679914964717907,-0.0465219385151119,0.5632218016027939,0.3512278212462599,-0.4572444368663248,1.023392193391522,-0.9190479335937772,1.899384692461367,0.4366879596755643,1.5522864776181842,-1.3640820484975271,0.0,1.0716906581760843,0.5796478267226207,-1.5522864776181842,0.2538273506747331,2.105469450920689,-0.5796478267226205,-0.4366879596755644,-2.0645981446801454,0.3961121933896049,-0.977370221692195,0.3021690572528446,-0.3810663862643338,-0.4572444368663248,1.1582715276653734,0.3860719086350267,1.4517622707385982,0.1305846375599525,1.6530030581052302,0.962482977182896,0.8569623777792261,-1.1582715276653734,-0.1965804839448126,0.5632218016027939,-0.65275435145221,-0.0279067194760659,0.3860719086350267
GTEX-14JG1,-0.2682625678197609,-0.0838072954543562,-0.0418668742548895,-0.7980166062079388,-0.904950425274544,-0.955118795069792,0.6876849397127831,0.1446690574398205,0.1634935259298645,0.596231764610585,0.1305846375599525,0.4989554619580166,0.6935879849651033,0.65275435145221,-0.0978166045653749,0.6242437292362808,0.884134934875026,-0.2586330669514177,0.4163143916073593,-0.8238609817031132,-1.2545353222880942,0.1540744667957507,-2.7723180400283463,-0.2827539046344998,-0.9190479335937772,0.3168051375343427,-0.0604935871747794,-0.7664413630494566,0.4572444368663246,0.8044272335589819,0.4366879596755643,0.1118451385279671,0.5361762663658064,-0.520136471164208,0.0604935871747794,-0.1024905076914514,-1.465233792685523,0.0651532940076319,-0.4469425897337917,-0.1399711994794718,1.0883562937618656,0.0698144159426549,-1.3183573694113604,0.4520875158696414,0.4779959870785905,-0.462413546573279,0.0,0.3561785367094661,-1.023392193391521,1.899384692461367,0.2682625678197607,-0.1540744667957508,0.1071666508459588,-0.2394448346237824,0.1446690574398205,0.0884751021146148,0.546946359787327,-0.0046505330426104,-0.1493701104165827,0.6585199505483372,-0.0325593658056133,-1.0634684328718786,-1.2343603801814165
GTEX-14PHX,-0.8436109784655275,0.962482977182896,-1.5219770060190867,0.1540744667957507,-0.4264790471503241,-0.3119190548203253,-0.1776496307692544,0.0372127170621943,-1.2545353222880942,-0.5095173924720496,0.3760703934941728,-0.0186031380810724,1.8718707308672449,-1.1139372153566884,-0.9405436406054154,1.6715166841106104,-2.1501937961635003,0.4011472862273944,-0.7916386077433746,1.0155724616555522,0.3512278212462599,1.9918985578978008,1.1139372153566884,0.5415534608499961,2.772318040028347,-0.4163143916073592,0.7174469963041701,1.2443845388232115,-1.61758811796741,-1.5369552544493164,-0.9119765235615476,-0.7356124152439232,-0.1165260755991406,1.388054028556374,-0.7054672908207708,0.3760703934941728,0.977370221692195,1.2343603801814165,-2.199684129871477,1.388054028556374,-1.388054028556375,-1.5219770060190867,0.5361762663658064,-1.9591709979048224,-0.9924772957033684,0.9261656018472316,3.112470178603064,-1.140268643894193,1.4255825774365014,0.2155820567040674,1.6530030581052302,0.7295305620669889,-1.275234241104605,0.9261656018472316,0.1165260755991407,1.0883562937618656,-0.6759500545663616,-0.6759500545663616,1.6530030581052302,0.6017961577614437,0.3512278212462599,-0.8304082942029333,1.412851325289763
GTEX-14PII,0.8304082942029329,-1.4517622707385982,0.8369913991407895,0.4832158447606152,-0.1446690574398205,0.5523552129489121,0.9261656018472316,-0.2875974245860253,0.8436109784655275,0.7356124152439232,-1.340869290880347,-0.884134934875026,-0.8238609817031132,-0.7295305620669889,1.023392193391522,-0.0279067194760659,-0.5415534608499959,-1.167415358726977,-1.7103643678208365,-0.0511780111120515,-0.4675950415221049,0.6759500545663616,-0.7789781621703243,-0.3119190548203253,0.2394448346237824,0.5415534608499961,0.3315094021268154,-1.3523845818311535,0.6995152985526999,0.8304082942029329,0.5095173924720495,-1.5522864776181842,-0.5415534608499959,0.1258957192703828,1.2648170437118502,-1.3073477923443677,0.6129813329265346,-0.664307523893006,-0.0511780111120515,-0.0604935871747794,0.7852926508502123,0.955118795069792,-1.031275009879428,0.0978166045653749,-0.1118451385279671,-0.3961121933896049,-0.9261656018472316,0.7295305620669889,-0.7054672908207708,-0.9478060492911888,-0.5686800575348554,0.933330502902325,0.6129813329265346,-0.0604935871747794,0.0884751021146148,0.681805760846509,1.023392193391522,-0.3315094021268153,-0.2827539046344998,-0.520136471164208,-0.5469463597873272,0.462413546573279,1.2964944386804569
GTEX-14PJ2,-1.8457049029212595,-0.3512278212462601,0.467595041522105,0.3561785367094661,1.8718707308672449,-1.388054028556375,-0.0978166045653749,1.635039266801711,-1.4255825774365014,-0.3910871229289391,-0.3168051375343428,0.1024905076914515,2.3932998646116808,-1.023392193391521,-0.7356124152439232,1.7307972047605154,2.318757970977832,-0.1446690574398205,-0.6935879849651033,-0.8436109784655275,-0.346285699342696,1.3183573694113604,0.2973048669834491,2.1501937961635003,1.3295291071787323,1.84570490292126,1.0883562937618656,1.5522864776181842,-1.2244587432783245,-0.977370221692195,-0.7234755745418949,-0.9848956614915162,0.4469425897337917,-1.2648170437118496,-0.904950425274544,-0.6129813329265346,1.5073326312512036,0.962482977182896,2.4841252247073147,2.3932998646116808,-0.4418094672275395,0.2875974245860253,0.0325593658056133,-0.7417216005233308,1.5369552544493164,-1.5840930675378757,0.6299046699224384,-1.3523845818311535,1.3640820484975271,0.6585199505483372,2.2552325088429965,0.4469425897337917,-0.4061925696666297,-0.8173487968777844,0.9261656018472316,0.8369913991407895,-0.5686800575348554,3.112470178603064,-1.340869290880347,1.0799859809506631,-1.1226279320577794,-1.9591709979048224,-0.7664413630494566
GTEX-14PJ3,-0.2827539046344998,1.0155724616555522,-0.7417216005233308,0.4264790471503241,-0.9119765235615476,0.2973048669834491,-1.4128513252897623,1.0799859809506631,-0.3021690572528447,-1.1582715276653734,0.6701174349839331,-1.2648170437118496,0.0465219385151119,0.4112482139938643,-0.2394448346237824,0.8636956533670372,-1.5369552544493164,0.1493701104165828,-0.0325593658056133,1.5073326312512036,0.2973048669834491,0.1776496307692544,-0.2682625678197609,-0.596231764610585,0.933330502902325,-0.4675950415221049,0.6995152985526999,0.201323959635,-0.8044272335589816,0.1399711994794717,-0.3961121933896049,0.2779170089683694,-1.2343603801814165,1.0799859809506631,-0.4366879596755644,0.4884489019738812,-0.850267731936789,0.5796478267226207,0.0465219385151119,0.3168051375343427,-0.4520875158696413,-0.220344368026539,0.4264790471503241,0.023254677171407,-1.1226279320577794,1.1402686438941925,0.5741553087945971,0.0931448373144652,0.2634447638039344,-1.3523845818311535,-0.7726945818405243,-0.2490274894100124,-0.3860719086350268,1.1582715276653734,0.3216987953648042,0.2634447638039344,-1.8457049029212595,-1.7103643678208365,0.8636956533670372,-0.4011472862273942,0.6073792467767407,0.3860719086350267,-0.0232546771714069
GTEX-14PJ4,-1.0968035620935137,1.7103643678208365,-0.6355858691140569,-0.6017961577614439,-0.7852926508502125,-0.5523552129489121,-1.2443845388232115,0.5415534608499961,-1.9918985578978008,-1.5522864776181842,1.0553174817566977,-0.5851578873218707,0.9478060492911886,-0.107166650845959,-1.5219770060190867,1.5073326312512036,0.187106675327825,1.0968035620935137,-0.2779170089683694,-0.220344368026539,1.6715166841106104,1.5073326312512036,1.2857916935144202,0.4572444368663246,1.3408692908803477,-1.5522864776181842,0.8910305119824391,1.0634684328718786,-0.504229396049854,-0.4112482139938643,-2.10546945092069,-0.3611379974371059,-0.220344368026539,0.8569623777792261,-2.0645981446801454,1.6906216295848986,0.5686800575348554,0.6129813329265346,-0.4163143916073592,0.8304082942029329,-1.1226279320577794,-0.8979687192568958,1.2343603801814165,-0.624243729236281,0.2298841175792322,0.7916386077433746,1.0716906581760843,-0.810871091550414,1.465233792685523,0.187106675327825,-0.2013239596350001,-1.9918985578978008,-1.3073477923443677,1.1226279320577794,-0.4112482139938643,-0.1493701104165827,-1.5840930675378757,0.4112482139938643,1.82074492261502,0.32660016939701,0.9119765235615476,-0.9848956614915162,-1.2964944386804564
GTEX-14PJO,0.1399711994794717,0.4112482139938643,-0.3760703934941728,0.1634935259298645,-1.0472360474261069,0.3860719086350267,0.0651532940076319,-1.0001164123162831,0.5577802741991821,0.6017961577614437,0.32660016939701,-1.5073326312512032,-1.3523845818311535,1.3295291071787323,0.6701174349839331,-0.7234755745418949,-1.7968702837153614,0.5042293960498542,1.4930045626254098,-0.2013239596350001,0.7295305620669889,0.4061925696666297,-0.4520875158696413,-0.9405436406054154,-0.4315778808977973,0.3512278212462599,-0.5577802741991821,-0.596231764610585,0.8704683159405441,0.2779170089683694,0.6129813329265346,1.7103643678208365,-0.4936953696832038,0.6759500545663616,0.467595041522105,0.5686800575348554,0.0372127170621943,-0.8044272335589816,-0.8704683159405441,-2.6016947511653714,0.0884751021146148,0.0604935871747794,0.3760703934941728,0.6355858691140571,-0.4989554619580166,0.1776496307692544,-1.340869290880347,0.5415534608499961,-1.7307972047605154,-1.5522864776181842,-0.9190479335937772,-0.0698144159426548,-0.0046505330426104,1.0392224351527355,-0.5686800575348554,-0.2924477009350161,-0.220344368026539,-0.8238609817031132,0.1399711994794717,-2.0645981446801454,0.4264790471503241,-0.0046505330426104,0.3961121933896049
GTEX-15CHQ,-0.2779170089683694,0.5632218016027939,-1.1860019705320748,0.0372127170621943,0.8238609817031132,1.023392193391522,0.4366879596755643,0.6995152985526999,0.2394448346237824,0.6242437292362808,-0.8173487968777844,-0.8238609817031132,-2.255232508842998,-1.9284165128950652,0.381066386264334,-0.5361762663658064,-0.7540238855634623,-0.0325593658056133,0.9698997294331956,-0.4315778808977973,0.0279067194760658,-1.871870730867245,-0.3413520209215255,0.2490274894100126,-0.4112482139938643,1.6006161338119125,-0.4418094672275395,0.3021690572528446,0.884134934875026,-1.4930045626254098,0.1024905076914515,0.3021690572528446,-1.7519793109683373,0.4315778808977973,1.3183573694113604,0.009301166667146,2.318757970977832,-1.3523845818311535,0.4989554619580166,0.7174469963041701,-0.5415534608499959,-0.4989554619580166,0.3070404075144982,-1.61758811796741,-1.7519793109683373,0.7054672908207708,-0.4315778808977973,-0.0791413141184694,1.0716906581760843,-0.3661063568005696,0.520136471164208,1.400345043136658,-0.8238609817031132,0.1682084481374105,-0.1682084481374103,1.6715166841106104,0.904950425274544,-0.229884117579232,0.6412876570233801,-0.3661063568005696,-0.3512278212462601,1.0472360474261069,1.9918985578978008
GTEX-15CHR,-0.5308145305532522,1.3408692908803477,0.1634935259298645,-0.7417216005233308,-1.0078143423127026,-1.4003450431366584,-1.340869290880347,-0.3021690572528447,-1.2050075920152503,-1.140268643894193,1.7739779942235527,-0.1258957192703828,0.8704683159405441,0.8173487968777844,-0.1540744667957508,-0.1634935259298645,-0.3315094021268153,1.9591709979048224,1.2964944386804569,0.2346617948613113,1.7968702837153605,0.8436109784655275,-1.275234241104605,0.2442333585910436,-0.2251116819514788,-0.0978166045653749,0.2108246297118815,-0.2875974245860253,-0.1399711994794718,0.2490274894100126,-0.3070404075144982,0.7478585947633022,-0.2730866066364132,0.1165260755991407,-2.255232508842998,1.6715166841106104,-1.031275009879428,-0.462413546573279,-0.3413520209215255,-0.2538273506747333,0.0931448373144652,0.3364266374948573,1.7739779942235527,0.7356124152439232,1.1053298282224615,-0.0884751021146149,0.0651532940076319,0.0604935871747794,-1.6530030581052302,-0.7234755745418949,0.1352764286523606,-0.5254680115197978,-0.4163143916073592,0.2730866066364132,0.0651532940076319,-1.0799859809506631,-1.7739779942235536,-0.1212095673006743,0.9698997294331956,-0.4163143916073592,1.635039266801711,-3.112470178603051,-0.7417216005233308
GTEX-15CHS,0.7789781621703243,-0.4832158447606152,1.1766578532028555,-1.388054028556375,1.5840930675378757,1.0553174817566977,0.8238609817031132,1.224458743278325,0.1118451385279671,0.7852926508502123,-0.2346617948613114,-0.3315094021268153,0.1823761141706538,0.4011472862273944,-0.0418668742548895,-0.3216987953648042,1.4255825774365014,-0.2490274894100124,-0.1212095673006743,-1.465233792685523,-0.8569623777792261,-0.4011472862273942,-1.1492235271996152,1.1053298282224615,-0.7916386077433746,1.3523845818311528,-1.4128513252897623,-0.4061925696666297,-1.6350392668017106,0.2251116819514788,0.4832158447606152,-0.1823761141706537,0.1493701104165828,-1.4517622707385982,0.3168051375343427,-1.1226279320577794,0.1729271126904469,0.4832158447606152,1.899384692461367,0.3561785367094661,1.000116412316283,1.7739779942235527,-0.4163143916073592,0.3910871229289391,1.9591709979048224,-0.32660016939701,-0.5254680115197978,-0.0978166045653749,-0.4163143916073592,-0.3021690572528447,1.438549182645292,0.6242437292362808,-0.3760703934941728,-2.3187579709778325,0.962482977182896,1.5679914964717907,-0.1682084481374103,1.899384692461367,-0.2155820567040673,-0.955118795069792,-0.4315778808977973,-1.0472360474261069,-0.1258957192703828
GTEX-15D1Q,1.5840930675378757,-1.0392224351527355,0.7726945818405243,1.3183573694113604,0.2442333585910436,1.9591709979048224,0.2251116819514788,0.7664413630494566,2.318757970977832,-0.0465219385151119,-0.9848956614915162,-0.5686800575348554,-0.1212095673006743,-2.1501937961635003,1.2752342411046045,-0.6299046699224384,-0.4366879596755644,-0.8436109784655275,-1.4128513252897623,-0.5796478267226205,-1.195450804572871,-1.1766578532028555,0.7114443807664012,-0.2924477009350161,0.1165260755991407,1.0634684328718786,-0.2013239596350001,-0.4264790471503241,0.4520875158696414,0.7417216005233305,0.023254677171407,-1.7519793109683373,0.514819675081733,-0.4213912770678052,2.4841252247073147,-1.465233792685523,0.1682084481374105,-0.0093011666671462,0.3512278212462599,-0.8173487968777844,0.596231764610585,0.6585199505483372,-0.6995152985526998,0.2973048669834491,-1.1766578532028555,-0.346285699342696,0.4936953696832036,1.0078143423127026,-0.6995152985526998,-0.5686800575348554,0.3611379974371059,1.438549182645292,1.7307972047605154,-1.465233792685523,1.5522864776181842,0.514819675081733,1.521977006019087,-0.933330502902325,-0.5095173924720496,-0.6995152985526998,-0.4366879596755644,0.810871091550414,1.1492235271996152
GTEX-15D79,0.9261656018472316,-0.4061925696666297,1.465233792685523,-0.1165260755991406,1.195450804572871,0.6073792467767407,0.7664413630494566,0.6299046699224384,0.1682084481374105,0.7789781621703243,-0.3760703934941728,0.0465219385151119,-1.140268643894193,-0.0511780111120515,0.1918414273303961,-0.810871091550414,0.0791413141184694,-0.1871066753278251,-0.2682625678197609,-0.9190479335937772,-0.4366879596755644,-0.8979687192568958,-0.4832158447606152,0.2298841175792322,0.1918414273303961,0.2155820567040674,-0.7916386077433746,-0.1918414273303961,-0.9478060492911888,0.4936953696832036,0.6759500545663616,-0.4011472862273942,-0.2827539046344998,-1.1226279320577794,0.2394448346237824,-0.6876849397127831,0.7789781621703243,-0.0978166045653749,1.000116412316283,0.2538273506747331,-0.4779959870785905,0.7540238855634623,-0.0046505330426104,-0.5851578873218707,-0.6585199505483369,-0.5361762663658064,-0.0651532940076319,0.2298841175792322,0.1446690574398205,0.7114443807664012,0.7980166062079388,1.5522864776181842,1.2964944386804569,-1.5840930675378757,0.8436109784655275,0.5415534608499961,0.520136471164208,0.3021690572528446,-0.664307523893006,-0.1024905076914514,-1.167415358726977,-0.6073792467767407,-0.2490274894100124
GTEX-15EO6,0.0838072954543562,-0.4011472862273942,0.9119765235615476,-0.2060719695833272,2.6016947511653696,-0.2973048669834489,-0.1305846375599525,2.6016947511653696,-1.1766578532028555,-0.4366879596755644,-0.3710837698778002,0.6412876570233801,1.9918985578978008,-1.2964944386804564,-1.2050075920152503,1.7739779942235527,0.5906857713824718,-0.1823761141706537,-0.7295305620669889,-0.904950425274544,-0.4315778808977973,-0.884134934875026,0.6017961577614437,2.318757970977832,0.6935879849651033,1.82074492261502,1.6006161338119125,1.400345043136658,-1.2964944386804564,-0.7356124152439232,-0.8238609817031132,-1.0472360474261069,0.5042293960498542,-1.3183573694113604,-0.4213912770678052,-0.6818057608465092,1.3759692008680082,1.412851325289763,2.2552325088429965,2.1501937961635003,-1.4517622707385982,0.9119765235615476,0.0,-1.4003450431366584,-0.933330502902325,-1.6715166841106104,0.8369913991407895,-1.0472360474261069,1.5679914964717907,0.1118451385279671,1.899384692461367,1.0716906581760843,0.5906857713824718,-1.2648170437118496,2.0269100347915936,2.105469450920689,-0.624243729236281,0.3910871229289391,-1.438549182645292,1.899384692461367,-1.1582715276653734,-0.1823761141706537,-0.0418668742548895
GTEX-15EU6,-0.7478585947633022,0.1729271126904469,-1.0553174817566977,1.4517622707385982,0.0884751021146148,-0.7664413630494566,-1.3640820484975271,-0.3860719086350268,-0.0465219385151119,-0.2538273506747333,0.0465219385151119,0.5741553087945971,-0.7602179716124495,-0.3512278212462601,0.009301166667146,0.1352764286523606,-1.0078143423127026,0.0372127170621943,-0.1871066753278251,0.5577802741991821,-0.0744770551717116,0.1634935259298645,1.1766578532028555,1.0078143423127026,1.4255825774365014,-0.9478060492911888,0.4112482139938643,0.955118795069792,0.0372127170621943,-1.031275009879428,-0.1871066753278251,-0.1352764286523604,-0.1540744667957508,0.7356124152439232,-0.0744770551717116,-1.2964944386804564,0.8238609817031132,0.3611379974371059,0.7852926508502123,1.1402686438941925,-1.1492235271996152,-0.904950425274544,0.0511780111120515,-0.7174469963041701,-1.3183573694113604,0.7852926508502123,0.9190479335937772,0.0465219385151119,0.5095173924720495,-2.026910034791593,-0.5632218016027938,-0.65275435145221,-0.0978166045653749,0.3561785367094661,-0.8910305119824391,-0.8910305119824391,0.1587822354845152,0.1823761141706538,0.4572444368663246,0.1118451385279671,0.3860719086350267,1.031275009879428,0.6129813329265346
GTEX-15F5U,-1.7307972047605154,0.3413520209215255,-0.3611379974371059,0.467595041522105,-0.977370221692195,0.0698144159426549,-1.5522864776181842,-1.1860019705320748,-0.7540238855634623,-1.2443845388232115,1.4930045626254098,0.8704683159405441,0.0931448373144652,1.2545353222880942,-0.850267731936789,-0.4727891209922674,-0.4520875158696413,1.4930045626254098,1.5679914964717907,-0.2682625678197609,1.1314042769717068,0.8502677319367892,0.2634447638039344,0.5741553087945971,0.187106675327825,-0.9119765235615476,0.3021690572528446,-0.7114443807664012,-0.7980166062079388,0.2394448346237824,-0.65275435145221,1.465233792685523,0.3760703934941728,0.1823761141706538,-0.6935879849651033,1.1314042769717068,0.3070404075144982,-1.2343603801814165,-0.5906857713824718,0.0558351934681737,0.0558351934681737,-1.1860019705320748,0.8304082942029329,0.6876849397127831,1.0392224351527355,-0.5632218016027938,-0.0279067194760659,-0.664307523893006,0.2346617948613113,-0.8636956533670372,-0.4520875158696413,-1.1766578532028555,-0.1024905076914514,0.514819675081733,-0.810871091550414,-1.6906216295848977,-0.7726945818405243,0.977370221692195,0.2973048669834491,-0.1918414273303961,1.0553174817566977,-0.514819675081733,-0.5851578873218707
GTEX-15G19,1.2050075920152503,-1.2857916935144202,0.8910305119824391,-0.1540744667957508,-0.3512278212462601,0.4779959870785905,2.199684129871479,-0.5523552129489121,0.7356124152439232,1.7968702837153605,-1.2244587432783245,0.962482977182896,-1.2857916935144202,0.1165260755991407,0.7478585947633022,0.1071666508459588,0.2490274894100126,-1.0716906581760843,0.3760703934941728,0.1540744667957507,-1.4930045626254098,-0.8910305119824391,-1.2857916935144202,-0.5523552129489121,-1.8457049029212595,-0.7602179716124495,0.904950425274544,-0.1118451385279671,0.8238609817031132,1.4517622707385982,1.5073326312512036,0.0744770551717114,0.904950425274544,-2.484125224707312,0.7916386077433746,0.0139520014707611,-0.3315094021268153,0.8369913991407895,0.1305846375599525,-1.1226279320577794,1.5679914964717907,0.8304082942029329,-0.9119765235615476,1.1860019705320748,1.3640820484975271,-1.3759692008680076,-1.2857916935144202,0.7114443807664012,-1.4517622707385982,0.1024905076914515,0.6186027229558674,0.1776496307692544,1.6906216295848986,-1.5679914964717907,0.467595041522105,0.2490274894100126,0.5741553087945971,0.4264790471503241,-2.1501937961635003,0.4418094672275395,-1.7519793109683373,0.1024905076914515,-1.1492235271996152
GTEX-15G1A,-0.0418668742548895,0.6995152985526999,0.884134934875026,-1.2050075920152503,-1.0634684328718786,-2.484125224707312,-0.3168051375343428,0.4213912770678051,-1.465233792685523,-0.6585199505483369,0.962482977182896,2.0645981446801467,1.84570490292126,-0.2442333585910436,-2.3932998646116794,1.2964944386804569,-1.2964944386804564,1.0883562937618656,-0.2924477009350161,-1.2545353222880942,0.7602179716124496,1.899384692461367,-1.0553174817566977,0.2346617948613113,1.0634684328718786,-2.026910034791593,1.6715166841106104,0.5415534608499961,-0.977370221692195,-0.4989554619580166,-1.140268643894193,-0.514819675081733,1.400345043136658,0.4011472862273944,-1.140268643894193,0.6299046699224384,-0.8979687192568958,1.6006161338119125,-1.4128513252897623,-0.2634447638039343,-1.023392193391521,0.3315094021268154,0.8238609817031132,-0.4936953696832038,-0.7356124152439232,-0.850267731936789,1.7103643678208365,-1.9591709979048224,-0.6759500545663616,1.4930045626254098,0.904950425274544,-0.2634447638039343,-0.2442333585910436,0.0931448373144652,1.1053298282224615,0.0418668742548894,-0.7852926508502125,-1.2857916935144202,0.3168051375343427,0.7295305620669889,0.6876849397127831,-0.7540238855634623,0.6355858691140571
GTEX-15RIE,-1.871870730867245,1.3523845818311528,-1.0078143423127026,-1.140268643894193,-0.955118795069792,-2.1501937961635003,-0.2682625678197609,-0.0186031380810724,-1.61758811796741,-0.6017961577614439,0.5741553087945971,0.8238609817031132,0.8979687192568956,-1.5369552544493164,-1.1860019705320748,0.933330502902325,0.201323959635,1.195450804572871,0.7540238855634623,-0.8569623777792261,0.955118795069792,1.6530030581052302,0.6643075238930058,2.3932998646116808,1.84570490292126,0.187106675327825,1.1860019705320748,1.3073477923443682,-1.6906216295848977,-1.7103643678208365,-1.0553174817566977,0.0186031380810724,-0.6585199505483369,0.7852926508502123,-0.9261656018472316,1.412851325289763,1.84570490292126,0.8772811433566338,-0.4112482139938643,1.9591709979048224,-1.6530030581052302,-1.1492235271996152,1.3295291071787323,-2.1501937961635003,-1.6906216295848977,-0.1446690574398205,2.0645981446801467,-1.6715166841106104,1.2050075920152503,-0.0698144159426548,0.6299046699224384,-0.7295305620669889,-1.5219770060190867,0.7980166062079388,0.3561785367094661,0.2586330669514177,-0.7417216005233308,-0.3168051375343428,0.65275435145221,1.388054028556374,-0.1776496307692544,-0.2827539046344998,1.4255825774365014
GTEX-15RIF,-1.9591709979048224,2.6016947511653696,-1.2857916935144202,1.0553174817566977,-1.6350392668017106,-1.899384692461367,-0.1399711994794718,-1.7519793109683373,-1.195450804572871,-0.4520875158696413,1.031275009879428,1.7968702837153605,1.7307972047605154,-1.3295291071787323,-1.6906216295848977,1.8718707308672449,-0.6995152985526998,0.6995152985526999,-0.6017961577614439,0.3168051375343427,1.6175881179674108,2.0645981446801467,0.7602179716124496,0.962482977182896,2.199684129871479,-2.484125224707312,1.7519793109683377,1.1860019705320748,-1.5219770060190867,-1.0716906581760843,-0.8369913991407895,-0.8910305119824391,0.1212095673006741,1.1226279320577794,-0.9698997294331952,0.9119765235615476,-0.5361762663658064,0.6073792467767407,-1.6350392668017106,1.2752342411046045,-1.465233792685523,-1.5840930675378757,1.635039266801711,-1.2545353222880942,-1.0553174817566977,1.6006161338119125,2.1501937961635003,-1.7307972047605154,0.525468011519798,0.4832158447606152,0.65275435145221,-0.933330502902325,-0.3512278212462601,-0.2060719695833272,-1.0001164123162831,-0.7054672908207708,-0.6355858691140569,0.0931448373144652,2.318757970977832,1.6530030581052302,1.6006161338119125,0.6299046699224384,-1.0716906581760843
GTEX-15RJ7,-0.3021690572528447,1.6006161338119125,-0.2346617948613114,-0.8636956533670372,0.0372127170621943,-0.4213912770678052,-1.1226279320577794,-0.0651532940076319,-1.1226279320577794,-0.346285699342696,1.6175881179674108,-1.0078143423127026,0.1776496307692544,0.2779170089683694,-0.6995152985526998,-0.1965804839448126,1.4517622707385982,1.6175881179674108,1.0472360474261069,0.187106675327825,1.1766578532028555,0.9119765235615476,1.3640820484975271,0.4520875158696414,0.7174469963041701,-1.4517622707385982,-2.484125224707312,-0.8369913991407895,-0.7726945818405243,-3.112470178603051,-0.9261656018472316,0.8979687192568956,-1.2857916935144202,0.8238609817031132,-1.031275009879428,0.7789781621703243,0.933330502902325,-0.9405436406054154,0.3561785367094661,0.904950425274544,-1.1766578532028555,-0.3810663862643338,1.7968702837153605,-0.0698144159426548,0.8502677319367892,0.9924772957033684,0.933330502902325,-1.0155724616555522,1.2857916935144202,-1.1139372153566884,-0.5361762663658064,-0.6701174349839331,-2.1501937961635003,0.4727891209922672,-0.7054672908207708,-0.977370221692195,-1.031275009879428,0.8636956533670372,1.2857916935144202,-1.82074492261502,1.5840930675378757,-1.0799859809506631,0.0139520014707611
GTEX-15SHV,-0.1024905076914514,-0.6995152985526998,0.6412876570233801,0.6876849397127831,-0.1871066753278251,0.4884489019738812,-0.4061925696666297,0.8502677319367892,-0.2013239596350001,-0.7234755745418949,-0.4264790471503241,0.525468011519798,1.4517622707385982,-0.3961121933896049,-0.5095173924720496,1.9918985578978008,0.4213912770678051,-0.4418094672275395,-1.0472360474261069,-1.388054028556375,-0.4832158447606152,1.1314042769717068,-0.5906857713824718,2.0269100347915936,0.514819675081733,-0.2013239596350001,1.2443845388232115,0.7540238855634623,-1.7739779942235536,0.1682084481374105,-1.2146757214668782,-0.5906857713824718,0.9261656018472316,0.4520875158696414,-0.3216987953648042,-0.7602179716124495,-0.0558351934681735,1.438549182645292,0.1540744667957507,0.8238609817031132,0.6129813329265346,0.0511780111120515,-0.32660016939701,-0.9924772957033684,0.0978166045653749,-0.8173487968777844,1.0799859809506631,-0.462413546573279,0.6242437292362808,0.8704683159405441,0.7478585947633022,-0.5577802741991821,-0.229884117579232,0.8636956533670372,0.4832158447606152,1.224458743278325,-0.8569623777792261,-0.107166650845959,-0.6186027229558672,-0.0279067194760659,-0.2586330669514177,0.0931448373144652,-0.1024905076914514
GTEX-15SKB,0.65275435145221,-1.195450804572871,-0.4779959870785905,0.2538273506747331,0.6470103701484196,0.7726945818405243,1.195450804572871,0.3070404075144982,0.962482977182896,0.904950425274544,-1.1226279320577794,-0.2875974245860253,-1.2050075920152503,-1.0472360474261069,1.3295291071787323,0.7540238855634623,-1.438549182645292,-0.977370221692195,-1.5522864776181842,0.4936953696832036,-1.3640820484975271,-0.6701174349839331,-0.962482977182896,-0.7540238855634623,0.4264790471503241,0.9119765235615476,0.6701174349839331,0.4936953696832036,1.0634684328718786,-0.4011472862273942,0.6186027229558674,-0.850267731936789,1.7968702837153605,-0.9924772957033684,1.0472360474261069,0.462413546573279,0.3119190548203253,1.3759692008680082,1.388054028556374,-0.8772811433566338,0.7602179716124496,0.2298841175792322,-0.8369913991407895,-0.7980166062079388,-0.7114443807664012,-0.9119765235615476,-0.7789781621703243,0.3462856993426961,-0.9848956614915162,-0.7417216005233308,-1.2146757214668782,1.412851325289763,-0.8979687192568958,-0.4779959870785905,0.1352764286523606,1.3640820484975271,1.3408692908803477,1.0883562937618656,-1.0472360474261069,0.2155820567040674,-0.8772811433566338,1.635039266801711,1.6006161338119125
GTEX-15SZO,0.2973048669834491,-0.977370221692195,-0.3168051375343428,-0.6073792467767407,0.4572444368663246,0.8436109784655275,0.65275435145221,0.0791413141184694,0.4884489019738812,0.7295305620669889,-0.8979687192568958,-0.4675950415221049,-0.5469463597873272,0.3710837698778,1.5840930675378757,0.462413546573279,-0.3661063568005696,-0.7174469963041701,0.8369913991407895,-0.520136471164208,0.0465219385151119,-1.1226279320577794,-0.3910871229289391,-1.9591709979048224,0.1493701104165828,0.1776496307692544,0.0418668742548894,0.3216987953648042,1.7739779942235527,1.1314042769717068,1.2545353222880942,0.3860719086350267,2.318757970977832,-0.7417216005233308,0.4264790471503241,0.1258957192703828,-1.3759692008680076,1.2964944386804569,-2.484125224707312,-0.7726945818405243,0.7478585947633022,0.8436109784655275,-0.5741553087945971,0.3512278212462599,-2.026910034791593,-0.3119190548203253,-0.9698997294331952,1.6006161338119125,-0.1918414273303961,-0.4418094672275395,0.4779959870785905,-0.5686800575348554,1.3073477923443682,-0.1823761141706537,1.2146757214668782,0.3860719086350267,0.7356124152439232,-1.1492235271996152,-0.1918414273303961,0.7417216005233305,-0.4418094672275395,0.0139520014707611,0.3512278212462599
GTEX-15TU5,-0.4936953696832038,-0.3413520209215255,0.2251116819514788,-0.9261656018472316,2.4841252247073147,-1.0799859809506631,-0.0884751021146149,2.4841252247073147,-1.0968035620935137,-0.3760703934941728,-0.3119190548203253,0.8910305119824391,2.0645981446801467,-1.167415358726977,-1.1582715276653734,2.4841252247073147,2.105469450920689,-0.1305846375599525,-0.6876849397127831,-0.8044272335589816,-0.3315094021268153,0.6299046699224384,0.7852926508502123,-0.3710837698778002,0.7602179716124496,0.955118795069792,1.7968702837153605,2.0645981446801467,-1.2146757214668782,-1.4128513252897623,-0.6995152985526998,-0.977370221692195,-0.0093011666671462,-1.2244587432783245,-0.8979687192568958,-0.6073792467767407,2.0645981446801467,2.1501937961635003,-0.5741553087945971,1.2343603801814165,-1.4128513252897623,0.6355858691140571,0.0651532940076319,-1.340869290880347,-1.2648170437118496,1.2648170437118502,0.2827539046344999,-1.3295291071787323,2.4841252247073147,3.112470178603064,1.4255825774365014,0.5361762663658064,-1.2964944386804564,-1.140268643894193,1.84570490292126,2.4841252247073147,-0.5415534608499959,-1.4128513252897623,-0.1446690574398205,2.0645981446801467,-1.1139372153566884,0.6995152985526999,-0.7295305620669889
GTEX-15UKP,-0.4989554619580166,1.7307972047605154,0.4884489019738812,0.6242437292362808,-1.131404276971706,-0.9698997294331952,-1.61758811796741,-1.3523845818311535,-0.7726945818405243,-0.2060719695833272,0.955118795069792,0.1823761141706538,0.3760703934941728,0.1399711994794717,-1.1053298282224613,0.7478585947633022,-0.2251116819514788,0.7478585947633022,-0.3216987953648042,-3.112470178603051,0.8304082942029329,0.32660016939701,-1.899384692461367,0.2779170089683694,0.5796478267226207,-0.7174469963041701,0.8502677319367892,-0.9190479335937772,-0.7234755745418949,0.8979687192568956,-0.462413546573279,-0.1682084481374103,0.5308145305532521,0.187106675327825,-0.6129813329265346,0.0,-0.5577802741991821,0.1305846375599525,0.2827539046344999,0.6643075238930058,0.65275435145221,-0.1918414273303961,0.9405436406054154,0.201323959635,-0.3216987953648042,0.0325593658056133,-2.0645981446801454,-0.5469463597873272,-0.4989554619580166,1.6006161338119125,-1.5679914964717907,0.2779170089683694,1.3640820484975271,-0.462413546573279,0.1634935259298645,-0.7540238855634623,-0.346285699342696,0.2442333585910436,0.467595041522105,0.1071666508459588,0.7664413630494566,-1.3640820484975271,-1.3640820484975271
GTEX-16AAH,0.2924477009350161,0.5741553087945971,0.4418094672275395,-0.7852926508502125,0.1493701104165828,0.2875974245860253,-2.484125224707312,0.2875974245860253,-0.624243729236281,-1.7307972047605154,0.4061925696666297,0.4163143916073593,-0.1493701104165827,0.1493701104165828,-0.5523552129489121,0.2490274894100126,0.65275435145221,0.2298841175792322,0.0651532940076319,1.1860019705320748,0.4315778808977973,0.520136471164208,-0.0884751021146149,0.7726945818405243,0.4572444368663246,-1.2146757214668782,0.4264790471503241,-0.9261656018472316,-1.0799859809506631,-0.5308145305532522,-0.7417216005233308,0.0931448373144652,0.0604935871747794,0.1729271126904469,-0.5095173924720496,-0.0465219385151119,0.1399711994794717,0.6701174349839331,1.0553174817566977,0.4315778808977973,-0.596231764610585,0.2203443680265389,0.4832158447606152,0.0931448373144652,1.2146757214668782,0.4832158447606152,0.3910871229289391,-1.2443845388232115,0.201323959635,-2.10546945092069,-1.0392224351527355,-0.4572444368663248,-0.2973048669834489,0.3611379974371059,-0.0325593658056133,-0.0232546771714069,-1.7968702837153614,0.6186027229558674,0.2442333585910436,-0.3119190548203253,0.4112482139938643,-0.4061925696666297,-0.3364266374948575
GTEX-16GPK,1.4789766045652544,0.0651532940076319,0.5632218016027939,-0.0372127170621942,-0.0279067194760659,0.6995152985526999,1.0078143423127026,0.1399711994794717,0.5796478267226207,1.0799859809506631,0.2538273506747331,-0.624243729236281,-1.5679914964717907,0.525468011519798,0.596231764610585,-3.112470178603051,-0.2394448346237824,0.3413520209215255,1.5522864776181842,-0.0232546771714069,0.0698144159426549,-0.7234755745418949,-0.4572444368663248,-0.1212095673006743,-0.8979687192568958,-0.9924772957033684,-1.2244587432783245,-1.0968035620935137,0.9478060492911886,-0.3413520209215255,0.6299046699224384,1.0799859809506631,-1.5840930675378757,0.514819675081733,0.7540238855634623,-0.0418668742548895,0.5796478267226207,-1.6906216295848977,0.0744770551717114,-0.2682625678197609,-0.3512278212462601,0.467595041522105,-0.3119190548203253,-0.1776496307692544,-1.388054028556375,-0.0325593658056133,-1.1053298282224613,0.4264790471503241,-0.5308145305532522,-0.6412876570233803,0.4572444368663246,1.2146757214668782,0.4061925696666297,0.525468011519798,0.0838072954543562,0.1634935259298645,0.1071666508459588,-1.3073477923443677,0.2827539046344999,-1.899384692461367,-0.1212095673006743,-0.32660016939701,-0.1493701104165827
GTEX-16MTA,0.6017961577614437,1.3183573694113604,0.8436109784655275,-0.0232546771714069,-0.884134934875026,-1.9591709979048224,-1.5219770060190867,-0.7789781621703243,-2.7723180400283463,-1.899384692461367,1.9591709979048224,0.1305846375599525,0.9405436406054154,0.6355858691140571,-1.7519793109683373,0.3413520209215255,0.3710837698778,1.84570490292126,-0.1540744667957508,-2.0645981446801454,2.3932998646116808,1.1139372153566884,0.525468011519798,0.977370221692195,1.7519793109683377,-2.10546945092069,-0.1305846375599525,-0.2155820567040673,-2.484125224707312,-1.0883562937618656,-2.484125224707312,-0.1776496307692544,0.7664413630494566,0.4061925696666297,-1.6530030581052302,1.438549182645292,-0.6818057608465092,0.1493701104165828,0.9924772957033684,-0.2442333585910436,-0.8979687192568958,0.1024905076914515,2.3932998646116808,-0.1212095673006743,1.3183573694113604,0.0838072954543562,2.0269100347915936,-1.2648170437118496,0.8910305119824391,-1.465233792685523,0.7356124152439232,-0.6017961577614439,0.3860719086350267,0.4366879596755643,0.2155820567040674,-0.6701174349839331,-1.9284165128950652,0.1587822354845152,1.0634684328718786,0.0931448373144652,1.1860019705320748,-1.7519793109683373,-1.4930045626254098
GTEX-16NFA,-0.7726945818405243,0.9478060492911886,-0.9405436406054154,0.8044272335589819,-1.2146757214668782,-0.4469425897337917,-1.9591709979048224,-0.2586330669514177,-1.7519793109683373,-2.255232508842998,0.681805760846509,-0.3021690572528447,0.7789781621703243,-0.3910871229289391,-1.6715166841106104,0.1493701104165828,0.009301166667146,0.9698997294331956,0.1918414273303961,-1.0716906581760843,0.6129813329265346,1.1766578532028555,0.6995152985526999,1.2752342411046045,0.8910305119824391,-0.1493701104165827,0.2060719695833272,0.0604935871747794,-0.9698997294331952,0.0604935871747794,-2.7723180400283463,0.0465219385151119,-0.6818057608465092,1.5522864776181842,-1.9591709979048224,0.467595041522105,0.8569623777792261,-0.0325593658056133,0.2442333585910436,0.8910305119824391,-0.520136471164208,-0.9478060492911888,0.7054672908207708,-0.7726945818405243,0.3512278212462599,0.904950425274544,1.023392193391522,-1.438549182645292,0.1071666508459588,1.3073477923443682,-1.0155724616555522,0.7980166062079388,-0.9119765235615476,0.977370221692195,-0.664307523893006,-0.4779959870785905,-2.3932998646116794,-0.4572444368663248,0.9848956614915162,-1.1766578532028555,0.9261656018472316,0.4520875158696414,1.3408692908803477
GTEX-16NPX,-1.2343603801814165,0.1682084481374105,-1.1053298282224613,1.1139372153566884,-0.5469463597873272,-1.4789766045652544,0.1399711994794717,0.4061925696666297,-0.107166650845959,0.2394448346237824,0.5415534608499961,-0.977370221692195,-1.1766578532028555,0.5577802741991821,0.3860719086350267,-1.3523845818311535,-1.871870730867245,0.7234755745418949,1.6530030581052302,0.4315778808977973,0.7664413630494566,0.2973048669834491,-0.1776496307692544,0.0698144159426549,0.7789781621703243,-0.4989554619580166,-1.0472360474261069,-1.2648170437118496,0.6073792467767407,-0.1118451385279671,-0.0418668742548895,1.0716906581760843,-1.7968702837153614,0.3462856993426961,-0.1212095673006743,0.6073792467767407,0.514819675081733,-2.3932998646116794,0.32660016939701,0.8502677319367892,-0.8304082942029333,-0.933330502902325,0.7980166062079388,-0.4989554619580166,-0.7234755745418949,0.6412876570233801,0.1399711994794717,0.5906857713824718,-0.7540238855634623,-0.462413546573279,-1.7307972047605154,-0.4264790471503241,-0.6759500545663616,0.3462856993426961,-1.82074492261502,-1.8457049029212595,0.4264790471503241,-0.1352764286523604,0.2779170089683694,-0.1165260755991406,0.4011472862273944,1.1139372153566884,1.1139372153566884
GTEX-16XZZ,-0.1871066753278251,-0.904950425274544,0.1165260755991407,0.8569623777792261,0.8044272335589819,0.8502677319367892,0.2779170089683694,0.6129813329265346,1.3640820484975271,-0.0186031380810724,-0.8636956533670372,-0.4264790471503241,0.1352764286523606,-1.2343603801814165,0.8369913991407895,-0.9848956614915162,0.3070404075144982,-0.6701174349839331,-1.275234241104605,0.546946359787327,-0.9924772957033684,-0.1212095673006743,0.6242437292362808,0.1212095673006741,0.3512278212462599,0.7417216005233305,-0.7054672908207708,-0.0372127170621942,0.4989554619580166,0.7540238855634623,-0.1446690574398205,-1.2050075920152503,0.9848956614915162,-0.514819675081733,1.2050075920152503,-0.5308145305532522,0.2490274894100126,-0.5741553087945971,0.6412876570233801,0.2875974245860253,0.520136471164208,0.0838072954543562,-0.5254680115197978,-0.462413546573279,-0.1918414273303961,-0.2973048669834489,0.5851578873218706,0.6242437292362808,0.3413520209215255,0.1446690574398205,0.1682084481374105,0.0418668742548894,0.4832158447606152,-0.0791413141184694,-0.0744770551717116,-0.1776496307692544,1.388054028556374,0.0651532940076319,-0.3760703934941728,-0.9261656018472316,-0.4469425897337917,0.2538273506747331,0.1024905076914515
GTEX-16YQH,-2.0645981446801454,0.2490274894100126,-1.9918985578978008,1.7103643678208365,-2.10546945092069,-1.3759692008680076,1.521977006019087,-2.10546945092069,1.2343603801814165,1.6715166841106104,0.1165260755991407,-0.4061925696666297,-0.3216987953648042,2.0269100347915936,0.2875974245860253,-0.6701174349839331,-1.5840930675378757,0.0465219385151119,2.1501937961635003,-0.0372127170621942,0.65275435145221,0.6242437292362808,0.1918414273303961,-1.2648170437118496,-0.4832158447606152,0.5095173924720495,-0.1258957192703828,-0.0931448373144652,0.6129813329265346,1.0078143423127026,1.6006161338119125,2.199684129871479,-0.1965804839448126,-0.5308145305532522,0.4989554619580166,-0.8772811433566338,-0.0372127170621942,-2.3187579709778325,-1.5679914964717907,-0.2155820567040673,1.5522864776181842,-2.199684129871477,0.381066386264334,1.4255825774365014,-0.4418094672275395,0.1305846375599525,-0.8979687192568958,1.4517622707385982,-0.8173487968777844,0.514819675081733,-0.1918414273303961,-0.6412876570233803,-0.6818057608465092,-0.4832158447606152,-2.6016947511653714,-1.2050075920152503,1.6175881179674108,1.6530030581052302,0.3216987953648042,-1.3759692008680076,0.9405436406054154,0.7916386077433746,0.7664413630494566
GTEX-178AV,-0.6995152985526998,0.7054672908207708,0.1682084481374105,-0.7054672908207708,-0.0511780111120515,-0.7478585947633022,-1.7739779942235536,0.7356124152439232,-0.9698997294331952,-1.4128513252897623,2.199684129871479,-0.955118795069792,0.8304082942029329,1.0078143423127026,-1.275234241104605,0.5361762663658064,0.6017961577614437,2.3932998646116808,0.6876849397127831,-0.6073792467767407,1.7519793109683377,0.6643075238930058,0.3462856993426961,-0.664307523893006,0.1823761141706538,0.6470103701484196,-0.4989554619580166,-0.3760703934941728,-1.1582715276653734,0.3961121933896049,-0.5254680115197978,0.9698997294331956,1.3073477923443682,-0.1305846375599525,-1.899384692461367,1.2752342411046045,-0.8436109784655275,0.8238609817031132,-0.8173487968777844,-0.7602179716124495,0.1634935259298645,-0.0511780111120515,1.4517622707385982,0.596231764610585,0.3961121933896049,-0.6585199505483369,0.1823761141706538,-0.6470103701484196,-0.0884751021146149,0.0372127170621943,-0.3070404075144982,-0.8704683159405441,-0.1965804839448126,0.3910871229289391,0.0791413141184694,-0.3810663862643338,-2.199684129871477,-0.0558351934681735,1.1860019705320748,0.0465219385151119,1.6530030581052302,-2.026910034791593,-1.6350392668017106
GTEX-17EUY,-3.112470178603051,0.8704683159405441,-1.2964944386804564,2.2552325088429965,-0.2875974245860253,-1.2146757214668782,-0.9698997294331952,-0.955118795069792,-0.7174469963041701,-1.275234241104605,0.9698997294331956,0.904950425274544,0.525468011519798,0.0838072954543562,-3.112470178603051,1.635039266801711,-1.340869290880347,0.65275435145221,0.4264790471503241,-1.5369552544493164,0.462413546573279,0.5042293960498542,0.0372127170621943,0.2538273506747331,1.0799859809506631,-0.3413520209215255,1.388054028556374,0.2634447638039344,-1.9918985578978008,-0.0325593658056133,-1.6715166841106104,0.8369913991407895,1.84570490292126,1.0883562937618656,-0.7602179716124495,-0.0093011666671462,-0.0651532940076319,0.7916386077433746,0.3910871229289391,0.7114443807664012,0.0186031380810724,-1.5679914964717907,0.6412876570233801,-0.2875974245860253,-0.1493701104165827,1.635039266801711,0.3216987953648042,-0.5523552129489121,-0.32660016939701,0.7234755745418949,-0.4061925696666297,-1.871870730867245,-0.3413520209215255,0.0838072954543562,-1.4789766045652544,0.1965804839448126,-1.3640820484975271,1.9591709979048224,0.933330502902325,1.5522864776181842,1.412851325289763,-0.1776496307692544,-0.3810663862643338
GTEX-17EVQ,1.6530030581052302,-0.0791413141184694,1.0799859809506631,-1.0392224351527355,1.0078143423127026,1.1766578532028555,0.514819675081733,1.000116412316283,0.5415534608499961,0.8044272335589819,0.3611379974371059,-1.5219770060190867,-1.9918985578978008,1.2752342411046045,-0.0511780111120515,-1.6530030581052302,0.2634447638039344,0.5361762663658064,0.962482977182896,0.3315094021268154,0.187106675327825,-1.167415358726977,0.3661063568005698,-1.1766578532028555,-1.899384692461367,-0.3810663862643338,-0.7234755745418949,-1.7739779942235536,0.0978166045653749,0.1776496307692544,0.7295305620669889,1.6006161338119125,-0.2875974245860253,0.1352764286523606,1.465233792685523,0.1776496307692544,-0.3661063568005696,-0.346285699342696,-0.4779959870785905,-1.5840930675378757,0.1965804839448126,1.2545353222880942,-1.7103643678208365,0.2060719695833272,-0.6876849397127831,0.0744770551717114,-0.2108246297118815,-0.3070404075144982,-0.5361762663658064,-1.5679914964717907,0.2875974245860253,0.3961121933896049,0.7478585947633022,0.4989554619580166,1.224458743278325,0.0046505330426105,0.8979687192568956,-1.6530030581052302,0.2538273506747331,-1.3640820484975271,-0.32660016939701,-1.4255825774365014,-2.6016947511653714
GTEX-17F96,0.7234755745418949,0.0325593658056133,0.6073792467767407,0.8238609817031132,1.82074492261502,1.7307972047605154,-0.6186027229558672,1.2648170437118502,0.6355858691140571,-0.3611379974371059,-0.0791413141184694,-0.1965804839448126,0.1305846375599525,-1.131404276971706,-1.1139372153566884,0.3364266374948573,1.1402686438941925,-0.7789781621703243,-1.340869290880347,-1.275234241104605,-1.131404276971706,-1.61758811796741,1.5369552544493164,0.8772811433566338,-0.4366879596755644,1.8718707308672449,-1.5840930675378757,-0.0651532940076319,-0.9261656018472316,-0.6470103701484196,-1.1492235271996152,-0.6701174349839331,-1.0883562937618656,0.6995152985526999,1.224458743278325,-0.9924772957033684,1.899384692461367,-1.0001164123162831,1.1226279320577794,0.4572444368663246,0.5308145305532521,0.4727891209922672,-0.6299046699224384,-0.3512278212462601,0.187106675327825,1.6175881179674108,-0.0325593658056133,-0.4675950415221049,0.4418094672275395,-0.1871066753278251,1.0472360474261069,1.1766578532028555,-0.3611379974371059,-0.7726945818405243,0.5361762663658064,1.2648170437118502,0.7478585947633022,0.6759500545663616,0.3070404075144982,0.6186027229558674,0.0372127170621943,0.7602179716124496,1.0634684328718786
GTEX-17F97,1.3759692008680082,-0.1682084481374103,1.521977006019087,-1.1492235271996152,1.438549182645292,0.3710837698778,0.2586330669514177,0.7540238855634623,0.2875974245860253,0.5632218016027939,0.0558351934681737,-1.2244587432783245,0.3910871229289391,0.2586330669514177,0.023254677171407,-0.32660016939701,0.8238609817031132,0.1918414273303961,0.2924477009350161,1.6175881179674108,-0.6017961577614439,-1.0716906581760843,0.2394448346237824,0.5042293960498542,-0.962482977182896,0.7980166062079388,-2.0645981446801454,-0.9405436406054154,0.0465219385151119,-1.3295291071787323,0.4727891209922672,0.32660016939701,-1.9918985578978008,0.546946359787327,0.0,-0.8979687192568958,1.3408692908803477,-0.8569623777792261,1.2752342411046045,-0.3961121933896049,-0.7234755745418949,1.1492235271996152,-1.438549182645292,-0.229884117579232,-0.1634935259298645,0.1258957192703828,-0.596231764610585,0.0325593658056133,-0.2155820567040673,-0.7540238855634623,0.8173487968777844,1.4789766045652544,-0.1729271126904469,0.0418668742548894,0.4779959870785905,0.525468011519798,-0.2108246297118815,-0.3810663862643338,-0.0978166045653749,-0.6935879849651033,-0.0511780111120515,0.8304082942029329,0.8569623777792261
GTEX-17GQL,-0.5361762663658064,1.9918985578978008,-0.6759500545663616,1.3759692008680082,-1.4128513252897623,-1.4517622707385982,-0.7054672908207708,-2.484125224707312,-0.1352764286523604,-0.0978166045653749,1.1053298282224615,-0.6017961577614439,-1.9591709979048224,1.023392193391522,0.6585199505483372,-2.10546945092069,0.1776496307692544,1.3408692908803477,1.0716906581760843,-0.5851578873218707,2.199684129871479,0.2538273506747331,0.0838072954543562,-0.8369913991407895,0.2346617948613113,-1.4789766045652544,-0.6995152985526998,0.3661063568005698,1.2964944386804569,-0.3760703934941728,-0.1399711994794718,0.904950425274544,-3.112470178603051,1.1582715276653734,-0.4061925696666297,2.199684129871479,0.4112482139938643,-2.484125224707312,-1.2964944386804564,-0.9405436406054154,0.2108246297118815,-0.7664413630494566,1.7519793109683377,0.4469425897337917,-1.1860019705320748,1.4930045626254098,-0.6818057608465092,1.0968035620935137,-0.6412876570233803,-0.6129813329265346,-0.2924477009350161,0.1682084481374105,-0.1540744667957508,1.5522864776181842,-2.255232508842998,-2.7723180400283463,0.0698144159426549,-0.1305846375599525,1.5840930675378757,-1.5840930675378757,1.2146757214668782,0.5796478267226207,1.1766578532028555
GTEX-17HGU,0.009301166667146,-0.0325593658056133,0.0139520014707611,1.023392193391522,0.2682625678197607,0.0418668742548894,-2.0645981446801454,-0.2251116819514788,0.2827539046344999,-2.3932998646116794,0.1399711994794717,0.5851578873218706,-0.6073792467767407,-0.0884751021146149,-0.1493701104165827,-0.3070404075144982,-0.8636956533670372,0.1305846375599525,-0.0651532940076319,-0.1352764286523604,0.0604935871747794,0.0,-0.0744770551717116,0.4315778808977973,0.884134934875026,-0.6412876570233803,-0.4315778808977973,-1.0001164123162831,0.1446690574398205,0.0651532940076319,-0.2924477009350161,-0.0931448373144652,-2.0645981446801454,0.6017961577614437,0.3611379974371059,0.1493701104165828,0.5361762663658064,-0.3070404075144982,0.7478585947633022,0.933330502902325,-0.624243729236281,-0.6355858691140569,-1.3073477923443677,-0.5577802741991821,-0.2442333585910436,0.6242437292362808,0.3561785367094661,0.0186031380810724,0.1212095673006741,1.195450804572871,-0.4264790471503241,1.1674153587269775,-0.2779170089683694,0.2973048669834491,-0.9190479335937772,-0.3961121933896049,0.3760703934941728,-0.1399711994794718,0.201323959635,-0.7174469963041701,-0.1258957192703828,0.2298841175792322,0.5523552129489121
GTEX-17HHE,-0.65275435145221,0.6643075238930058,0.2060719695833272,-0.2730866066364132,-0.2060719695833272,-0.9924772957033684,-1.1492235271996152,0.1587822354845152,-2.3932998646116794,-1.4789766045652544,1.465233792685523,0.6186027229558674,0.9924772957033684,-0.2875974245860253,-2.10546945092069,0.9405436406054154,0.1729271126904469,1.7519793109683377,0.1165260755991407,-1.6906216295848977,1.2146757214668782,1.1053298282224615,1.1226279320577794,1.412851325289763,1.9591709979048224,-1.0799859809506631,0.467595041522105,0.6701174349839331,-1.4003450431366584,-1.1226279320577794,-1.9284165128950652,-0.0325593658056133,-0.4011472862273942,0.023254677171407,-1.4255825774365014,0.8772811433566338,0.0465219385151119,0.5906857713824718,1.1860019705320748,1.3640820484975271,-1.4003450431366584,-0.810871091550414,1.899384692461367,-0.8636956533670372,0.6299046699224384,0.0651532940076319,2.318757970977832,-2.484125224707312,0.7726945818405243,0.0046505330426105,0.1918414273303961,-0.7980166062079388,-0.3710837698778002,-0.0558351934681735,0.2538273506747331,0.0931448373144652,-1.5219770060190867,0.4366879596755643,1.031275009879428,0.4366879596755643,0.8910305119824391,-2.0645981446801454,-1.82074492261502
GTEX-17HHY,1.3523845818311528,-0.1587822354845152,1.5073326312512036,-0.4418094672275395,0.9261656018472316,0.5851578873218706,0.2924477009350161,-0.220344368026539,0.6412876570233801,0.4011472862273944,-0.2779170089683694,-0.962482977182896,-1.3640820484975271,0.7174469963041701,0.7980166062079388,-2.255232508842998,0.9190479335937772,-0.7234755745418949,0.1493701104165828,1.5522864776181842,-1.0716906581760843,-0.3070404075144982,-0.32660016939701,-0.8704683159405441,-1.5369552544493164,0.4572444368663246,-1.340869290880347,-1.1226279320577794,0.810871091550414,1.1226279320577794,0.681805760846509,0.009301166667146,-0.4163143916073592,-0.6073792467767407,0.3561785367094661,-0.1871066753278251,-0.2586330669514177,-1.4128513252897623,0.514819675081733,-1.3640820484975271,0.8369913991407895,1.1314042769717068,0.1024905076914515,1.3640820484975271,1.1766578532028555,-0.1118451385279671,-0.2827539046344998,0.9119765235615476,0.0651532940076319,-1.0634684328718786,0.8569623777792261,0.8238609817031132,0.5632218016027939,-0.1118451385279671,-0.0884751021146149,-0.1918414273303961,0.2490274894100126,0.2108246297118815,-0.2251116819514788,-1.7103643678208365,-0.2924477009350161,-0.4779959870785905,-0.4366879596755644
GTEX-17HII,-0.1823761141706537,0.1071666508459588,0.0884751021146148,0.0,-0.1305846375599525,-0.7726945818405243,1.031275009879428,-1.2050075920152503,0.5686800575348554,1.2857916935144202,0.1682084481374105,0.3168051375343427,-0.4061925696666297,1.195450804572871,0.187106675327825,-0.2155820567040673,-1.167415358726977,0.1540744667957507,0.2203443680265389,-2.255232508842998,-0.4936953696832038,0.201323959635,-0.810871091550414,-0.2730866066364132,0.0372127170621943,0.1918414273303961,-0.0511780111120515,-2.7723180400283463,0.3021690572528446,1.3408692908803477,1.224458743278325,0.6412876570233801,0.6017961577614437,0.1305846375599525,0.0325593658056133,-1.0716906581760843,-0.8369913991407895,0.3462856993426961,-0.4675950415221049,-0.504229396049854,0.7114443807664012,0.2634447638039344,-1.899384692461367,1.2343603801814165,1.0472360474261069,-0.4011472862273942,-0.3561785367094661,0.596231764610585,-1.6350392668017106,0.810871091550414,-1.1492235271996152,-0.220344368026539,0.514819675081733,-0.0325593658056133,-0.2060719695833272,-0.9405436406054154,0.187106675327825,0.0558351934681737,-0.5906857713824718,-0.7478585947633022,0.1587822354845152,-1.2050075920152503,-0.3910871229289391
GTEX-17MF6,-0.1634935259298645,-0.4315778808977973,1.6175881179674108,-0.346285699342696,2.772318040028347,-1.0392224351527355,-0.1634935259298645,2.0645981446801467,-1.2244587432783245,-0.4779959870785905,-0.4061925696666297,0.7540238855634623,1.2648170437118502,-1.0799859809506631,-2.026910034791593,1.1053298282224615,1.6006161338119125,-0.0418668742548895,-0.4418094672275395,-1.0078143423127026,-0.4727891209922674,-0.933330502902325,0.1024905076914515,0.904950425274544,1.1674153587269775,1.1860019705320748,0.933330502902325,1.3640820484975271,-1.5679914964717907,-0.0698144159426548,-0.8636956533670372,-0.5741553087945971,1.1226279320577794,-1.388054028556375,-1.0001164123162831,-0.7356124152439232,1.2050075920152503,1.928416512895066,3.112470178603064,1.5679914964717907,-0.2108246297118815,2.1501937961635003,-0.0232546771714069,-0.8436109784655275,-0.0418668742548895,-1.7103643678208365,0.4469425897337917,-1.7519793109683373,2.3932998646116808,0.2490274894100126,1.9591709979048224,1.388054028556374,1.1226279320577794,-1.6906216295848977,1.928416512895066,1.1314042769717068,-0.65275435145221,1.7739779942235527,-0.9119765235615476,1.1139372153566884,-1.1860019705320748,-1.8457049029212595,-0.3070404075144982
GTEX-17MFQ,-0.3413520209215255,0.4936953696832036,0.6299046699224384,0.1446690574398205,-0.462413546573279,-1.0472360474261069,-0.8979687192568958,-1.3640820484975271,-0.3561785367094661,-1.195450804572871,0.7916386077433746,0.0511780111120515,0.0,1.4789766045652544,-0.4832158447606152,-1.3183573694113604,1.3073477923443682,0.3364266374948573,1.84570490292126,0.5308145305532521,0.467595041522105,-0.5415534608499959,0.0418668742548894,1.2545353222880942,-0.4884489019738811,-1.1139372153566884,-0.1871066753278251,-0.2538273506747333,-0.3070404075144982,-0.1493701104165827,-0.3119190548203253,1.84570490292126,-0.5796478267226205,0.0418668742548894,-0.5741553087945971,0.0325593658056133,-0.5632218016027938,-0.933330502902325,0.6876849397127831,0.0279067194760658,0.0651532940076319,-0.6585199505483369,0.1918414273303961,1.224458743278325,2.2552325088429965,1.400345043136658,-0.0232546771714069,0.1634935259298645,-0.0604935871747794,-0.3119190548203253,0.9405436406054154,-0.7789781621703243,-0.3364266374948575,-0.107166650845959,-0.6995152985526998,-1.438549182645292,-0.3860719086350268,1.3073477923443682,0.6355858691140571,-1.6530030581052302,1.195450804572871,-0.2490274894100124,-0.664307523893006
GTEX-18465,0.1258957192703828,-3.112470178603051,0.7602179716124496,0.9261656018472316,1.521977006019087,-0.6412876570233803,0.1823761141706538,-0.4572444368663248,0.4832158447606152,0.1587822354845152,-0.0651532940076319,-1.195450804572871,-0.1965804839448126,0.0651532940076319,0.0744770551717114,-1.2343603801814165,-0.0931448373144652,-1.5219770060190867,-0.0838072954543562,0.5796478267226207,-0.3413520209215255,-0.504229396049854,-0.8044272335589816,1.023392193391522,-0.0279067194760659,0.0279067194760658,-0.229884117579232,-1.5073326312512032,0.2203443680265389,0.4572444368663246,0.187106675327825,-0.3168051375343428,0.65275435145221,-0.7356124152439232,0.0978166045653749,0.1682084481374105,-0.8772811433566338,0.2973048669834491,0.2924477009350161,0.6876849397127831,-0.107166650845959,0.1399711994794717,-2.3187579709778325,-0.1352764286523604,0.4213912770678051,-0.8636956533670372,0.023254677171407,0.1446690574398205,-0.3561785367094661,1.400345043136658,-0.0465219385151119,0.023254677171407,0.65275435145221,-0.0139520014707611,0.1540744667957507,-1.1139372153566884,0.6759500545663616,0.8502677319367892,-0.6585199505483369,-0.1446690574398205,-0.2779170089683694,0.1071666508459588,-0.1823761141706537
GTEX-18A66,-1.4517622707385982,0.2394448346237824,-0.933330502902325,2.4841252247073147,0.2155820567040674,-1.4128513252897623,-0.2875974245860253,-0.2827539046344998,-0.7417216005233308,-0.6299046699224384,-0.0139520014707611,0.6470103701484196,1.3295291071787323,-1.2545353222880942,-1.899384692461367,0.9119765235615476,-1.2343603801814165,-0.1682084481374103,-0.8979687192568958,0.6995152985526999,0.2442333585910436,1.2752342411046045,1.0883562937618656,1.7307972047605154,2.0645981446801467,0.1071666508459588,0.2973048669834491,0.7234755745418949,-1.4789766045652544,-0.4315778808977973,-1.0799859809506631,-1.2146757214668782,0.1118451385279671,1.2343603801814165,-1.0968035620935137,0.2586330669514177,2.105469450920689,-0.2442333585910436,0.2779170089683694,2.2552325088429965,-1.195450804572871,-1.7968702837153614,-0.1965804839448126,-1.2857916935144202,-0.4112482139938643,-0.1823761141706537,1.465233792685523,-1.2343603801814165,1.3183573694113604,0.6470103701484196,1.465233792685523,-0.0604935871747794,-1.0553174817566977,1.3523845818311528,-0.2346617948613114,-0.7478585947633022,-0.6129813329265346,2.318757970977832,0.1729271126904469,1.000116412316283,0.6995152985526999,0.4213912770678051,1.195450804572871
GTEX-18A6Q,0.9190479335937772,0.2973048669834491,0.2875974245860253,-0.0744770551717116,-0.3661063568005696,0.2155820567040674,0.3021690572528446,-0.1118451385279671,-0.3168051375343428,0.5308145305532521,0.5308145305532521,-0.6470103701484196,-1.1053298282224613,0.7789781621703243,0.0558351934681737,-1.438549182645292,0.0978166045653749,0.8910305119824391,1.635039266801711,0.6412876570233801,0.3611379974371059,-0.4315778808977973,0.3910871229289391,-1.5369552544493164,-0.8238609817031132,-0.0884751021146149,-2.026910034791593,-1.4003450431366584,0.546946359787327,-0.1165260755991406,0.2490274894100126,1.400345043136658,-1.899384692461367,0.5686800575348554,-0.1024905076914514,-0.1446690574398205,1.2648170437118502,-1.899384692461367,0.9478060492911886,-1.0799859809506631,-0.4936953696832038,-0.2108246297118815,0.5523552129489121,0.0744770551717114,0.5906857713824718,0.2682625678197607,-1.1226279320577794,-0.3364266374948575,-0.7478585947633022,-0.6585199505483369,-0.2346617948613114,1.5840930675378757,-0.7295305620669889,0.5796478267226207,-0.9119765235615476,0.2682625678197607,-0.0372127170621942,-0.4936953696832038,0.5415534608499961,-3.112470178603051,0.3760703934941728,0.2346617948613113,0.884134934875026
GTEX-18A7B,1.1674153587269775,-1.3073477923443677,1.4517622707385982,-0.624243729236281,0.962482977182896,1.2443845388232115,0.6470103701484196,1.023392193391522,-0.1493701104165827,0.520136471164208,-1.2343603801814165,-0.8044272335589816,-0.9190479335937772,-0.346285699342696,0.514819675081733,-0.5851578873218707,0.810871091550414,-0.5906857713824718,0.467595041522105,-0.0558351934681735,-0.2442333585910436,-1.4517622707385982,-0.4315778808977973,-0.7295305620669889,-0.810871091550414,0.6412876570233801,0.4884489019738812,-0.2490274894100124,-0.1212095673006743,0.2924477009350161,0.4469425897337917,-0.0604935871747794,0.4163143916073593,-0.8304082942029333,0.5308145305532521,-1.6350392668017106,0.1918414273303961,0.5042293960498542,1.7307972047605154,-1.7739779942235536,-0.1776496307692544,1.635039266801711,-0.9190479335937772,-0.4163143916073592,0.525468011519798,0.0186031380810724,-1.3073477923443677,0.2538273506747331,-0.107166650845959,0.5361762663658064,1.0155724616555522,1.0968035620935137,0.6017961577614437,-1.6006161338119125,1.0799859809506631,1.4255825774365014,0.7234755745418949,-0.462413546573279,-0.5577802741991821,0.5741553087945971,-1.7739779942235536,0.3315094021268154,0.32660016939701
GTEX-18QFQ,-0.9848956614915162,0.2203443680265389,-1.4517622707385982,-0.1212095673006743,-0.3860719086350268,-1.1860019705320748,0.0698144159426549,-0.3910871229289391,-0.3364266374948575,0.0884751021146148,1.2343603801814165,0.0418668742548894,-0.1634935259298645,1.82074492261502,-1.2443845388232115,-1.0799859809506631,0.467595041522105,1.3183573694113604,2.4841252247073147,-0.9405436406054154,0.8369913991407895,-0.1634935259298645,0.7540238855634623,-0.6073792467767407,-0.1965804839448126,0.810871091550414,-1.2857916935144202,-1.2050075920152503,0.0744770551717114,0.7114443807664012,-0.0139520014707611,2.3932998646116808,0.3216987953648042,0.0186031380810724,-0.6355858691140569,-0.0931448373144652,0.0604935871747794,-0.65275435145221,0.0604935871747794,-0.4572444368663248,1.1402686438941925,-1.1226279320577794,0.810871091550414,1.1582715276653734,0.8369913991407895,0.3070404075144982,-0.4264790471503241,-0.3910871229289391,0.5523552129489121,0.5741553087945971,-0.8636956533670372,-0.8173487968777844,-0.5796478267226205,-0.6876849397127831,-1.3640820484975271,-0.6073792467767407,-0.462413546573279,1.4930045626254098,0.8044272335589819,-0.8044272335589816,1.521977006019087,-1.9918985578978008,-1.0634684328718786
GTEX-1A3MV,-1.388054028556375,0.3710837698778,0.1776496307692544,0.1918414273303961,0.2298841175792322,-0.6129813329265346,-1.2050075920152503,0.3168051375343427,-1.340869290880347,-1.5073326312512032,0.6935879849651033,1.0968035620935137,0.933330502902325,-0.2973048669834489,-1.82074492261502,0.9848956614915162,0.7114443807664012,0.9405436406054154,0.2875974245860253,-2.3187579709778325,-0.3216987953648042,1.3073477923443682,0.4011472862273944,0.2682625678197607,1.0883562937618656,0.5308145305532521,0.3910871229289391,0.0838072954543562,-2.1501937961635003,-0.0372127170621942,-1.9918985578978008,-0.0651532940076319,0.7174469963041701,1.3408692908803477,-1.9918985578978008,-0.4936953696832038,-0.0139520014707611,0.8910305119824391,0.546946359787327,0.2586330669514177,-0.0744770551717116,-0.3021690572528447,0.6355858691140571,-0.3070404075144982,1.2545353222880942,-0.664307523893006,0.7789781621703243,-1.4255825774365014,0.4264790471503241,0.3760703934941728,-0.0139520014707611,-0.4061925696666297,-0.2394448346237824,0.2924477009350161,0.1918414273303961,0.2203443680265389,-1.5522864776181842,0.8238609817031132,0.4884489019738812,0.520136471164208,1.0078143423127026,-0.8569623777792261,0.0931448373144652
GTEX-1A3MX,0.5796478267226207,-0.1540744667957508,0.8569623777792261,0.6017961577614437,0.32660016939701,0.3216987953648042,1.1314042769717068,-0.5415534608499959,0.7980166062079388,0.9261656018472316,-0.1871066753278251,-2.026910034791593,-0.8304082942029333,0.6242437292362808,-0.2682625678197609,-1.340869290880347,0.3315094021268154,-0.6876849397127831,0.1446690574398205,0.9698997294331956,-2.026910034791593,-0.6876849397127831,-0.1446690574398205,0.1024905076914515,0.1682084481374105,-0.4418094672275395,-0.32660016939701,-2.255232508842998,-0.3910871229289391,0.6876849397127831,0.6355858691140571,0.201323959635,0.5741553087945971,-0.7234755745418949,1.195450804572871,-2.10546945092069,-0.4469425897337917,-0.1352764286523604,1.3183573694113604,0.0651532940076319,0.4112482139938643,0.4469425897337917,-0.1823761141706537,0.6299046699224384,0.962482977182896,-0.6470103701484196,0.0511780111120515,0.0046505330426105,-0.520136471164208,-1.3295291071787323,-0.7852926508502125,0.1587822354845152,0.5686800575348554,-2.6016947511653714,0.2251116819514788,-0.2779170089683694,1.4255825774365014,0.3611379974371059,-0.4418094672275395,-0.4112482139938643,-0.3413520209215255,-0.4315778808977973,-0.850267731936789
GTEX-1A8G6,0.4989554619580166,-1.3295291071787323,-0.1634935259298645,0.65275435145221,0.5361762663658064,0.5042293960498542,1.388054028556374,0.6017961577614437,0.7114443807664012,1.4789766045652544,-0.6017961577614439,-1.4517622707385982,-1.4128513252897623,0.7054672908207708,0.7664413630494566,-1.465233792685523,-1.140268643894193,-1.871870730867245,0.2298841175792322,1.4517622707385982,-0.6759500545663616,-0.5686800575348554,0.1493701104165828,-1.3295291071787323,-0.2060719695833272,0.962482977182896,-1.2964944386804564,-1.2964944386804564,0.6299046699224384,0.3860719086350267,1.4517622707385982,0.2875974245860253,-1.0392224351527355,-0.4011472862273942,0.0791413141184694,-0.4884489019738811,0.6073792467767407,-0.1305846375599525,0.2060719695833272,-0.65275435145221,0.955118795069792,0.3910871229289391,-1.6906216295848977,0.8173487968777844,0.0651532940076319,-0.5577802741991821,-0.6585199505483369,0.8569623777792261,-0.4832158447606152,-1.5073326312512032,-0.8772811433566338,0.3413520209215255,0.1024905076914515,-0.4163143916073592,0.5577802741991821,0.2251116819514788,0.2538273506747331,0.5361762663658064,-0.8238609817031132,-0.5523552129489121,-0.2875974245860253,0.5577802741991821,1.000116412316283
GTEX-1A8G7,1.031275009879428,-1.0968035620935137,1.023392193391522,-0.664307523893006,0.514819675081733,0.8173487968777844,0.2538273506747331,1.2964944386804569,0.0465219385151119,0.5796478267226207,-0.3910871229289391,-1.61758811796741,-1.388054028556375,-0.4884489019738811,0.5095173924720495,-0.4936953696832038,-0.3364266374948575,-0.4469425897337917,0.3661063568005698,0.7295305620669889,-0.2013239596350001,-1.2545353222880942,0.4989554619580166,0.6935879849651033,-0.2973048669834489,-0.3611379974371059,-0.596231764610585,-0.3611379974371059,0.7726945818405243,-0.1823761141706537,0.4011472862273944,0.0791413141184694,-0.9190479335937772,-0.4061925696666297,0.6073792467767407,-0.1118451385279671,-0.0838072954543562,0.1071666508459588,1.2050075920152503,0.9405436406054154,-0.6299046699224384,0.5577802741991821,-1.871870730867245,-0.8569623777792261,-0.7789781621703243,-0.5741553087945971,-0.7174469963041701,0.1071666508459588,0.1823761141706538,0.4213912770678051,-0.65275435145221,0.8044272335589819,0.520136471164208,-0.0884751021146149,0.9478060492911886,0.65275435145221,0.2203443680265389,-0.0698144159426548,-0.5632218016027938,0.2490274894100126,-0.8569623777792261,0.3910871229289391,0.5042293960498542
GTEX-1AX8Z,-0.7295305620669889,0.546946359787327,-0.4572444368663248,1.82074492261502,-1.031275009879428,0.3315094021268154,-0.3810663862643338,-1.9591709979048224,0.6876849397127831,0.0651532940076319,0.7114443807664012,-1.6530030581052302,0.7916386077433746,0.8436109784655275,-0.0372127170621942,-0.5523552129489121,-1.8457049029212595,0.6073792467767407,0.6355858691140571,0.1823761141706538,0.3315094021268154,0.1118451385279671,0.4366879596755643,0.8436109784655275,0.7540238855634623,-1.6530030581052302,-0.8979687192568958,-0.962482977182896,0.187106675327825,0.6412876570233801,-0.0465219385151119,0.7852926508502123,-1.5073326312512032,1.6906216295848986,0.5042293960498542,-0.0978166045653749,-0.4779959870785905,-2.10546945092069,-0.9190479335937772,0.2682625678197607,-1.140268643894193,-1.2648170437118496,0.4315778808977973,0.6995152985526999,-0.4884489019738811,0.9478060492911886,0.8304082942029329,0.1212095673006741,-1.2857916935144202,-0.9924772957033684,-0.8979687192568958,-0.4011472862273942,0.0838072954543562,1.3183573694113604,-1.6715166841106104,-2.10546945092069,0.0279067194760658,-0.1776496307692544,0.8173487968777844,-1.0553174817566977,1.400345043136658,0.7234755745418949,0.7417216005233305
GTEX-1AX9I,-0.5469463597873272,-1.61758811796741,-0.1918414273303961,0.3760703934941728,0.4832158447606152,-0.9848956614915162,0.2973048669834491,0.3760703934941728,-0.2060719695833272,0.0698144159426549,-0.9190479335937772,0.884134934875026,0.2779170089683694,-0.4779959870785905,0.2634447638039344,0.3315094021268154,0.3216987953648042,-1.340869290880347,-0.5308145305532522,0.0651532940076319,-1.899384692461367,0.7916386077433746,-0.6017961577614439,0.7417216005233305,1.0078143423127026,0.2298841175792322,0.9261656018472316,0.6129813329265346,0.4832158447606152,0.2346617948613113,-0.0325593658056133,-0.6129813329265346,0.7356124152439232,-0.5851578873218707,-0.4779959870785905,-1.388054028556375,-0.0931448373144652,1.635039266801711,1.412851325289763,1.3073477923443682,0.4469425897337917,0.0931448373144652,-1.2050075920152503,0.1776496307692544,1.2343603801814165,-0.9478060492911888,0.4163143916073593,0.1165260755991407,0.9924772957033684,-0.4727891209922674,-0.220344368026539,-0.6818057608465092,-0.6073792467767407,-0.2490274894100124,-0.2779170089683694,-0.1024905076914514,-0.1118451385279671,1.5522864776181842,-0.8910305119824391,0.4061925696666297,-0.3119190548203253,-0.7980166062079388,-0.0791413141184694
GTEX-1AX9J,0.2779170089683694,0.7602179716124496,-0.0604935871747794,0.3462856993426961,-0.3810663862643338,-0.5906857713824718,-0.0232546771714069,0.0651532940076319,-0.6186027229558672,0.1258957192703828,0.6073792467767407,-0.4884489019738811,-1.2146757214668782,0.3961121933896049,0.0604935871747794,-1.0553174817566977,-0.8704683159405441,1.0472360474261069,1.1492235271996152,0.1682084481374105,0.8569623777792261,-0.3760703934941728,0.187106675327825,-0.3168051375343428,0.3611379974371059,-1.167415358726977,-1.5522864776181842,-0.6186027229558672,0.467595041522105,-0.8636956533670372,-0.0604935871747794,0.977370221692195,-1.8457049029212595,0.6073792467767407,-0.5577802741991821,0.7852926508502123,1.1402686438941925,-1.5219770060190867,0.467595041522105,-0.1918414273303961,-1.131404276971706,-0.6935879849651033,1.0553174817566977,-0.5095173924720496,-0.4366879596755644,0.3413520209215255,0.0186031380810724,-0.1212095673006743,-0.6470103701484196,-0.4832158447606152,-1.4255825774365014,1.1402686438941925,-0.9698997294331952,0.7356124152439232,-0.6818057608465092,0.0139520014707611,-0.6073792467767407,-0.4989554619580166,0.5361762663658064,-0.3413520209215255,0.3216987953648042,0.884134934875026,1.3523845818311528
GTEX-1AX9K,0.681805760846509,0.7478585947633022,1.3183573694113604,-1.7739779942235536,0.7114443807664012,-0.1258957192703828,-0.4520875158696413,0.0558351934681737,-0.220344368026539,-0.0325593658056133,0.7789781621703243,0.2682625678197607,0.0744770551717114,1.1314042769717068,-0.7295305620669889,-1.2857916935144202,0.9478060492911886,0.5523552129489121,1.031275009879428,-0.8636956533670372,0.2730866066364132,0.2346617948613113,-0.1165260755991406,1.1674153587269775,-1.3759692008680076,-0.5632218016027938,-0.8304082942029333,-1.438549182645292,-0.850267731936789,-0.6017961577614439,-0.0838072954543562,1.2146757214668782,-0.2779170089683694,0.6299046699224384,-0.2875974245860253,-0.4832158447606152,-0.5851578873218707,-1.131404276971706,0.6935879849651033,0.2973048669834491,-0.0186031380810724,0.7234755745418949,0.6073792467767407,0.6129813329265346,0.7664413630494566,1.0078143423127026,0.2394448346237824,-1.1053298282224613,-0.6017961577614439,-0.7356124152439232,0.884134934875026,-0.4520875158696413,0.0325593658056133,0.1118451385279671,-0.0511780111120515,-1.1226279320577794,-0.1540744667957508,-0.3611379974371059,0.7417216005233305,-2.6016947511653714,0.6759500545663616,-0.977370221692195,-1.2545353222880942
GTEX-1B8KE,-0.0511780111120515,1.4789766045652544,-0.5095173924720496,1.0634684328718786,-1.388054028556375,-0.6073792467767407,-0.955118795069792,-1.5073326312512032,-0.3611379974371059,-1.2648170437118496,2.0269100347915936,-0.810871091550414,1.2443845388232115,1.400345043136658,-0.8044272335589816,-1.167415358726977,-0.0511780111120515,1.400345043136658,-0.2251116819514788,1.0799859809506631,1.9591709979048224,0.4366879596755643,0.4727891209922672,-0.1024905076914514,0.1729271126904469,-0.0604935871747794,-2.1501937961635003,-1.1582715276653734,-0.5906857713824718,0.520136471164208,-0.5851578873218707,0.7980166062079388,-1.2545353222880942,1.899384692461367,-1.3759692008680076,1.6175881179674108,0.3462856993426961,-1.7968702837153614,-0.1165260755991406,-0.5415534608499959,-0.4011472862273942,-1.0078143423127026,0.9119765235615476,1.0883562937618656,0.8238609817031132,0.467595041522105,0.7054672908207708,-0.4572444368663248,-1.3295291071787323,-0.8704683159405441,-0.3611379974371059,0.5042293960498542,-0.3315094021268153,1.928416512895066,-1.5840930675378757,-1.899384692461367,-1.3523845818311535,-0.0418668742548895,0.8369913991407895,-1.7307972047605154,2.1501937961635003,-0.5906857713824718,0.4469425897337917
GTEX-1B8KZ,-0.7789781621703243,0.2682625678197607,-1.5679914964717907,1.000116412316283,-0.7602179716124495,-0.1540744667957508,0.1024905076914515,-0.6129813329265346,0.7295305620669889,0.187106675327825,0.0139520014707611,0.9405436406054154,-0.5796478267226205,0.2973048669834491,0.0139520014707611,-0.1212095673006743,-1.195450804572871,-0.1165260755991406,0.3315094021268154,0.381066386264334,0.0418668742548894,-0.0978166045653749,-0.1823761141706537,0.0372127170621943,0.2924477009350161,-0.1823761141706537,0.6355858691140571,-0.9478060492911888,0.0931448373144652,-0.0465219385151119,0.3216987953648042,0.5361762663658064,-0.6876849397127831,0.6186027229558674,0.6355858691140571,-0.4315778808977973,0.2060719695833272,0.2203443680265389,-0.6129813329265346,0.2203443680265389,-0.5741553087945971,-1.275234241104605,0.1118451385279671,-0.1305846375599525,-0.5796478267226205,0.8569623777792261,0.0978166045653749,0.2346617948613113,-0.2013239596350001,0.4315778808977973,-2.7723180400283463,-0.1024905076914514,-1.0799859809506631,0.2490274894100126,-0.9698997294331952,-0.6876849397127831,0.4727891209922672,0.2730866066364132,0.2298841175792322,-0.0931448373144652,0.2827539046344999,0.9261656018472316,-0.1399711994794718
GTEX-1B8L1,0.3413520209215255,0.5415534608499961,-0.5469463597873272,1.3295291071787323,-1.61758811796741,0.2924477009350161,-0.3070404075144982,-1.6906216295848977,0.8704683159405441,-0.2013239596350001,0.1024905076914515,-0.1682084481374103,-0.8369913991407895,-1.2857916935144202,1.0392224351527355,0.0744770551717114,0.2251116819514788,0.1258957192703828,0.0465219385151119,-1.2244587432783245,0.6759500545663616,-0.5523552129489121,0.6701174349839331,1.195450804572871,-0.0093011666671462,-1.6006161338119125,0.0651532940076319,0.8636956533670372,1.438549182645292,-1.82074492261502,-0.4572444368663248,-0.2108246297118815,-2.10546945092069,2.1501937961635003,0.65275435145221,2.4841252247073147,1.635039266801711,-1.0883562937618656,-0.7478585947633022,0.9190479335937772,-1.7103643678208365,-1.0716906581760843,0.187106675327825,-0.962482977182896,-1.3640820484975271,0.8910305119824391,-0.6470103701484196,0.8044272335589819,-0.9190479335937772,-0.1352764286523604,-0.7356124152439232,1.3759692008680082,0.0279067194760658,2.318757970977832,-0.2538273506747333,0.3611379974371059,0.201323959635,-0.9405436406054154,0.7789781621703243,-0.4469425897337917,0.514819675081733,1.6715166841106104,2.199684129871479
GTEX-1B8SF,0.884134934875026,-0.504229396049854,0.7054672908207708,0.6355858691140571,0.4112482139938643,-0.8979687192568958,2.0645981446801467,-0.3661063568005696,-0.520136471164208,2.4841252247073147,-0.4884489019738811,-0.0698144159426548,-0.3021690572528447,-0.229884117579232,1.7968702837153605,-0.2682625678197609,-0.5254680115197978,-0.2730866066364132,0.1352764286523606,-1.1053298282224613,-0.5523552129489121,-0.810871091550414,-1.9284165128950652,-0.0093011666671462,-1.0883562937618656,1.9918985578978008,-0.0558351934681735,0.4366879596755643,1.3073477923443682,1.1860019705320748,1.899384692461367,0.3364266374948573,1.6715166841106104,-1.2343603801814165,-0.7417216005233308,-0.8436109784655275,-0.1823761141706537,-0.0698144159426548,-0.2394448346237824,-1.195450804572871,1.635039266801711,1.2857916935144202,-0.0978166045653749,-0.933330502902325,0.1776496307692544,-1.899384692461367,-0.5523552129489121,1.3183573694113604,-1.1860019705320748,-0.0465219385151119,1.3408692908803477,1.82074492261502,0.7114443807664012,-1.4930045626254098,0.7174469963041701,1.438549182645292,-0.2538273506747333,-0.7852926508502125,-0.7852926508502125,0.3315094021268154,-1.3183573694113604,1.3640820484975271,1.4930045626254098
GTEX-1B97I,-0.933330502902325,0.6412876570233801,-0.8636956533670372,0.5042293960498542,-1.3640820484975271,-2.199684129871477,0.7295305620669889,-1.1766578532028555,1.2545353222880942,0.6585199505483372,0.8304082942029329,-0.7234755745418949,0.8772811433566338,1.7103643678208365,0.1399711994794717,-0.9698997294331952,-1.3295291071787323,0.4061925696666297,0.9924772957033684,0.2298841175792322,0.4061925696666297,0.7295305620669889,-1.7739779942235536,-0.462413546573279,-0.664307523893006,0.6299046699224384,-1.1226279320577794,-2.10546945092069,1.1053298282224615,0.525468011519798,1.0392224351527355,1.2648170437118502,-1.3183573694113604,0.3119190548203253,0.7602179716124496,-0.2346617948613114,-1.0716906581760843,-2.7723180400283463,-0.229884117579232,-1.7307972047605154,1.3295291071787323,0.0046505330426105,0.4779959870785905,1.6175881179674108,1.7739779942235527,0.6470103701484196,-1.195450804572871,0.4936953696832036,-2.0645981446801454,0.1493701104165828,-0.514819675081733,-0.1682084481374103,-0.8369913991407895,0.467595041522105,-1.0634684328718786,-1.140268643894193,1.3759692008680082,0.6585199505483372,0.1024905076914515,-1.7968702837153614,1.2648170437118502,-1.5679914964717907,-0.2682625678197609
GTEX-1B98T,0.5632218016027939,-2.7723180400283463,-0.504229396049854,1.3408692908803477,0.2875974245860253,0.8304082942029329,0.7540238855634623,0.7852926508502123,1.82074492261502,0.6412876570233801,-3.112470178603051,0.3119190548203253,-0.6876849397127831,-0.3119190548203253,1.84570490292126,-0.0139520014707611,-0.2973048669834489,-2.484125224707312,-0.4727891209922674,0.1118451385279671,-1.9918985578978008,-2.199684129871477,-0.0372127170621942,-0.7916386077433746,-0.0465219385151119,1.0472360474261069,-1.2443845388232115,-0.1871066753278251,1.0392224351527355,0.2827539046344999,0.810871091550414,-0.3810663862643338,-0.7852926508502125,-0.3961121933896049,1.9918985578978008,-1.2857916935144202,0.6643075238930058,-0.6818057608465092,0.3216987953648042,-1.0001164123162831,-0.0139520014707611,0.1776496307692544,-2.255232508842998,-0.7356124152439232,-1.6715166841106104,-0.3760703934941728,-0.1965804839448126,1.7103643678208365,-0.3364266374948575,0.4366879596755643,-1.4003450431366584,0.7789781621703243,0.9405436406054154,-0.0744770551717116,0.6299046699224384,0.3168051375343427,2.1501937961635003,-0.2538273506747333,-0.962482977182896,0.6876849397127831,-0.7664413630494566,1.6906216295848986,1.5073326312512036
GTEX-1B996,0.023254677171407,1.2146757214668782,-1.0968035620935137,0.3216987953648042,-0.5741553087945971,0.3413520209215255,-0.1871066753278251,0.3710837698778,-0.5361762663658064,-0.514819675081733,0.2298841175792322,-0.0279067194760659,0.7356124152439232,-1.4255825774365014,0.2538273506747331,2.772318040028347,-0.810871091550414,0.7726945818405243,0.3070404075144982,-1.0392224351527355,0.962482977182896,-0.7726945818405243,1.5522864776181842,-0.8772811433566338,-0.1212095673006743,0.8569623777792261,0.1965804839448126,2.318757970977832,0.3216987953648042,-1.5522864776181842,-0.933330502902325,0.2394448346237824,-2.199684129871477,1.7519793109683377,-0.6470103701484196,1.195450804572871,3.112470178603064,-1.6006161338119125,-1.0392224351527355,-0.6759500545663616,-1.5679914964717907,-1.1766578532028555,0.7295305620669889,-1.9918985578978008,-1.82074492261502,1.5522864776181842,-0.2875974245860253,-0.7540238855634623,0.5308145305532521,0.0186031380810724,1.388054028556374,2.105469450920689,-1.4517622707385982,1.9591709979048224,-1.2443845388232115,3.112470178603064,-0.6818057608465092,-1.1139372153566884,1.5522864776181842,1.1226279320577794,-0.2060719695833272,1.9918985578978008,2.772318040028347
GTEX-1BAJH,-0.1399711994794718,0.3611379974371059,0.4469425897337917,-0.1871066753278251,-1.5679914964717907,-0.962482977182896,0.3119190548203253,-1.6350392668017106,0.0418668742548894,0.4366879596755643,1.195450804572871,0.0744770551717114,0.7664413630494566,3.112470178603064,-0.0046505330426104,-1.0155724616555522,-1.899384692461367,0.9119765235615476,2.318757970977832,-0.0744770551717116,0.4779959870785905,-0.6585199505483369,-1.5522864776181842,-1.4255825774365014,-0.9478060492911888,-0.3561785367094661,-1.2545353222880942,-2.0645981446801454,0.6470103701484196,1.928416512895066,0.2682625678197607,3.112470178603064,-1.5679914964717907,0.2490274894100126,-0.346285699342696,0.0838072954543562,-1.5073326312512032,-1.7519793109683373,0.3611379974371059,-1.275234241104605,1.3523845818311528,0.187106675327825,0.5415534608499961,2.6016947511653696,2.3932998646116808,0.4418094672275395,-0.3910871229289391,0.546946359787327,-1.8457049029212595,0.1540744667957507,1.3759692008680082,-0.7174469963041701,0.6935879849651033,-0.4727891209922674,-0.3021690572528447,-1.5369552544493164,-0.2779170089683694,0.3710837698778,0.2394448346237824,-0.7852926508502125,0.955118795069792,-0.8979687192568958,-0.7916386077433746
GTEX-1C4CL,0.0372127170621943,0.1258957192703828,-0.6299046699224384,0.7602179716124496,-0.3561785367094661,-0.1212095673006743,0.2298841175792322,-0.9119765235615476,0.4520875158696414,0.4832158447606152,0.7054672908207708,-0.1165260755991406,0.1729271126904469,2.2552325088429965,-0.1682084481374103,-1.131404276971706,-0.0372127170621942,0.3462856993426961,1.0799859809506631,-1.9591709979048224,0.4112482139938643,-0.7295305620669889,-0.6186027229558672,-0.6701174349839331,-1.7519793109683373,-0.1352764286523604,-0.514819675081733,-0.7417216005233308,-0.0604935871747794,1.5679914964717907,0.5042293960498542,2.1501937961635003,-0.1305846375599525,0.962482977182896,-0.0372127170621942,-0.4112482139938643,-0.1446690574398205,-0.884134934875026,-0.9405436406054154,-1.2648170437118496,0.884134934875026,-0.2973048669834489,0.1399711994794717,1.899384692461367,0.7478585947633022,0.2973048669834491,-0.0931448373144652,0.2682625678197607,-1.899384692461367,-0.7054672908207708,0.2298841175792322,0.3315094021268154,-0.1446690574398205,-0.1729271126904469,-0.3315094021268153,-0.8173487968777844,-0.3760703934941728,-0.0465219385151119,-0.0232546771714069,-0.962482977182896,0.8704683159405441,-0.5523552129489121,-0.3512278212462601
GTEX-1C64N,-1.6715166841106104,-0.3611379974371059,-0.4727891209922674,1.9918985578978008,-0.933330502902325,-0.6935879849651033,1.0799859809506631,-1.61758811796741,1.84570490292126,0.6876849397127831,-0.3315094021268153,0.0884751021146148,0.3070404075144982,-0.4675950415221049,3.112470178603064,-0.7726945818405243,0.520136471164208,-0.1493701104165827,-0.3413520209215255,2.772318040028347,-0.3760703934941728,-0.8369913991407895,-1.7968702837153614,-1.4128513252897623,-0.9261656018472316,1.3183573694113604,-0.504229396049854,1.5073326312512036,2.772318040028347,2.4841252247073147,1.4930045626254098,-0.8304082942029333,0.009301166667146,-1.275234241104605,0.955118795069792,1.0472360474261069,-0.2155820567040673,-1.7307972047605154,-1.4789766045652544,-1.2545353222880942,1.6906216295848986,-0.7417216005233308,0.0279067194760658,0.9405436406054154,-0.6073792467767407,-1.4517622707385982,-0.3860719086350268,3.112470178603064,-1.388054028556375,0.5042293960498542,1.1226279320577794,1.195450804572871,1.521977006019087,-1.195450804572871,-1.7103643678208365,0.0186031380810724,1.928416512895066,-0.1587822354845152,-1.3759692008680076,-0.1776496307692544,-0.955118795069792,1.1492235271996152,1.465233792685523
GTEX-1C64O,0.4832158447606152,-0.4936953696832038,-0.1165260755991406,-0.4675950415221049,-0.0884751021146149,-0.0978166045653749,0.4264790471503241,0.381066386264334,0.8044272335589819,0.3661063568005698,-0.4779959870785905,-0.3561785367094661,0.7114443807664012,0.7602179716124496,0.3910871229289391,0.1024905076914515,0.5796478267226207,-0.5851578873218707,-0.8436109784655275,1.1766578532028555,-0.904950425274544,0.6017961577614437,0.4061925696666297,-0.3661063568005696,0.2779170089683694,0.467595041522105,-1.140268643894193,-1.131404276971706,0.1165260755991407,-0.2538273506747333,0.955118795069792,-0.3860719086350268,-0.3910871229289391,-0.4315778808977973,0.2203443680265389,-0.8304082942029333,0.2298841175792322,-0.9478060492911888,1.84570490292126,-0.107166650845959,1.84570490292126,0.5686800575348554,-0.462413546573279,1.8718707308672449,1.3759692008680082,-0.7234755745418949,-0.1305846375599525,0.7726945818405243,-0.7980166062079388,-0.3315094021268153,0.7726945818405243,0.3760703934941728,-1.1053298282224613,-0.6186027229558672,-0.5415534608499959,-0.0604935871747794,0.4213912770678051,1.388054028556374,-0.6935879849651033,-0.5741553087945971,0.0931448373144652,-0.6876849397127831,0.0978166045653749
GTEX-1C6VQ,0.7664413630494566,-1.3640820484975271,1.000116412316283,1.2443845388232115,0.7916386077433746,0.4469425897337917,-0.0279067194760659,-0.5741553087945971,2.772318040028347,0.0186031380810724,-0.8238609817031132,-0.8304082942029333,0.5686800575348554,0.4315778808977973,0.7234755745418949,-0.7174469963041701,0.2730866066364132,-1.1053298282224613,-0.6073792467767407,-0.955118795069792,-1.5522864776181842,-1.4789766045652544,0.1682084481374105,-0.7664413630494566,-0.8173487968777844,1.0078143423127026,0.1682084481374105,-1.2857916935144202,-0.5415534608499959,1.635039266801711,0.6412876570233801,-0.5851578873218707,-0.32660016939701,-0.4112482139938643,2.199684129871479,-0.514819675081733,-0.0046505330426104,-0.7540238855634623,-0.2682625678197609,-0.933330502902325,1.2545353222880942,0.9190479335937772,-0.4936953696832038,2.105469450920689,1.400345043136658,-0.8044272335589816,0.1540744667957507,1.400345043136658,-0.8704683159405441,-0.884134934875026,-0.0232546771714069,0.525468011519798,1.2050075920152503,-0.4520875158696413,0.0418668742548894,-0.3512278212462601,1.7307972047605154,0.2298841175792322,-0.9848956614915162,-0.2060719695833272,-0.2108246297118815,0.1446690574398205,0.4572444368663246
GTEX-1C6VR,0.0325593658056133,-0.7664413630494566,0.0325593658056133,1.2964944386804569,1.0799859809506631,0.5577802741991821,1.2857916935144202,1.2343603801814165,0.3961121933896049,0.5577802741991821,-1.140268643894193,-0.7295305620669889,-0.3364266374948575,-0.6129813329265346,0.9119765235615476,0.65275435145221,-2.10546945092069,-0.9924772957033684,-0.0511780111120515,-0.8772811433566338,-0.220344368026539,-0.8569623777792261,-1.3073477923443677,-1.871870730867245,1.1492235271996152,1.2857916935144202,-0.0372127170621942,0.5741553087945971,-0.5851578873218707,0.6186027229558674,0.6242437292362808,-0.4572444368663248,0.462413546573279,-1.0078143423127026,0.7789781621703243,-0.6470103701484196,0.8436109784655275,0.2490274894100126,1.928416512895066,0.2779170089683694,-0.2251116819514788,0.4011472862273944,-0.8569623777792261,-1.4255825774365014,-1.2545353222880942,-0.9261656018472316,-0.3961121933896049,1.1139372153566884,0.6995152985526999,-0.7726945818405243,0.4163143916073593,1.1860019705320748,1.000116412316283,-0.8636956533670372,1.3295291071787323,1.0968035620935137,1.412851325289763,-0.5095173924720496,-0.7602179716124495,0.546946359787327,-1.6906216295848977,0.187106675327825,0.4779959870785905
GTEX-1C6VS,2.0645981446801467,-0.7295305620669889,0.955118795069792,-1.6906216295848977,0.1352764286523606,1.4930045626254098,1.5369552544493164,1.6715166841106104,1.5840930675378757,1.899384692461367,-1.1053298282224613,-0.6995152985526998,-1.899384692461367,-0.4727891209922674,1.6715166841106104,-0.2538273506747333,-1.6906216295848977,-0.9478060492911888,-0.4469425897337917,1.3640820484975271,-1.3295291071787323,-1.2964944386804564,-0.5469463597873272,-0.8636956533670372,-0.4061925696666297,0.6995152985526999,-0.520136471164208,0.525468011519798,1.0155724616555522,-1.0078143423127026,2.0645981446801467,-0.462413546573279,-0.3216987953648042,-0.0046505330426104,2.105469450920689,-1.5522864776181842,-0.2490274894100124,0.1212095673006741,1.2443845388232115,-1.2343603801814165,-0.2442333585910436,2.318757970977832,-0.8044272335589816,-0.1871066753278251,-2.7723180400283463,-0.8569623777792261,-0.1823761141706537,1.224458743278325,-0.8772811433566338,-0.6995152985526998,0.2973048669834491,1.4517622707385982,0.9190479335937772,-0.6355858691140569,1.7519793109683377,1.6530030581052302,1.6530030581052302,-2.3932998646116794,-0.7295305620669889,-0.0791413141184694,-2.0645981446801454,1.2343603801814165,1.7103643678208365
GTEX-1C6WA,0.6701174349839331,0.1634935259298645,-0.1493701104165827,0.6701174349839331,-0.2490274894100124,1.1860019705320748,1.6906216295848986,-0.0978166045653749,0.514819675081733,1.9591709979048224,-1.031275009879428,-0.6129813329265346,-2.3187579709778325,-0.4061925696666297,0.977370221692195,-0.8369913991407895,-0.1258957192703828,-0.4213912770678052,1.8718707308672449,-0.5906857713824718,-0.0511780111120515,-1.6715166841106104,0.3561785367094661,-0.4418094672275395,-0.2924477009350161,0.4061925696666297,-1.9918985578978008,-0.3413520209215255,0.9119765235615476,-0.4366879596755644,0.5906857713824718,1.0968035620935137,-1.0799859809506631,0.1071666508459588,1.412851325289763,-0.2973048669834489,1.6715166841106104,-1.2648170437118496,0.810871091550414,-0.8304082942029333,-0.8910305119824391,-0.4675950415221049,-0.7478585947633022,-1.4789766045652544,-0.9190479335937772,0.4315778808977973,-0.3413520209215255,0.462413546573279,-1.1053298282224613,-0.6299046699224384,-0.6299046699224384,1.9918985578978008,-0.3961121933896049,-0.9119765235615476,0.023254677171407,1.7103643678208365,1.400345043136658,-0.8772811433566338,-0.2586330669514177,-0.7916386077433746,-1.5522864776181842,1.899384692461367,1.899384692461367
GTEX-1CAMQ,0.6759500545663616,0.32660016939701,0.3760703934941728,0.7852926508502123,0.4989554619580166,-0.1965804839448126,0.5415534608499961,-0.3611379974371059,0.7852926508502123,0.32660016939701,0.3462856993426961,-2.10546945092069,-2.1501937961635003,0.8238609817031132,-0.220344368026539,-2.484125224707312,-1.0883562937618656,0.4163143916073593,1.3759692008680082,0.0698144159426549,0.2346617948613113,-2.3187579709778325,0.2298841175792322,0.8636956533670372,-0.2586330669514177,-0.8369913991407895,-2.6016947511653714,-2.484125224707312,-0.2875974245860253,-0.0279067194760659,0.3462856993426961,0.9848956614915162,-1.4930045626254098,0.0931448373144652,1.0155724616555522,-0.462413546573279,0.2779170089683694,-1.3183573694113604,0.0046505330426105,0.4011472862273944,-0.9119765235615476,-0.2827539046344998,0.3710837698778,0.1352764286523606,-0.0232546771714069,0.1540744667957507,0.2298841175792322,-0.0604935871747794,-0.624243729236281,-2.255232508842998,-1.3759692008680076,1.031275009879428,0.6585199505483372,-0.65275435145221,0.1071666508459588,-0.5577802741991821,1.3073477923443682,-0.4884489019738811,0.3462856993426961,-1.031275009879428,0.2251116819514788,-0.1540744667957508,-0.346285699342696
GTEX-1CAMR,-0.8173487968777844,2.2552325088429965,-1.82074492261502,1.0968035620935137,-1.6906216295848977,-1.8457049029212595,-0.4469425897337917,-1.1582715276653734,-1.5219770060190867,-0.7852926508502125,3.112470178603064,0.3910871229289391,1.6906216295848986,-0.1965804839448126,-2.7723180400283463,0.904950425274544,0.1071666508459588,2.772318040028347,-0.1729271126904469,-0.3512278212462601,1.4789766045652544,1.6715166841106104,0.6585199505483372,0.955118795069792,1.2545353222880942,-1.5073326312512032,0.6299046699224384,0.1729271126904469,-1.871870730867245,-0.5469463597873272,-1.275234241104605,0.1729271126904469,0.1776496307692544,0.681805760846509,-1.3073477923443677,-0.1165260755991406,0.3760703934941728,0.5415534608499961,-0.8436109784655275,0.1352764286523606,-0.5632218016027938,-1.7103643678208365,3.112470178603064,0.3860719086350267,0.514819675081733,-0.0931448373144652,1.82074492261502,-1.0078143423127026,-0.2490274894100124,0.7852926508502123,0.5308145305532521,-0.4315778808977973,-1.8457049029212595,0.2203443680265389,-1.195450804572871,-1.5219770060190867,-0.8979687192568958,0.6242437292362808,2.0645981446801467,0.201323959635,3.112470178603064,-2.3932998646116794,-0.884134934875026
GTEX-1CB4E,-2.3932998646116794,0.8173487968777844,-1.340869290880347,1.4789766045652544,-1.1226279320577794,-3.112470178603051,-1.2343603801814165,-0.4112482139938643,-1.388054028556375,-1.5369552544493164,0.5042293960498542,1.412851325289763,0.1071666508459588,-0.8910305119824391,-0.2442333585910436,2.0269100347915936,-1.1139372153566884,0.8502677319367892,0.2779170089683694,-1.7968702837153614,1.5679914964717907,0.9848956614915162,-0.1258957192703828,-1.1492235271996152,1.928416512895066,1.1674153587269775,2.1501937961635003,1.635039266801711,-0.462413546573279,-0.220344368026539,-2.0645981446801454,-0.2682625678197609,0.7852926508502123,-0.1493701104165827,-2.026910034791593,2.1501937961635003,0.7726945818405243,1.2648170437118502,-0.7356124152439232,0.7916386077433746,-0.3168051375343428,-1.1139372153566884,1.1314042769717068,-1.4930045626254098,-1.6350392668017106,0.1587822354845152,0.0046505330426105,-0.2973048669834489,-0.4418094672275395,0.933330502902325,-1.6530030581052302,-1.9591709979048224,-0.1399711994794718,0.8910305119824391,-0.8369913991407895,0.7852926508502123,-1.5679914964717907,1.2752342411046045,1.0155724616555522,1.4255825774365014,0.4520875158696414,0.4112482139938643,1.0968035620935137
GTEX-1CB4F,-0.2013239596350001,-0.1871066753278251,-0.0465219385151119,-0.2251116819514788,-0.0046505330426104,0.3462856993426961,0.2108246297118815,-0.4418094672275395,0.3070404075144982,0.1352764286523606,0.2875974245860253,-0.8772811433566338,0.4011472862273944,0.7114443807664012,-0.3961121933896049,-0.0186031380810724,0.5523552129489121,0.023254677171407,0.2730866066364132,0.520136471164208,-0.462413546573279,0.904950425274544,0.6186027229558674,1.0392224351527355,0.1776496307692544,0.6129813329265346,-0.6299046699224384,-0.5686800575348554,-0.2973048669834489,-0.884134934875026,-0.0558351934681735,0.7356124152439232,-0.6355858691140569,0.8436109784655275,0.514819675081733,-1.6715166841106104,0.4163143916073593,-1.3759692008680076,1.6006161338119125,0.8044272335589819,-0.1965804839448126,0.1212095673006741,-1.023392193391521,0.6759500545663616,1.7519793109683377,0.8044272335589819,0.0744770551717114,-0.5361762663658064,-0.0279067194760659,-0.9405436406054154,0.0978166045653749,-0.1493701104165827,-2.0645981446801454,-0.2730866066364132,-0.850267731936789,-0.9478060492911888,0.4011472862273944,0.4572444368663246,0.0325593658056133,-1.6350392668017106,0.7916386077433746,-0.8772811433566338,-0.0093011666671462
GTEX-1CB4G,-1.0001164123162831,-0.0465219385151119,-0.2060719695833272,1.9591709979048224,-0.2442333585910436,0.0604935871747794,-0.664307523893006,-1.0155724616555522,-0.1165260755991406,0.0325593658056133,-0.1212095673006743,0.6355858691140571,0.8044272335589819,-0.4315778808977973,-0.1634935259298645,0.1118451385279671,-0.1446690574398205,-0.4011472862273942,-0.3070404075144982,-1.7739779942235536,-0.7234755745418949,-0.2490274894100124,-0.6995152985526998,2.0645981446801467,0.0931448373144652,0.9190479335937772,0.1540744667957507,0.0139520014707611,-0.7174469963041701,0.7234755745418949,-0.0698144159426548,-0.346285699342696,-0.4989554619580166,0.0838072954543562,0.2060719695833272,-1.4517622707385982,0.5415534608499961,-0.6129813329265346,1.2648170437118502,1.5840930675378757,0.1165260755991407,-0.4061925696666297,-0.6876849397127831,-0.5254680115197978,1.1860019705320748,-0.1918414273303961,-1.0553174817566977,0.6470103701484196,-1.031275009879428,-0.1965804839448126,0.955118795069792,0.5686800575348554,0.1776496307692544,-0.4675950415221049,-0.3611379974371059,0.7540238855634623,0.0884751021146148,1.465233792685523,-0.3561785367094661,0.7114443807664012,-0.0931448373144652,1.1766578532028555,1.2343603801814165
GTEX-1CB4I,-0.0744770551717116,0.2924477009350161,0.7789781621703243,-0.1118451385279671,1.1766578532028555,-0.5577802741991821,-0.5254680115197978,-0.1540744667957508,-0.0232546771714069,0.1071666508459588,0.8502677319367892,-0.8369913991407895,-0.0511780111120515,1.412851325289763,-0.5851578873218707,-0.904950425274544,1.1492235271996152,0.520136471164208,0.3021690572528446,0.1165260755991407,0.1918414273303961,0.1446690574398205,0.4469425897337917,1.400345043136658,-0.1258957192703828,-0.5308145305532522,-1.7103643678208365,-1.7519793109683373,-0.9119765235615476,-0.0791413141184694,0.2973048669834491,1.2964944386804569,-1.023392193391521,0.5042293960498542,-0.2779170089683694,-0.0139520014707611,-0.220344368026539,-2.255232508842998,1.5369552544493164,0.1634935259298645,0.1399711994794717,0.3611379974371059,-0.0093011666671462,0.9261656018472316,1.8718707308672449,-0.6186027229558672,0.6073792467767407,-0.5577802741991821,0.2586330669514177,-0.8979687192568958,0.5632218016027939,-0.0232546771714069,-0.962482977182896,0.2298841175792322,-0.624243729236281,-1.3183573694113604,-0.6299046699224384,0.7602179716124496,-0.0046505330426104,-1.9591709979048224,0.7054672908207708,-1.6350392668017106,-0.220344368026539
GTEX-1CB4J,0.4011472862273944,0.201323959635,1.0155724616555522,-0.3021690572528447,-0.5415534608499959,0.4366879596755643,-0.6355858691140569,0.1024905076914515,1.2857916935144202,-0.0884751021146149,-0.4520875158696413,-0.5361762663658064,0.546946359787327,-0.5095173924720496,0.2490274894100126,0.0372127170621943,-0.7602179716124495,-1.4003450431366584,-0.6701174349839331,1.0472360474261069,0.0791413141184694,0.1682084481374105,-0.9405436406054154,-0.0046505330426104,-1.0553174817566977,1.1314042769717068,0.2682625678197607,-0.8569623777792261,0.5906857713824718,-0.0931448373144652,-0.0372127170621942,-0.7789781621703243,-0.962482977182896,0.6876849397127831,1.3523845818311528,0.2538273506747331,0.4572444368663246,-0.504229396049854,-0.6995152985526998,-0.8238609817031132,-0.1918414273303961,0.4779959870785905,-0.65275435145221,0.6073792467767407,0.1634935259298645,0.4112482139938643,-0.5095173924720496,0.5095173924720495,-1.0001164123162831,-1.167415358726977,-1.0472360474261069,1.2443845388232115,0.187106675327825,-0.0372127170621942,0.6759500545663616,0.6412876570233801,1.5522864776181842,-0.504229396049854,-0.32660016939701,-0.1965804839448126,0.1071666508459588,0.9848956614915162,1.635039266801711
GTEX-1E1VI,-0.1918414273303961,0.6470103701484196,-1.1582715276653734,0.8979687192568956,-1.7103643678208365,0.6186027229558674,0.4315778808977973,-0.8238609817031132,1.412851325289763,0.7114443807664012,0.2586330669514177,-1.0155724616555522,-1.5073326312512032,1.1139372153566884,0.9190479335937772,-0.3119190548203253,-2.199684129871477,0.3021690572528446,1.4517622707385982,-0.2586330669514177,0.4264790471503241,-2.0645981446801454,-1.167415358726977,-2.7723180400283463,-0.8772811433566338,0.933330502902325,-0.462413546573279,-1.1053298282224613,0.977370221692195,0.8636956533670372,0.8704683159405441,1.5840930675378757,-0.884134934875026,0.6935879849651033,1.4517622707385982,0.5042293960498542,0.2442333585910436,-0.7417216005233308,-0.4418094672275395,-2.7723180400283463,-0.0465219385151119,-0.3364266374948575,0.3961121933896049,0.2924477009350161,-2.3932998646116794,1.3073477923443682,-1.5679914964717907,1.4789766045652544,-3.112470178603051,0.0139520014707611,-1.2857916935144202,0.9261656018472316,0.1918414273303961,0.3364266374948573,0.0931448373144652,0.4779959870785905,1.5073326312512036,-1.871870730867245,0.681805760846509,-0.4675950415221049,0.4572444368663246,0.7664413630494566,0.7114443807664012
GTEX-1E2YA,0.5523552129489121,-0.8979687192568958,0.0931448373144652,0.009301166667146,0.5796478267226207,0.5632218016027939,0.6355858691140571,0.3910871229289391,0.467595041522105,0.8636956533670372,0.1212095673006741,0.1071666508459588,-0.6186027229558672,0.6759500545663616,-0.1729271126904469,-0.5415534608499959,1.1053298282224615,-0.1399711994794718,0.6017961577614437,2.105469450920689,-2.7723180400283463,-0.4264790471503241,0.5415534608499961,-0.1258957192703828,-0.7174469963041701,-0.107166650845959,0.3760703934941728,-1.1139372153566884,-0.1258957192703828,-0.1212095673006743,0.5796478267226207,0.5796478267226207,-0.0465219385151119,-0.3661063568005696,0.7295305620669889,-2.026910034791593,0.3561785367094661,0.187106675327825,0.7916386077433746,-0.7054672908207708,0.0325593658056133,0.2730866066364132,-2.199684129871477,0.514819675081733,0.6412876570233801,-0.4520875158696413,-0.9190479335937772,-0.4112482139938643,0.2490274894100126,-1.2857916935144202,-0.6073792467767407,-0.1823761141706537,-0.0791413141184694,-0.3860719086350268,-0.0046505330426104,-0.3364266374948575,0.3661063568005698,0.1965804839448126,-0.4061925696666297,-1.3073477923443677,0.0418668742548894,-0.3860719086350268,-0.2634447638039343
GTEX-1EH9U,0.7478585947633022,0.0279067194760658,1.1492235271996152,-0.9119765235615476,0.1965804839448126,-0.8238609817031132,-0.2155820567040673,0.467595041522105,-0.2973048669834489,-0.0558351934681735,0.4936953696832036,-0.0604935871747794,0.1446690574398205,0.9405436406054154,-0.3413520209215255,-0.504229396049854,0.9698997294331956,0.9190479335937772,1.1226279320577794,1.2964944386804569,0.6242437292362808,-1.023392193391521,-1.140268643894193,-0.3810663862643338,0.0279067194760658,0.381066386264334,-1.2146757214668782,-0.4832158447606152,-1.0392224351527355,-0.2155820567040673,-0.0279067194760659,1.388054028556374,-1.4255825774365014,-0.2875974245860253,-0.3860719086350268,0.4315778808977973,1.3523845818311528,-1.6715166841106104,2.1501937961635003,0.3961121933896049,-0.5851578873218707,0.8502677319367892,0.3910871229289391,-0.2060719695833272,-0.229884117579232,-1.1139372153566884,-0.0558351934681735,-0.2730866066364132,0.5042293960498542,-0.0325593658056133,0.9848956614915162,0.514819675081733,-0.0604935871747794,-0.2634447638039343,-0.2394448346237824,-0.1446690574398205,-0.5361762663658064,0.1118451385279671,0.1071666508459588,-0.9698997294331952,-0.0186031380810724,-1.0078143423127026,-0.1918414273303961
GTEX-1EKGG,-1.7739779942235536,-0.2586330669514177,-1.4255825774365014,1.1582715276653734,-0.0186031380810724,-0.6818057608465092,1.0392224351527355,-0.0325593658056133,0.6017961577614437,0.7726945818405243,0.1071666508459588,-2.3187579709778325,-1.9284165128950652,1.0968035620935137,0.4884489019738812,-1.0392224351527355,-1.3759692008680076,0.0884751021146148,1.6715166841106104,-0.2634447638039343,0.7174469963041701,-0.3512278212462601,0.1965804839448126,-1.140268643894193,0.5577802741991821,0.546946359787327,-0.7417216005233308,-0.3810663862643338,1.5369552544493164,0.3413520209215255,0.4779959870785905,1.6715166841106104,-0.3021690572528447,-0.2155820567040673,0.3860719086350267,0.962482977182896,-0.3512278212462601,-1.0968035620935137,0.6470103701484196,-0.1258957192703828,0.7789781621703243,-0.8436109784655275,0.1305846375599525,0.3119190548203253,-1.2146757214668782,0.1212095673006741,-2.7723180400283463,0.8238609817031132,-0.2827539046344998,-1.5840930675378757,-1.6715166841106104,-1.5679914964717907,0.1493701104165828,0.4936953696832036,-0.7114443807664012,-1.0883562937618656,1.2545353222880942,0.1352764286523606,0.2730866066364132,0.0511780111120515,0.3611379974371059,0.2155820567040674,-0.1871066753278251
GTEX-1EMGI,0.3512278212462599,0.0884751021146148,-0.0558351934681735,-0.6701174349839331,-0.5361762663658064,-0.3216987953648042,0.5523552129489121,-0.2394448346237824,0.9478060492911886,0.5741553087945971,0.009301166667146,-1.1226279320577794,1.0392224351527355,0.462413546573279,1.2050075920152503,0.009301166667146,-1.5522864776181842,-0.8910305119824391,0.2394448346237824,0.8636956533670372,-0.0884751021146149,0.1024905076914515,-1.3183573694113604,-0.6412876570233803,-0.1305846375599525,1.1402686438941925,-0.1446690574398205,-0.65275435145221,1.1226279320577794,0.5686800575348554,0.8304082942029329,0.187106675327825,-0.1871066753278251,0.0325593658056133,0.381066386264334,0.2394448346237824,-1.140268643894193,-0.0651532940076319,-1.031275009879428,-0.5577802741991821,0.2442333585910436,0.3462856993426961,-0.1024905076914514,0.681805760846509,-0.3760703934941728,-0.5796478267226205,-0.3611379974371059,1.1674153587269775,-1.5073326312512032,-1.2050075920152503,-1.438549182645292,0.4213912770678051,0.3710837698778,0.2634447638039344,-0.0186031380810724,-0.0558351934681735,0.6242437292362808,-1.4930045626254098,-0.4779959870785905,-0.6585199505483369,-0.1399711994794718,0.4727891209922672,0.8772811433566338
GTEX-1EN7A,0.2682625678197607,-2.1501937961635003,0.4779959870785905,0.8636956533670372,0.1258957192703828,-0.3661063568005696,0.8704683159405441,0.7916386077433746,0.525468011519798,0.962482977182896,-0.3070404075144982,-1.5679914964717907,-0.3961121933896049,0.977370221692195,0.5741553087945971,-1.5840930675378757,-0.5686800575348554,-0.4112482139938643,1.0392224351527355,-0.2827539046344998,-1.6530030581052302,-0.955118795069792,-0.2779170089683694,0.8704683159405441,0.0325593658056133,-0.7356124152439232,-2.255232508842998,-1.0716906581760843,0.1729271126904469,1.4930045626254098,0.884134934875026,0.7054672908207708,-0.1212095673006743,-0.6818057608465092,0.4112482139938643,-1.6906216295848977,-0.5308145305532522,-0.8704683159405441,0.187106675327825,0.5361762663658064,0.4572444368663246,-0.1634935259298645,-1.7968702837153614,0.4264790471503241,-0.1305846375599525,-0.6995152985526998,0.520136471164208,0.9698997294331956,-0.0418668742548895,-0.955118795069792,-0.1965804839448126,0.4520875158696414,1.899384692461367,-0.6585199505483369,0.8304082942029329,-0.4832158447606152,0.977370221692195,-0.1823761141706537,-0.5469463597873272,0.187106675327825,-0.3315094021268153,-0.4520875158696413,-0.5741553087945971
GTEX-1EU9M,0.2346617948613113,-1.2244587432783245,-0.6818057608465092,1.031275009879428,0.6242437292362808,0.5361762663658064,1.412851325289763,-1.195450804572871,2.0645981446801467,1.4255825774365014,-1.1492235271996152,0.1776496307692544,0.3216987953648042,0.1634935259298645,0.8238609817031132,-2.1501937961635003,-0.4832158447606152,-1.0078143423127026,0.0511780111120515,0.0,-1.4003450431366584,-0.3315094021268153,0.9924772957033684,0.5796478267226207,-0.9698997294331952,0.3561785367094661,-1.6350392668017106,-0.3315094021268153,0.5741553087945971,0.4520875158696414,1.195450804572871,-0.2060719695833272,-2.026910034791593,0.6412876570233801,1.8718707308672449,-0.3611379974371059,0.8636956533670372,-3.112470178603051,-0.2490274894100124,0.32660016939701,0.1024905076914515,-0.8772811433566338,-0.8636956533670372,0.8772811433566338,0.3760703934941728,0.5741553087945971,-0.7980166062079388,0.962482977182896,-0.4315778808977973,-0.7980166062079388,-1.3640820484975271,0.5095173924720495,-0.1871066753278251,-0.2586330669514177,-1.023392193391521,-0.520136471164208,1.5840930675378757,0.7789781621703243,0.2108246297118815,-1.1139372153566884,0.2346617948613113,1.1674153587269775,1.2545353222880942
GTEX-1EX96,0.6643075238930058,-1.2964944386804564,0.4315778808977973,-1.0001164123162831,0.1305846375599525,1.0799859809506631,0.7478585947633022,1.438549182645292,1.1860019705320748,1.4930045626254098,-2.0645981446801454,1.000116412316283,-0.4936953696832038,0.7356124152439232,0.3611379974371059,0.1399711994794717,-0.0186031380810724,-1.7968702837153614,-0.220344368026539,-0.7174469963041701,-2.3187579709778325,-2.3932998646116794,-0.6470103701484196,-0.4884489019738811,-2.7723180400283463,-0.1118451385279671,0.4832158447606152,0.0978166045653749,0.1587822354845152,0.4163143916073593,1.521977006019087,0.0279067194760658,0.2924477009350161,-0.596231764610585,1.0968035620935137,-1.61758811796741,-0.8044272335589816,0.9261656018472316,0.1446690574398205,-0.0698144159426548,0.0046505330426105,1.1674153587269775,-1.6350392668017106,0.9119765235615476,-0.2490274894100124,0.0139520014707611,0.0604935871747794,0.2779170089683694,0.6585199505483372,1.0392224351527355,-0.9405436406054154,-0.6186027229558672,0.8369913991407895,-0.3760703934941728,1.1582715276653734,0.8569623777792261,0.32660016939701,-1.438549182645292,-0.4264790471503241,0.7789781621703243,-0.9848956614915162,-0.0604935871747794,-1.1226279320577794
GTEX-1F5PK,1.5073326312512036,0.525468011519798,0.8636956533670372,-1.167415358726977,0.6412876570233801,1.1582715276653734,-0.2779170089683694,1.1766578532028555,0.0978166045653749,-0.6186027229558672,0.4469425897337917,-0.1352764286523604,0.8369913991407895,0.5523552129489121,-0.2013239596350001,0.0279067194760658,0.3119190548203253,0.2346617948613113,-0.7054672908207708,0.7664413630494566,0.3561785367094661,0.467595041522105,0.1258957192703828,-0.0791413141184694,-0.2394448346237824,0.3021690572528446,-1.2648170437118496,-0.6818057608465092,-0.6876849397127831,-0.7234755745418949,-0.2682625678197609,0.2538273506747331,-0.3760703934941728,1.3295291071787323,-0.2634447638039343,-0.2682625678197609,-0.5796478267226205,0.0139520014707611,0.3961121933896049,-0.9119765235615476,-0.3810663862643338,1.6006161338119125,0.2490274894100126,-0.0465219385151119,-0.1965804839448126,0.4520875158696414,0.6935879849651033,-0.520136471164208,-0.4112482139938643,0.7174469963041701,0.2730866066364132,-0.3561785367094661,-0.5632218016027938,1.023392193391522,1.0472360474261069,-0.1258957192703828,-0.4675950415221049,-1.6906216295848977,0.0604935871747794,-1.4255825774365014,0.3561785367094661,-1.340869290880347,-1.167415358726977
GTEX-1F6I4,0.4727891209922672,-1.0883562937618656,0.4213912770678051,-0.9190479335937772,-0.4727891209922674,-0.107166650845959,1.7103643678208365,-1.5840930675378757,1.1314042769717068,1.6906216295848986,-0.65275435145221,-0.6186027229558672,0.381066386264334,1.6006161338119125,0.5686800575348554,-1.9918985578978008,-0.2155820567040673,-0.884134934875026,0.4936953696832036,1.635039266801711,-0.7478585947633022,0.65275435145221,-0.3512278212462601,-1.388054028556375,0.2973048669834491,0.8979687192568956,-0.3070404075144982,-0.6299046699224384,1.4255825774365014,2.199684129871479,1.84570490292126,0.1682084481374105,1.3408692908803477,-0.3710837698778002,0.0698144159426549,-0.0884751021146149,-2.199684129871477,-1.0392224351527355,0.2875974245860253,-2.3187579709778325,2.318757970977832,1.2146757214668782,-0.3021690572528447,2.3932998646116808,1.635039266801711,-0.6412876570233803,-0.1682084481374103,1.031275009879428,-1.465233792685523,-0.6355858691140569,1.521977006019087,-0.3216987953648042,0.2394448346237824,-0.1024905076914514,-0.7417216005233308,-1.0634684328718786,-0.1165260755991406,0.3462856993426961,-0.3512278212462601,-0.7114443807664012,0.0325593658056133,-1.6715166841106104,-1.195450804572871
GTEX-1F6IF,0.7852926508502123,-1.7968702837153614,0.2203443680265389,-0.1965804839448126,0.4163143916073593,0.5095173924720495,1.4789766045652544,0.6935879849651033,1.224458743278325,1.7519793109683377,-0.4112482139938643,-1.2343603801814165,-1.2244587432783245,0.9924772957033684,0.2586330669514177,-1.6350392668017106,-0.0325593658056133,-2.6016947511653714,1.2146757214668782,-0.1493701104165827,-0.6073792467767407,-0.5361762663658064,-0.4884489019738811,-0.3860719086350268,-2.484125224707312,0.904950425274544,-0.8238609817031132,-1.1860019705320748,0.0325593658056133,0.977370221692195,1.6715166841106104,0.8304082942029329,-0.3561785367094661,-0.1024905076914514,0.8704683159405441,-2.7723180400283463,-0.2682625678197609,-0.3561785367094661,-0.7417216005233308,-0.3021690572528447,0.3119190548203253,0.4989554619580166,-2.3932998646116794,0.9848956614915162,0.2634447638039344,-0.5095173924720496,-1.7968702837153614,0.7540238855634623,-0.4264790471503241,0.3910871229289391,-1.0634684328718786,0.5415534608499961,0.0698144159426549,-0.2827539046344998,0.3512278212462599,0.3119190548203253,0.7980166062079388,-0.6355858691140569,-0.4727891209922674,0.9924772957033684,-0.229884117579232,0.4884489019738812,0.6995152985526999
GTEX-1F75A,1.2343603801814165,-0.6073792467767407,1.388054028556374,-0.3070404075144982,1.4930045626254098,0.467595041522105,1.635039266801711,0.5796478267226207,0.1352764286523606,1.5073326312512036,-1.9591709979048224,-1.4003450431366584,-1.6715166841106104,0.2203443680265389,0.8304082942029329,-0.5095173924720496,0.4936953696832036,-1.0392224351527355,0.4469425897337917,-1.2146757214668782,-0.664307523893006,-1.1492235271996152,-0.2827539046344998,-0.0838072954543562,-1.2343603801814165,0.6935879849651033,-0.6701174349839331,0.2251116819514788,1.635039266801711,0.0744770551717114,1.3295291071787323,0.1634935259298645,-0.1446690574398205,-0.6470103701484196,0.3710837698778,-0.2013239596350001,0.4779959870785905,-0.1024905076914514,-0.0884751021146149,-1.0155724616555522,0.1446690574398205,1.1766578532028555,-1.5840930675378757,0.2251116819514788,-0.4727891209922674,-0.7478585947633022,-1.9918985578978008,0.6643075238930058,0.8569623777792261,-1.4517622707385982,-0.0372127170621942,1.000116412316283,0.6073792467767407,0.0651532940076319,0.7602179716124496,1.031275009879428,0.462413546573279,-0.5361762663658064,-0.7726945818405243,0.2442333585910436,-0.6073792467767407,0.1493701104165828,-0.1446690574398205
GTEX-1F75B,0.5851578873218706,-0.5361762663658064,-0.5361762663658064,-0.65275435145221,0.7054672908207708,1.2857916935144202,1.0883562937618656,2.105469450920689,0.7174469963041701,0.7664413630494566,-0.5308145305532522,1.1226279320577794,-1.465233792685523,-1.2146757214668782,1.1053298282224615,0.5906857713824718,0.0838072954543562,-0.3021690572528447,-0.3561785367094661,-0.4779959870785905,-0.3710837698778002,-0.8304082942029333,0.4832158447606152,1.899384692461367,-1.1582715276653734,-1.3759692008680076,1.1582715276653734,1.521977006019087,-0.2730866066364132,-1.6715166841106104,0.1823761141706538,-0.7664413630494566,-0.850267731936789,-0.977370221692195,1.7968702837153605,-0.624243729236281,0.023254677171407,2.3932998646116808,-0.1540744667957508,1.6906216295848986,-1.6350392668017106,-0.9924772957033684,-0.1540744667957508,-1.7307972047605154,-1.9591709979048224,-1.3183573694113604,0.4572444368663246,-0.0372127170621942,1.5369552544493164,1.9918985578978008,0.1305846375599525,-0.0139520014707611,-0.7478585947633022,-1.9591709979048224,2.318757970977832,1.521977006019087,1.6006161338119125,-1.4255825774365014,-1.6530030581052302,2.2552325088429965,-1.388054028556375,1.2545353222880942,0.1446690574398205
GTEX-1F75I,-0.0139520014707611,0.5308145305532521,0.5796478267226207,1.5369552544493164,-0.3364266374948575,-0.3168051375343428,-1.0472360474261069,-1.2857916935144202,-0.3661063568005696,-0.4884489019738811,0.381066386264334,-0.4366879596755644,-0.220344368026539,-0.2634447638039343,-0.5906857713824718,-0.9119765235615476,-0.0093011666671462,-0.0744770551717116,-0.0093011666671462,0.3961121933896049,0.0511780111120515,-0.3961121933896049,-0.0838072954543562,1.2648170437118502,0.8979687192568956,-1.0553174817566977,-0.9119765235615476,-0.0698144159426548,0.009301166667146,0.2538273506747331,-0.8772811433566338,0.1352764286523606,0.0186031380810724,0.8369913991407895,-0.2586330669514177,0.023254677171407,-0.6129813329265346,-0.596231764610585,0.962482977182896,0.7726945818405243,-0.4112482139938643,-0.5686800575348554,0.2298841175792322,-0.5632218016027938,0.3611379974371059,1.7519793109683377,0.977370221692195,-0.5632218016027938,-0.1352764286523604,-0.977370221692195,0.6935879849651033,-0.2586330669514177,1.0883562937618656,-0.3910871229289391,0.3070404075144982,-1.5679914964717907,-0.0279067194760659,1.2857916935144202,0.7664413630494566,-0.6876849397127831,0.65275435145221,-0.5095173924720496,-0.9119765235615476
GTEX-1F75W,-0.2634447638039343,-0.5095173924720496,-1.3640820484975271,-0.0838072954543562,-1.4255825774365014,0.9190479335937772,0.6585199505483372,-1.6006161338119125,2.0269100347915936,1.5679914964717907,-0.504229396049854,-0.0884751021146149,0.4572444368663246,0.5906857713824718,2.105469450920689,0.520136471164208,2.3932998646116808,-0.2779170089683694,-0.0744770551717116,2.318757970977832,-0.5632218016027938,-0.8173487968777844,0.9478060492911886,-1.0634684328718786,-1.0968035620935137,1.6530030581052302,-0.4469425897337917,1.9918985578978008,1.521977006019087,0.5741553087945971,1.8718707308672449,0.1918414273303961,0.9478060492911886,-1.5073326312512032,1.0799859809506631,-0.850267731936789,0.0279067194760658,-0.3119190548203253,-2.3932998646116794,-0.955118795069792,1.9591709979048224,-1.131404276971706,-0.107166650845959,1.5522864776181842,-0.2924477009350161,-1.131404276971706,-0.5686800575348554,1.82074492261502,1.6175881179674108,0.4264790471503241,0.5796478267226207,-0.7114443807664012,-0.4520875158696413,-1.0155724616555522,-2.10546945092069,0.3315094021268154,1.1674153587269775,1.7519793109683377,-1.5840930675378757,0.8772811433566338,-0.8436109784655275,0.8636956533670372,1.0472360474261069
GTEX-1FIGZ,-0.4213912770678052,0.514819675081733,-0.5906857713824718,-0.2779170089683694,-0.3070404075144982,-1.5073326312512032,-2.199684129871477,-1.465233792685523,-0.4675950415221049,-1.6006161338119125,0.8910305119824391,0.4213912770678051,0.4264790471503241,1.438549182645292,-0.0651532940076319,-0.3961121933896049,0.4884489019738812,0.6643075238930058,0.7664413630494566,0.2394448346237824,1.195450804572871,0.7417216005233305,0.7234755745418949,0.0465219385151119,0.4520875158696414,-0.810871091550414,0.3961121933896049,0.6073792467767407,-0.0744770551717116,-0.0232546771714069,-0.0978166045653749,1.412851325289763,-0.596231764610585,0.3413520209215255,-0.962482977182896,1.224458743278325,-0.4315778808977973,0.4112482139938643,-0.0186031380810724,0.2490274894100126,-0.0418668742548895,-0.4011472862273942,0.6299046699224384,0.6643075238930058,0.7789781621703243,0.1071666508459588,0.2973048669834491,-0.2586330669514177,0.1493701104165828,0.0931448373144652,0.0186031380810724,-1.4789766045652544,-0.596231764610585,1.438549182645292,-2.1501937961635003,-1.2146757214668782,-1.6530030581052302,0.9698997294331956,0.2586330669514177,-1.6006161338119125,0.5906857713824718,-0.6299046699224384,-1.5522864776181842
GTEX-1GF9V,0.0279067194760658,-0.2490274894100124,-0.2682625678197609,-0.2634447638039343,0.6643075238930058,0.1024905076914515,0.4832158447606152,0.5361762663658064,0.3168051375343427,0.4884489019738812,-0.2394448346237824,-1.9284165128950652,-0.8910305119824391,-0.1493701104165827,0.0465219385151119,-0.3810663862643338,-0.462413546573279,-0.3910871229289391,0.0791413141184694,0.2730866066364132,-0.4264790471503241,0.4727891209922672,0.3021690572528446,-0.2875974245860253,0.1965804839448126,0.0558351934681737,-0.8704683159405441,-1.3073477923443677,0.7980166062079388,-0.2108246297118815,0.3364266374948573,-0.3315094021268153,-0.4213912770678052,0.6470103701484196,0.3910871229289391,-0.6186027229558672,0.5632218016027939,-0.5415534608499959,0.0325593658056133,0.3710837698778,0.1305846375599525,0.0651532940076319,-1.2964944386804564,0.1918414273303961,-0.2973048669834489,-0.2013239596350001,-0.4163143916073592,-0.0838072954543562,0.6073792467767407,0.6935879849651033,-1.9284165128950652,0.0372127170621943,-0.7540238855634623,0.3710837698778,-0.4011472862273942,0.2875974245860253,0.4366879596755643,0.023254677171407,-0.3216987953648042,-0.0465219385151119,-0.0046505330426104,0.4832158447606152,0.6876849397127831
GTEX-1GF9W,0.2108246297118815,-1.1860019705320748,-0.0046505330426104,0.4884489019738812,0.7295305620669889,0.6355858691140571,-0.1118451385279671,-0.107166650845959,1.635039266801711,0.0511780111120515,-0.3364266374948575,-0.2827539046344998,-0.2346617948613114,-0.4366879596755644,0.3512278212462599,-0.596231764610585,-0.0791413141184694,-0.9698997294331952,-1.5369552544493164,-0.2346617948613114,-1.3523845818311535,0.3760703934941728,0.8636956533670372,0.2155820567040674,-0.3710837698778002,0.7114443807664012,-0.1212095673006743,-0.3561785367094661,0.4727891209922672,-0.4520875158696413,0.1587822354845152,-0.8436109784655275,0.3119190548203253,0.2973048669834491,1.3295291071787323,-0.6412876570233803,1.0472360474261069,0.0186031380810724,0.1212095673006741,-0.4520875158696413,0.6186027229558674,-0.3070404075144982,-0.8304082942029333,1.0968035620935137,1.3408692908803477,-0.3021690572528447,0.2682625678197607,0.1918414273303961,-0.0744770551717116,0.462413546573279,-0.3961121933896049,1.1053298282224615,-1.899384692461367,0.0791413141184694,-0.2108246297118815,-0.0046505330426104,1.0883562937618656,1.82074492261502,-0.5254680115197978,-1.871870730867245,0.5796478267226207,0.4989554619580166,1.1402686438941925
GTEX-1GL5R,-0.220344368026539,1.2964944386804569,0.0279067194760658,-0.6759500545663616,-1.1139372153566884,-0.0093011666671462,-0.884134934875026,-0.4520875158696413,-1.0001164123162831,-1.1766578532028555,-0.0744770551717116,0.6242437292362808,1.5522864776181842,-2.3187579709778325,-0.9924772957033684,1.3073477923443682,0.4779959870785905,0.2060719695833272,-1.5840930675378757,-0.884134934875026,0.3661063568005698,1.1582715276653734,2.0645981446801467,-0.1305846375599525,1.7968702837153605,-0.520136471164208,0.7356124152439232,0.4112482139938643,-0.5632218016027938,-0.6299046699224384,-1.5840930675378757,-1.4517622707385982,-0.1352764286523604,2.3932998646116808,-0.4936953696832038,0.2924477009350161,1.4255825774365014,0.5577802741991821,-0.2827539046344998,0.0698144159426549,-2.3932998646116794,-0.2779170089683694,0.5042293960498542,-1.2244587432783245,-0.3512278212462601,2.199684129871479,1.6715166841106104,-1.7103643678208365,0.7540238855634623,-0.8173487968777844,-0.9478060492911888,0.7726945818405243,-1.0634684328718786,0.8304082942029329,0.2060719695833272,0.6876849397127831,-0.3364266374948575,-0.8436109784655275,1.224458743278325,0.1446690574398205,0.6470103701484196,1.6006161338119125,2.105469450920689
GTEX-1GMR3,-0.9698997294331952,0.1493701104165828,-1.4789766045652544,1.195450804572871,-0.850267731936789,-0.1165260755991406,-0.5523552129489121,-0.6876849397127831,-0.5632218016027938,-0.3119190548203253,0.904950425274544,-0.4163143916073592,0.3462856993426961,0.6585199505483372,-0.6759500545663616,0.7174469963041701,-1.3640820484975271,1.0799859809506631,1.3295291071787323,-0.4418094672275395,0.4884489019738812,0.8044272335589819,0.1446690574398205,0.7664413630494566,0.2730866066364132,-0.3661063568005696,-0.6355858691140569,-0.9924772957033684,-0.7356124152439232,0.2730866066364132,-0.850267731936789,0.9924772957033684,-0.6073792467767407,0.4213912770678051,-0.1871066753278251,-0.1258957192703828,0.0046505330426105,-1.0472360474261069,0.9405436406054154,0.3910871229289391,0.4213912770678051,-0.8304082942029333,0.7114443807664012,0.187106675327825,1.1314042769717068,0.6585199505483372,0.2634447638039344,-0.6355858691140569,-0.8569623777792261,-0.3910871229289391,-0.107166650845959,-0.1634935259298645,-1.3759692008680076,0.0978166045653749,-1.0392224351527355,-1.1053298282224613,-0.0139520014707611,1.2050075920152503,0.5741553087945971,-0.346285699342696,0.977370221692195,-0.0232546771714069,0.5796478267226207
GTEX-1GMRU,-0.3070404075144982,-0.9261656018472316,-0.3710837698778002,0.9698997294331956,0.2108246297118815,0.7356124152439232,0.5042293960498542,0.1118451385279671,0.7054672908207708,0.1305846375599525,-1.3523845818311535,0.8304082942029329,-0.1352764286523604,-0.4213912770678052,0.4366879596755643,0.201323959635,-0.962482977182896,-1.1766578532028555,-0.3860719086350268,0.9478060492911886,-1.0155724616555522,-0.1729271126904469,-0.3119190548203253,-0.220344368026539,0.3413520209215255,0.8173487968777844,0.7234755745418949,-1.0883562937618656,0.2060719695833272,0.7478585947633022,0.0838072954543562,-0.4112482139938643,1.2545353222880942,-0.6355858691140569,0.9924772957033684,-0.32660016939701,-0.3216987953648042,0.2060719695833272,0.65275435145221,0.0325593658056133,0.7726945818405243,0.4061925696666297,-1.0392224351527355,-0.7602179716124495,-0.9848956614915162,-0.2060719695833272,-0.3661063568005696,0.7054672908207708,-1.0553174817566977,-0.9698997294331952,-0.7540238855634623,-0.0372127170621942,0.9119765235615476,-0.5577802741991821,0.4936953696832036,-0.107166650845959,1.3295291071787323,-0.1258957192703828,-0.4989554619580166,0.2827539046344999,-0.8636956533670372,-0.1634935259298645,-0.0511780111120515
GTEX-1GN2E,1.1766578532028555,-0.1258957192703828,0.5361762663658064,-1.2545353222880942,-0.5254680115197978,0.187106675327825,0.5308145305532521,-0.0558351934681735,0.0791413141184694,0.9405436406054154,-0.346285699342696,1.023392193391522,-0.2108246297118815,0.2682625678197607,1.2857916935144202,0.0978166045653749,-0.7852926508502125,0.0511780111120515,1.2343603801814165,-1.3523845818311535,-0.107166650845959,0.2490274894100126,-1.0392224351527355,-0.0604935871747794,0.0,-0.3512278212462601,0.0838072954543562,-0.8704683159405441,1.023392193391522,-0.4469425897337917,0.9405436406054154,0.8044272335589819,0.2973048669834491,-0.3611379974371059,0.3216987953648042,0.4989554619580166,-1.438549182645292,0.7295305620669889,0.1258957192703828,-0.2779170089683694,-0.2779170089683694,0.7114443807664012,0.0186031380810724,-0.514819675081733,-0.8979687192568958,-0.9848956614915162,-0.4675950415221049,0.525468011519798,-1.82074492261502,1.2343603801814165,-1.1860019705320748,0.1540744667957507,0.0418668742548894,-0.1258957192703828,0.4884489019738812,0.0978166045653749,0.0511780111120515,-1.899384692461367,-0.1823761141706537,-0.4264790471503241,-0.850267731936789,-0.3910871229289391,-0.3216987953648042
GTEX-1GN73,-0.1729271126904469,0.8772811433566338,-1.0716906581760843,0.546946359787327,-0.6935879849651033,0.7114443807664012,-0.962482977182896,0.0325593658056133,-0.3810663862643338,-0.4418094672275395,0.2779170089683694,-0.8173487968777844,0.8238609817031132,-1.0716906581760843,0.0651532940076319,0.4832158447606152,0.7174469963041701,0.5632218016027939,0.1540744667957507,0.4572444368663246,0.2298841175792322,0.7852926508502123,1.2545353222880942,0.933330502902325,0.7726945818405243,-1.3295291071787323,-1.6906216295848977,0.1634935259298645,0.7114443807664012,-1.2964944386804564,-1.3523845818311535,-0.1729271126904469,-2.7723180400283463,1.2648170437118502,0.2108246297118815,-0.2779170089683694,1.82074492261502,-1.2146757214668782,-0.8569623777792261,1.0634684328718786,-1.340869290880347,-2.10546945092069,0.7540238855634623,-0.904950425274544,0.1823761141706538,1.1226279320577794,1.2857916935144202,-0.7916386077433746,1.1139372153566884,0.0978166045653749,-0.3021690572528447,0.962482977182896,-2.3932998646116794,0.4884489019738812,-2.484125224707312,1.0078143423127026,-0.0791413141184694,1.1674153587269775,0.7356124152439232,-0.2827539046344998,0.5686800575348554,0.467595041522105,1.6530030581052302
GTEX-1GPI7,-0.520136471164208,0.3070404075144982,-0.3070404075144982,0.6129813329265346,0.3168051375343427,0.0558351934681737,-0.514819675081733,0.2346617948613113,-0.4061925696666297,-0.1493701104165827,0.467595041522105,-0.7852926508502125,0.1493701104165828,0.3910871229289391,-1.4003450431366584,-1.1053298282224613,-0.3021690572528447,0.4315778808977973,1.1860019705320748,-0.2538273506747333,-0.2394448346237824,0.4989554619580166,-0.0139520014707611,0.9848956614915162,0.5415534608499961,-0.3216987953648042,-0.4112482139938643,-0.884134934875026,-1.140268643894193,0.0046505330426105,-0.1965804839448126,0.7726945818405243,-0.5361762663658064,0.0279067194760658,-0.3661063568005696,-1.6006161338119125,0.1587822354845152,-0.6073792467767407,0.4315778808977973,1.1766578532028555,-0.2827539046344998,-0.6701174349839331,0.2973048669834491,-0.2394448346237824,0.2827539046344999,0.6186027229558674,0.8979687192568956,-1.023392193391521,0.467595041522105,0.9924772957033684,-0.5415534608499959,-0.2108246297118815,-0.4418094672275395,-0.5851578873218707,-0.1118451385279671,-0.5254680115197978,-0.4572444368663248,0.7356124152439232,0.6585199505483372,-0.8636956533670372,0.5741553087945971,-0.6355858691140569,-0.3860719086350268
GTEX-1GTWX,0.514819675081733,-0.1024905076914514,0.6186027229558674,0.2442333585910436,0.3860719086350267,0.3070404075144982,0.4936953696832036,0.7174469963041701,0.4163143916073593,0.6073792467767407,-0.0465219385151119,-1.7519793109683373,-0.5254680115197978,0.023254677171407,0.2973048669834491,-0.8772811433566338,0.2586330669514177,0.1352764286523606,0.0744770551717114,0.2875974245860253,-0.7852926508502125,-0.1823761141706537,-0.2346617948613114,-0.4315778808977973,0.0418668742548894,-0.229884117579232,-0.850267731936789,-0.5254680115197978,0.1212095673006741,-0.2346617948613114,0.4572444368663246,0.0139520014707611,-0.6935879849651033,-0.2346617948613114,0.2298841175792322,-0.0558351934681735,-0.0604935871747794,-0.3315094021268153,0.3661063568005698,-0.2394448346237824,-0.1871066753278251,0.6073792467767407,-1.1582715276653734,-0.4061925696666297,-0.2155820567040673,-0.624243729236281,0.1446690574398205,0.1258957192703828,0.3364266374948573,-1.7307972047605154,-0.2730866066364132,1.0155724616555522,0.2538273506747331,0.1540744667957507,0.6412876570233801,-0.0418668742548895,0.2394448346237824,-0.7789781621703243,-0.8636956533670372,-1.4128513252897623,-0.2155820567040673,-0.1258957192703828,0.6017961577614437
GTEX-1GZ2Q,-0.0186031380810724,-2.6016947511653714,0.0465219385151119,0.525468011519798,1.4517622707385982,0.6470103701484196,0.7356124152439232,0.7726945818405243,0.4366879596755643,0.4213912770678051,-2.6016947511653714,0.9119765235615476,-0.4727891209922674,-0.6701174349839331,0.3760703934941728,-0.3413520209215255,0.5632218016027939,-2.3187579709778325,-1.9591709979048224,-0.1258957192703828,-0.3070404075144982,-0.7114443807664012,-0.0791413141184694,0.3070404075144982,0.0511780111120515,-0.2827539046344998,-0.0093011666671462,-0.810871091550414,0.4366879596755643,0.7054672908207708,0.2586330669514177,-1.0553174817566977,0.2634447638039344,-0.107166650845959,0.6876849397127831,0.1305846375599525,-0.962482977182896,0.4011472862273944,0.1587822354845152,0.4112482139938643,0.4884489019738812,0.3512278212462599,-2.0645981446801454,-0.1493701104165827,0.0139520014707611,0.8979687192568956,0.0931448373144652,0.5851578873218706,0.884134934875026,-1.195450804572871,-1.0968035620935137,-0.2779170089683694,0.201323959635,0.1024905076914515,0.5796478267226207,0.2394448346237824,0.5415534608499961,0.525468011519798,0.5577802741991821,0.0698144159426549,-0.7980166062079388,-0.3512278212462601,-0.9405436406054154
GTEX-1GZ4I,-0.7174469963041701,0.0139520014707611,-0.6701174349839331,0.8910305119824391,-0.7295305620669889,-0.4779959870785905,0.1165260755991407,-0.4675950415221049,1.1139372153566884,0.3364266374948573,0.2442333585910436,-1.2050075920152503,-0.0186031380810724,1.5369552544493164,1.3523845818311528,-0.65275435145221,-1.6006161338119125,0.0046505330426105,0.6701174349839331,0.9190479335937772,0.520136471164208,-0.3561785367094661,-2.3932998646116794,-1.0392224351527355,-1.7739779942235536,-0.5469463597873272,0.0978166045653749,-0.4469425897337917,2.0269100347915936,1.8718707308672449,0.8173487968777844,1.0634684328718786,0.2442333585910436,0.0511780111120515,0.5523552129489121,1.3523845818311528,-3.112470178603051,-0.3413520209215255,-2.026910034791593,-1.4930045626254098,0.7417216005233305,-0.6412876570233803,-1.4003450431366584,1.2443845388232115,-0.6995152985526998,0.3168051375343427,-0.5906857713824718,1.84570490292126,-0.5741553087945971,0.1399711994794717,-0.1587822354845152,-0.6585199505483369,1.3183573694113604,0.8704683159405441,0.3413520209215255,-0.9261656018472316,1.1402686438941925,-1.1766578532028555,-0.2973048669834489,-0.2251116819514788,0.0046505330426105,0.1776496307692544,-0.2586330669514177
GTEX-1H11D,-0.9261656018472316,0.5361762663658064,-0.9478060492911888,1.2752342411046045,-0.1024905076914514,-0.0744770551717116,-1.899384692461367,-0.65275435145221,-0.0698144159426548,-0.7980166062079388,0.5361762663658064,-1.8457049029212595,-0.2779170089683694,-0.1729271126904469,-0.4779959870785905,-0.3364266374948575,-0.0884751021146149,0.3661063568005698,-0.4264790471503241,-0.1540744667957508,0.6299046699224384,0.0884751021146148,0.5523552129489121,0.0838072954543562,0.6299046699224384,0.7726945818405243,-0.6129813329265346,-0.514819675081733,0.381066386264334,-0.3021690572528447,-0.4366879596755644,-0.3119190548203253,-0.3860719086350268,0.9190479335937772,-0.0325593658056133,0.7664413630494566,0.6017961577614437,-0.5361762663658064,0.4520875158696414,1.1053298282224615,0.4936953696832036,-0.7602179716124495,0.3413520209215255,-0.5686800575348554,0.2108246297118815,1.521977006019087,-0.2013239596350001,-0.1918414273303961,0.1729271126904469,-1.131404276971706,-0.6017961577614439,-0.2060719695833272,-1.465233792685523,0.7478585947633022,-1.5369552544493164,-0.6759500545663616,0.1965804839448126,1.928416512895066,0.8910305119824391,-0.7417216005233308,0.7980166062079388,-0.5361762663658064,0.2924477009350161
GTEX-1H1DG,0.5741553087945971,0.0791413141184694,0.2155820567040674,-0.2108246297118815,-0.4884489019738811,-0.1823761141706537,0.546946359787327,-1.2648170437118496,1.0799859809506631,0.467595041522105,-1.2648170437118496,-1.465233792685523,0.6876849397127831,0.1965804839448126,1.7307972047605154,-0.1305846375599525,-1.1226279320577794,-1.899384692461367,0.4520875158696414,0.6129813329265346,0.1165260755991407,-0.220344368026539,-1.4930045626254098,-0.7417216005233308,-0.8704683159405441,0.4366879596755643,0.3216987953648042,-0.2108246297118815,2.1501937961635003,0.5906857713824718,0.6017961577614437,-0.0372127170621942,-0.0978166045653749,0.009301166667146,0.3070404075144982,0.3710837698778,-1.388054028556375,0.0558351934681737,-1.438549182645292,-0.977370221692195,0.6935879849651033,0.4418094672275395,-0.2634447638039343,0.5906857713824718,-0.884134934875026,-0.0372127170621942,-0.2973048669834489,1.5073326312512036,-0.9261656018472316,1.388054028556374,-0.7114443807664012,0.187106675327825,0.7980166062079388,0.7602179716124496,-0.0418668742548895,-0.4675950415221049,0.5361762663658064,-1.0883562937618656,-0.3021690572528447,-1.2857916935144202,-0.3760703934941728,-0.7356124152439232,-0.0838072954543562
GTEX-1H1E6,-1.2443845388232115,2.0269100347915936,-1.5369552544493164,-0.3119190548203253,-0.9478060492911888,-0.9405436406054154,-0.4572444368663248,-1.023392193391521,-1.7307972047605154,-0.7916386077433746,2.1501937961635003,0.1965804839448126,1.82074492261502,-0.1212095673006743,-0.7114443807664012,0.8772811433566338,-1.4255825774365014,2.4841252247073147,0.7417216005233305,-0.3561785367094661,3.112470178603064,2.3932998646116808,2.105469450920689,0.8173487968777844,2.1501937961635003,-1.195450804572871,0.7417216005233305,0.5523552129489121,-1.0155724616555522,-0.6876849397127831,-0.5415534608499959,0.8173487968777844,1.6175881179674108,0.4163143916073593,-1.3183573694113604,1.521977006019087,-1.82074492261502,0.9848956614915162,-2.255232508842998,0.4989554619580166,-1.275234241104605,-0.9190479335937772,2.772318040028347,-0.5469463597873272,-0.624243729236281,-0.0046505330426104,1.5522864776181842,-0.6818057608465092,0.7789781621703243,0.009301166667146,-0.2442333585910436,-2.3932998646116794,-1.0078143423127026,0.7417216005233305,-2.0645981446801454,-1.5522864776181842,-0.904950425274544,-0.5796478267226205,3.112470178603064,0.3413520209215255,2.2552325088429965,-2.484125224707312,-0.7980166062079388
GTEX-1H1ZS,0.7540238855634623,0.0838072954543562,-0.6412876570233803,-0.955118795069792,-0.3611379974371059,0.7540238855634623,0.1305846375599525,0.7789781621703243,-0.2682625678197609,0.3512278212462599,0.0698144159426549,-1.167415358726977,-0.0744770551717116,-0.462413546573279,1.3640820484975271,0.8369913991407895,-0.1871066753278251,0.4727891209922672,0.904950425274544,0.6299046699224384,0.6073792467767407,-0.0604935871747794,0.7054672908207708,0.1634935259298645,0.201323959635,0.0372127170621943,-0.3710837698778002,1.0968035620935137,1.7307972047605154,-1.6906216295848977,0.3168051375343427,0.6186027229558674,-1.871870730867245,0.3910871229289391,-0.2060719695833272,2.318757970977832,1.3295291071787323,-0.5686800575348554,0.5686800575348554,0.6299046699224384,-3.112470178603051,-0.2490274894100124,0.2586330669514177,-1.438549182645292,-0.7054672908207708,-0.4727891209922674,0.3462856993426961,-0.4011472862273942,0.2394448346237824,-1.2964944386804564,-0.9924772957033684,1.3408692908803477,-3.112470178603051,1.6715166841106104,-0.3810663862643338,1.2146757214668782,-1.2443845388232115,-1.6715166841106104,0.0838072954543562,-0.2634447638039343,-0.6186027229558672,0.0372127170621943,0.810871091550414
GTEX-1H23P,-0.346285699342696,0.2634447638039344,-0.4936953696832038,-0.1352764286523604,1.400345043136658,0.4163143916073593,-0.504229396049854,1.928416512895066,-0.7789781621703243,-0.5523552129489121,-0.0325593658056133,1.6175881179674108,-1.4255825774365014,-1.4517622707385982,-1.4517622707385982,0.5577802741991821,-0.6412876570233803,0.1446690574398205,-0.3961121933896049,-1.0883562937618656,0.1305846375599525,-0.2013239596350001,-0.1024905076914514,0.65275435145221,0.7852926508502123,1.2343603801814165,1.5840930675378757,0.9924772957033684,-1.9284165128950652,-1.6006161338119125,-1.3073477923443677,-0.4989554619580166,0.0931448373144652,0.2827539046344999,-0.1729271126904469,-0.1634935259298645,0.6412876570233801,1.6906216295848986,1.0968035620935137,0.7602179716124496,-1.3183573694113604,-0.0232546771714069,-0.0791413141184694,-2.484125224707312,-1.2443845388232115,0.3760703934941728,1.928416512895066,-2.255232508842998,-0.0093011666671462,2.2552325088429965,0.2060719695833272,0.6129813329265346,-0.2538273506747333,0.2442333585910436,1.9918985578978008,1.465233792685523,-0.1399711994794718,-1.7739779942235536,0.514819675081733,1.5679914964717907,-0.8304082942029333,-0.4884489019738811,-0.2730866066364132
GTEX-1H3NZ,1.1314042769717068,0.2060719695833272,-1.6715166841106104,-1.61758811796741,-0.0558351934681735,1.9918985578978008,-0.7602179716124495,2.2552325088429965,0.1165260755991407,-1.1053298282224613,0.2827539046344999,0.5523552129489121,0.1540744667957507,-0.5577802741991821,-0.5254680115197978,1.5840930675378757,-1.0155724616555522,0.0558351934681737,-1.0392224351527355,1.2648170437118502,0.3413520209215255,-1.2443845388232115,1.9591709979048224,0.3961121933896049,0.8173487968777844,-0.8044272335589816,1.0155724616555522,1.031275009879428,-0.1118451385279671,-2.484125224707312,-0.520136471164208,-0.3961121933896049,-1.61758811796741,2.0645981446801467,-0.0931448373144652,0.6017961577614437,0.9698997294331956,1.4789766045652544,-0.3710837698778002,1.4255825774365014,-2.0645981446801454,-0.5632218016027938,0.2394448346237824,-1.7103643678208365,-2.484125224707312,1.5679914964717907,1.2343603801814165,-2.026910034791593,-0.0791413141184694,0.7726945818405243,-1.9591709979048224,0.4163143916073593,-1.7519793109683373,1.2857916935144202,1.3408692908803477,1.9591709979048224,-0.3710837698778002,-2.7723180400283463,0.8436109784655275,1.412851325289763,0.1165260755991407,1.2857916935144202,1.2857916935144202
GTEX-1H3VE,0.462413546573279,-0.3021690572528447,0.381066386264334,0.2827539046344999,0.7726945818405243,0.6412876570233801,1.0155724616555522,0.8173487968777844,1.7103643678208365,1.0155724616555522,-0.0978166045653749,0.3462856993426961,0.0186031380810724,0.4061925696666297,0.0418668742548894,-0.3760703934941728,-0.3070404075144982,-1.6006161338119125,-0.1165260755991406,-0.1118451385279671,-0.2730866066364132,-0.7478585947633022,-0.1729271126904469,-0.7114443807664012,-0.2155820567040673,0.7602179716124496,-0.2108246297118815,-0.933330502902325,-1.131404276971706,0.6299046699224384,1.2443845388232115,0.0511780111120515,0.8636956533670372,-0.5686800575348554,1.0883562937618656,-0.5686800575348554,-0.933330502902325,0.4989554619580166,-0.1587822354845152,-0.6017961577614439,0.381066386264334,0.520136471164208,-2.484125224707312,0.7295305620669889,0.0279067194760658,-1.0472360474261069,-0.0838072954543562,0.4366879596755643,0.0931448373144652,-0.4163143916073592,-1.465233792685523,0.7356124152439232,0.0186031380810724,-0.7417216005233308,0.5523552129489121,0.1165260755991407,0.8044272335589819,-0.7114443807664012,-0.7174469963041701,-0.5254680115197978,-0.1729271126904469,-1.2244587432783245,-0.3168051375343428
GTEX-1H3VY,-0.3661063568005696,-0.624243729236281,-1.438549182645292,1.4930045626254098,-0.6585199505483369,1.1402686438941925,0.1918414273303961,-0.9405436406054154,2.3932998646116808,-0.0418668742548895,-0.6073792467767407,-0.1776496307692544,-0.0093011666671462,-0.7054672908207708,0.8704683159405441,-1.6006161338119125,1.1139372153566884,-0.3810663862643338,-0.962482977182896,-0.9261656018472316,-0.6818057608465092,0.2779170089683694,2.2552325088429965,0.2924477009350161,-0.1729271126904469,0.3961121933896049,-0.7980166062079388,-0.2586330669514177,0.0418668742548894,0.1071666508459588,0.1682084481374105,-1.275234241104605,-1.438549182645292,1.1860019705320748,2.6016947511653696,-0.6995152985526998,0.8502677319367892,-1.1139372153566884,1.2343603801814165,0.5095173924720495,0.4832158447606152,-0.2394448346237824,-0.2538273506747333,1.5073326312512036,1.2752342411046045,1.1053298282224615,-0.1258957192703828,0.6585199505483372,0.7980166062079388,-0.1493701104165827,-0.955118795069792,-0.0418668742548895,-1.3523845818311535,-0.4418094672275395,-1.9284165128950652,-1.5840930675378757,2.2552325088429965,1.3295291071787323,0.2875974245860253,-1.2343603801814165,1.5073326312512036,1.412851325289763,1.224458743278325
GTEX-1H4P4,-0.3961121933896049,-0.7174469963041701,0.1118451385279671,1.388054028556374,0.0046505330426105,0.1776496307692544,0.4112482139938643,-0.4832158447606152,0.7602179716124496,0.1024905076914515,-0.6935879849651033,2.199684129871479,-1.0472360474261069,-1.7519793109683373,2.4841252247073147,-0.7478585947633022,-0.520136471164208,-0.4675950415221049,-1.0553174817566977,-1.031275009879428,-0.7916386077433746,-0.977370221692195,-0.8636956533670372,-0.0931448373144652,-0.4936953696832038,0.9698997294331956,1.5073326312512036,1.928416512895066,2.6016947511653696,1.0716906581760843,0.0651532940076319,-1.3640820484975271,0.520136471164208,-1.4128513252897623,0.5095173924720495,0.6470103701484196,0.0418668742548894,-0.850267731936789,0.0511780111120515,0.5415534608499961,1.2752342411046045,0.4163143916073593,-0.3413520209215255,-0.6818057608465092,-1.0078143423127026,-1.7519793109683373,-0.7295305620669889,2.6016947511653696,-1.0392224351527355,-0.2586330669514177,1.2857916935144202,0.9478060492911886,1.4255825774365014,-1.7519793109683373,-0.0838072954543562,0.3760703934941728,1.195450804572871,0.6299046699224384,-2.0645981446801454,1.438549182645292,-1.61758811796741,1.3295291071787323,1.1226279320577794
GTEX-1HB9E,1.9591709979048224,-1.1139372153566884,0.1212095673006741,-1.6350392668017106,0.9119765235615476,2.318757970977832,-0.7916386077433746,1.2545353222880942,1.6715166841106104,-0.7295305620669889,-1.0472360474261069,1.6530030581052302,0.7295305620669889,-0.9119765235615476,1.635039266801711,1.928416512895066,-0.8304082942029333,-0.904950425274544,-1.465233792685523,0.7789781621703243,-0.0931448373144652,-0.2682625678197609,0.2203443680265389,-0.5577802741991821,0.1352764286523606,0.0046505330426105,1.8718707308672449,1.899384692461367,0.1634935259298645,-1.1053298282224613,-0.2251116819514788,-1.340869290880347,1.6906216295848986,0.3860719086350267,0.0884751021146148,1.1402686438941925,-1.0392224351527355,2.2552325088429965,-0.65275435145221,0.0978166045653749,-1.0472360474261069,0.3216987953648042,-0.7664413630494566,-0.6759500545663616,-2.6016947511653714,-0.4989554619580166,0.3413520209215255,0.2973048669834491,0.8369913991407895,-0.6818057608465092,0.2924477009350161,0.2251116819514788,0.6242437292362808,1.521977006019087,1.7739779942235527,1.3523845818311528,-1.2050075920152503,-1.167415358726977,-0.4366879596755644,1.2545353222880942,-0.5686800575348554,-0.1918414273303961,-0.8636956533670372
GTEX-1HBPI,-0.504229396049854,0.3661063568005698,-1.0799859809506631,-0.5523552129489121,0.0139520014707611,-0.1118451385279671,0.5851578873218706,-0.5577802741991821,-0.1540744667957508,0.977370221692195,0.5906857713824718,-1.3073477923443677,-1.1582715276653734,1.9591709979048224,0.2155820567040674,-1.871870730867245,-0.2013239596350001,1.0553174817566977,2.772318040028347,-0.2924477009350161,0.8979687192568956,-0.4163143916073592,0.2730866066364132,-1.7103643678208365,-1.2146757214668782,0.9261656018472316,-0.9924772957033684,-0.6876849397127831,0.9261656018472316,0.9698997294331956,0.7478585947633022,2.4841252247073147,0.0418668742548894,-0.8436109784655275,-0.220344368026539,0.2827539046344999,-0.6412876570233803,-0.6186027229558672,-1.4003450431366584,-1.5219770060190867,1.2964944386804569,-0.4213912770678052,0.8569623777792261,1.2964944386804569,-0.520136471164208,0.3611379974371059,-1.871870730867245,0.6017961577614437,-0.1776496307692544,-0.7916386077433746,-0.3119190548203253,-0.7664413630494566,-0.2875974245860253,-0.7054672908207708,-0.4469425897337917,-0.2155820567040673,-0.2682625678197609,-0.1446690574398205,0.8238609817031132,-0.3710837698778002,0.5632218016027939,-0.7234755745418949,-1.4517622707385982
GTEX-1HBPN,-2.026910034791593,1.6906216295848986,-1.5522864776181842,0.3413520209215255,-0.9924772957033684,-0.1352764286523604,-0.2251116819514788,-0.0232546771714069,-1.5369552544493164,-0.5632218016027938,0.187106675327825,1.2545353222880942,0.681805760846509,-1.4789766045652544,-2.1501937961635003,1.6530030581052302,-0.3512278212462601,0.2779170089683694,-0.1776496307692544,0.023254677171407,0.8502677319367892,2.318757970977832,1.7968702837153605,0.3413520209215255,3.112470178603064,-1.5369552544493164,1.2964944386804569,1.5369552544493164,-1.4517622707385982,-1.61758811796741,-1.0001164123162831,-0.4884489019738811,0.0511780111120515,1.7739779942235527,-1.0392224351527355,0.4572444368663246,0.5741553087945971,1.0968035620935137,-1.388054028556375,1.7968702837153605,-0.2634447638039343,-1.7739779942235536,0.904950425274544,-2.0645981446801454,-1.899384692461367,1.438549182645292,2.3932998646116808,-1.8457049029212595,1.2545353222880942,1.4517622707385982,-0.4163143916073592,-1.7968702837153614,-1.4930045626254098,1.0078143423127026,-0.9924772957033684,0.1729271126904469,-0.7054672908207708,0.65275435145221,2.0269100347915936,0.8173487968777844,0.2924477009350161,-0.933330502902325,0.2779170089683694
GTEX-1HCU7,0.6470103701484196,-0.6876849397127831,0.0558351934681737,-0.2875974245860253,1.6006161338119125,1.5840930675378757,0.462413546573279,1.0634684328718786,0.9698997294331956,0.1776496307692544,-0.6701174349839331,1.2964944386804569,-0.3710837698778002,-1.7103643678208365,0.3413520209215255,1.2648170437118502,1.7103643678208365,-0.4366879596755644,-1.023392193391521,1.465233792685523,-0.7602179716124495,-0.2779170089683694,1.5840930675378757,-0.2586330669514177,-0.3661063568005696,-0.2779170089683694,1.0968035620935137,0.9119765235615476,-0.7478585947633022,-0.2013239596350001,0.0139520014707611,-1.3295291071787323,0.8173487968777844,-1.7103643678208365,1.1674153587269775,-1.0634684328718786,0.0511780111120515,0.6412876570233801,1.0472360474261069,0.1587822354845152,1.031275009879428,0.6186027229558674,-0.3168051375343428,0.0186031380810724,-0.5686800575348554,-2.1501937961635003,-0.0046505330426104,0.1118451385279671,1.1582715276653734,0.3070404075144982,1.2545353222880942,-1.3073477923443677,-0.0372127170621942,-2.199684129871477,0.8502677319367892,0.5632218016027939,1.0968035620935137,1.3183573694113604,-1.4789766045652544,0.9119765235615476,-1.5679914964717907,0.8772811433566338,-1.7519793109683373
GTEX-1HFI6,0.4315778808977973,-1.5073326312512032,0.1352764286523606,0.6585199505483372,0.3462856993426961,0.7295305620669889,1.0634684328718786,0.0884751021146148,1.5679914964717907,0.7054672908207708,-1.4255825774365014,0.1634935259298645,-0.1823761141706537,-0.4264790471503241,0.6299046699224384,0.0884751021146148,-0.1540744667957508,-1.2244587432783245,-1.7519793109683373,-0.3216987953648042,-1.7307972047605154,-0.2827539046344998,-0.7295305620669889,0.1399711994794717,0.1024905076914515,0.2973048669834491,0.2827539046344999,-0.7356124152439232,-0.346285699342696,0.6242437292362808,0.6643075238930058,-1.61758811796741,0.6585199505483372,-0.462413546573279,1.4789766045652544,-1.7519793109683373,-1.2343603801814165,0.6017961577614437,0.2682625678197607,0.1118451385279671,0.4366879596755643,0.2924477009350161,-1.0883562937618656,0.8369913991407895,0.6585199505483372,-0.520136471164208,0.0791413141184694,0.6073792467767407,-0.5632218016027938,0.8979687192568956,-1.3523845818311535,0.4011472862273944,0.4520875158696414,-0.9698997294331952,0.933330502902325,0.3364266374948573,1.2146757214668782,0.0604935871747794,-0.9478060492911888,0.5523552129489121,-0.6299046699224384,-0.0744770551717116,0.2586330669514177
GTEX-1HGF4,0.9698997294331956,0.1587822354845152,-0.6073792467767407,-0.9848956614915162,0.5523552129489121,1.1492235271996152,1.023392193391522,0.8772811433566338,1.6175881179674108,1.0968035620935137,-0.3611379974371059,-1.275234241104605,-1.1226279320577794,0.6701174349839331,0.7295305620669889,-1.3759692008680076,0.0698144159426549,-1.5840930675378757,-0.2155820567040673,0.7726945818405243,-0.4163143916073592,-0.5308145305532522,0.462413546573279,-2.3932998646116794,-2.6016947511653714,2.105469450920689,-1.4930045626254098,-1.6530030581052302,0.2586330669514177,0.514819675081733,1.465233792685523,-0.1493701104165827,-0.4112482139938643,0.4418094672275395,0.933330502902325,-0.5577802741991821,0.6299046699224384,-0.3021690572528447,-0.3119190548203253,-2.3932998646116794,1.023392193391522,1.0716906581760843,-1.4517622707385982,1.0716906581760843,-0.7478585947633022,0.4727891209922672,-1.82074492261502,0.933330502902325,-1.3523845818311535,0.1212095673006741,-0.3661063568005696,0.5523552129489121,-0.0186031380810724,0.2346617948613113,0.2779170089683694,0.3910871229289391,0.4779959870785905,-0.3910871229289391,-0.1024905076914514,-0.1540744667957508,0.0698144159426549,0.1118451385279671,1.0553174817566977
GTEX-1HKZK,-0.7916386077433746,0.6355858691140571,-0.8436109784655275,1.4255825774365014,-0.514819675081733,-0.3315094021268153,-1.82074492261502,-0.9848956614915162,0.3910871229289391,-0.2108246297118815,0.5796478267226207,-1.7968702837153614,0.0791413141184694,0.6643075238930058,-0.2924477009350161,-1.1226279320577794,-1.4003450431366584,0.2538273506747331,0.1823761141706538,1.6906216295848986,0.3462856993426961,0.2155820567040674,0.1212095673006741,0.4418094672275395,0.3462856993426961,-0.0325593658056133,-1.0883562937618656,-1.9918985578978008,-0.107166650845959,0.6017961577614437,-0.1587822354845152,0.5577802741991821,-1.1766578532028555,0.8704683159405441,-0.0139520014707611,0.4469425897337917,-0.1682084481374103,-1.2545353222880942,0.0418668742548894,-0.5906857713824718,-0.1165260755991406,-0.9261656018472316,0.4213912770678051,0.4884489019738812,1.0634684328718786,1.224458743278325,0.4418094672275395,0.1540744667957507,-1.1226279320577794,-1.0968035620935137,-0.884134934875026,0.009301166667146,-0.7417216005233308,0.4572444368663246,-0.6470103701484196,-0.8436109784655275,-0.0651532940076319,0.2827539046344999,0.6876849397127831,-0.7664413630494566,0.8772811433566338,0.009301166667146,0.4011472862273944
GTEX-1HR98,0.3710837698778,-1.6906216295848977,1.5679914964717907,-0.5095173924720496,1.1226279320577794,0.520136471164208,0.4213912770678051,1.0553174817566977,0.1305846375599525,0.2973048669834491,-1.61758811796741,-0.5906857713824718,0.5308145305532521,-1.1860019705320748,0.0046505330426105,1.0968035620935137,0.8502677319367892,-1.438549182645292,-1.9284165128950652,-0.8173487968777844,-1.9591709979048224,-0.6935879849651033,-0.504229396049854,0.5686800575348554,-0.346285699342696,0.32660016939701,0.2730866066364132,-0.0232546771714069,0.1823761141706538,0.3561785367094661,0.1634935259298645,-1.1582715276653734,1.2648170437118502,-1.2443845388232115,0.8369913991407895,0.3364266374948573,-0.2442333585910436,1.465233792685523,0.3462856993426961,0.462413546573279,-0.1493701104165827,1.195450804572871,-1.2857916935144202,-0.4315778808977973,0.7417216005233305,-1.2343603801814165,0.0558351934681737,-0.4884489019738811,0.5741553087945971,1.4789766045652544,0.0325593658056133,0.5851578873218706,1.1402686438941925,-0.8304082942029333,1.3183573694113604,1.0634684328718786,0.9119765235615476,-0.4520875158696413,-1.3295291071787323,0.6073792467767407,-1.275234241104605,1.2050075920152503,0.3168051375343427
GTEX-1HR9M,1.0392224351527355,-1.438549182645292,1.0472360474261069,0.2924477009350161,0.6355858691140571,0.6935879849651033,0.5796478267226207,0.8436109784655275,0.1399711994794717,1.5369552544493164,-1.3295291071787323,-0.8704683159405441,-0.4884489019738811,-0.8044272335589816,1.6906216295848986,-0.0651532940076319,0.1212095673006741,-1.1582715276653734,-0.2060719695833272,0.884134934875026,-0.9848956614915162,-0.4989554619580166,-0.3810663862643338,-0.3070404075144982,0.3364266374948573,-0.2060719695833272,-0.0838072954543562,0.681805760846509,1.224458743278325,0.0698144159426549,1.2648170437118502,-0.2634447638039343,0.2298841175792322,-0.8979687192568958,0.4779959870785905,-0.5469463597873272,1.3183573694113604,-0.4520875158696413,0.955118795069792,-0.1682084481374103,-0.8238609817031132,1.1053298282224615,-1.0155724616555522,-1.8457049029212595,-1.3073477923443677,-2.3932998646116794,-0.904950425274544,0.5308145305532521,0.5796478267226207,-0.933330502902325,0.5042293960498542,2.1501937961635003,0.3315094021268154,-0.2682625678197609,1.5369552544493164,1.5073326312512036,-0.1446690574398205,-0.514819675081733,-0.6995152985526998,0.3364266374948573,-1.0078143423127026,0.2973048669834491,0.8636956533670372
GTEX-1HSEH,0.3021690572528446,0.3119190548203253,0.2394448346237824,-2.6016947511653714,0.0698144159426549,-0.0884751021146149,0.3611379974371059,-0.2155820567040673,0.5906857713824718,0.4520875158696414,0.4779959870785905,0.7852926508502123,-1.1860019705320748,0.7980166062079388,0.955118795069792,-1.2050075920152503,0.1634935259298645,0.462413546573279,0.8304082942029329,-1.3073477923443677,0.2060719695833272,-0.32660016939701,0.2682625678197607,-0.9478060492911888,0.009301166667146,-0.4779959870785905,0.0698144159426549,-1.275234241104605,1.3759692008680082,0.1587822354845152,0.520136471164208,0.681805760846509,0.0744770551717114,0.4264790471503241,0.5632218016027939,0.0604935871747794,-1.023392193391521,0.2346617948613113,-1.0472360474261069,-1.1139372153566884,-0.0931448373144652,-0.1965804839448126,0.3661063568005698,0.6412876570233801,0.65275435145221,0.1446690574398205,-1.0799859809506631,0.3168051375343427,-0.1682084481374103,-1.6350392668017106,-1.5369552544493164,-0.5632218016027938,-0.504229396049854,0.8569623777792261,-0.4163143916073592,-0.462413546573279,0.5796478267226207,-0.2827539046344998,0.0511780111120515,-1.1582715276653734,0.2490274894100126,-1.140268643894193,-2.3187579709778325
GTEX-1HSKV,0.0511780111120515,-0.2682625678197609,-0.1965804839448126,0.6299046699224384,-0.2586330669514177,-0.3760703934941728,0.0884751021146148,-0.6701174349839331,0.520136471164208,0.2346617948613113,0.2155820567040674,-0.9261656018472316,-1.2648170437118496,1.0634684328718786,0.5851578873218706,-1.5073326312512032,-1.7103643678208365,0.2442333585910436,0.9478060492911886,-0.3070404075144982,0.3216987953648042,0.3021690572528446,-0.4366879596755644,0.6299046699224384,0.2203443680265389,-0.7916386077433746,0.0372127170621943,-0.2682625678197609,0.5523552129489121,0.5796478267226207,0.3860719086350267,1.0472360474261069,-0.7417216005233308,0.32660016939701,0.3961121933896049,0.5741553087945971,-0.9478060492911888,-1.1766578532028555,-0.3364266374948575,0.5632218016027939,-0.1446690574398205,-0.2634447638039343,-0.5632218016027938,0.3661063568005698,-0.3021690572528447,-0.7726945818405243,0.5906857713824718,0.514819675081733,-1.3183573694113604,-0.1305846375599525,-0.462413546573279,0.0465219385151119,0.1682084481374105,1.0472360474261069,-0.229884117579232,-1.9284165128950652,0.0046505330426105,-0.7295305620669889,-0.4936953696832038,-1.023392193391521,0.0465219385151119,-0.0884751021146149,0.1071666508459588
GTEX-1HSMO,0.2634447638039344,-0.8304082942029333,-0.1540744667957508,-0.0698144159426548,2.318757970977832,1.224458743278325,0.3315094021268154,1.9591709979048224,0.2730866066364132,0.1540744667957507,-0.7980166062079388,0.3710837698778,-1.5840930675378757,-1.871870730867245,0.1823761141706538,-0.4832158447606152,0.8044272335589819,-0.596231764610585,-1.2050075920152503,-1.1139372153566884,-0.9119765235615476,-0.6995152985526998,-0.3961121933896049,1.0716906581760843,-0.0651532940076319,1.7739779942235527,0.1165260755991407,0.9190479335937772,-1.0553174817566977,-0.955118795069792,-0.107166650845959,-1.4930045626254098,-0.0186031380810724,-1.131404276971706,1.2146757214668782,-1.1766578532028555,1.6530030581052302,1.3073477923443682,1.9918985578978008,1.5522864776181842,-0.1823761141706537,0.8704683159405441,-0.4675950415221049,-1.5219770060190867,-0.5095173924720496,-1.2964944386804564,0.1918414273303961,-0.0931448373144652,1.6906216295848986,0.8502677319367892,1.0392224351527355,0.904950425274544,-0.6299046699224384,-1.023392193391521,1.4789766045652544,1.5522864776181842,1.1582715276653734,0.9190479335937772,-2.199684129871477,1.2964944386804569,-1.82074492261502,0.0186031380810724,0.8044272335589819
GTEX-1HSMP,0.0791413141184694,0.8979687192568956,-0.220344368026539,-0.5415534608499959,-0.3315094021268153,0.0884751021146148,-0.5632218016027938,0.0465219385151119,0.0511780111120515,-0.1399711994794718,0.4011472862273944,-0.904950425274544,0.2924477009350161,0.5042293960498542,0.2924477009350161,-0.0884751021146149,-0.5741553087945971,0.4469425897337917,0.810871091550414,-2.199684129871477,0.8910305119824391,0.6701174349839331,0.810871091550414,-0.0978166045653749,0.5095173924720495,-0.5577802741991821,-1.131404276971706,0.2394448346237824,0.201323959635,-1.2857916935144202,0.1212095673006741,0.8238609817031132,-1.3523845818311535,1.2545353222880942,-0.2155820567040673,1.1582715276653734,0.0651532940076319,-0.8910305119824391,0.2586330669514177,-0.2346617948613114,-0.3910871229289391,-0.0604935871747794,0.5577802741991821,-0.1729271126904469,-0.1258957192703828,0.7478585947633022,0.0838072954543562,0.023254677171407,0.6876849397127831,-1.0001164123162831,-0.7417216005233308,-0.7540238855634623,-1.2648170437118496,1.6175881179674108,-0.7726945818405243,-1.0392224351527355,-0.3561785367094661,-0.4832158447606152,0.4163143916073593,-2.3932998646116794,0.2538273506747331,0.0978166045653749,0.5577802741991821
GTEX-1HSMQ,-0.2394448346237824,-0.0558351934681735,-0.5741553087945971,0.7540238855634623,0.4366879596755643,0.0744770551717114,-0.1024905076914514,-0.346285699342696,0.187106675327825,0.009301166667146,0.3413520209215255,-0.1024905076914514,-0.9405436406054154,-0.0186031380810724,-0.2346617948613114,-0.6818057608465092,0.4832158447606152,0.3561785367094661,0.1399711994794717,0.4469425897337917,-0.2060719695833272,0.2298841175792322,0.7356124152439232,-0.1776496307692544,0.2060719695833272,0.2060719695833272,-0.977370221692195,-0.5469463597873272,-0.2586330669514177,-0.5577802741991821,-0.1305846375599525,0.3910871229289391,-0.7295305620669889,0.2875974245860253,0.3413520209215255,-0.4011472862273942,0.9119765235615476,-1.1053298282224613,0.1823761141706538,0.2298841175792322,-0.1634935259298645,-0.5796478267226205,0.3315094021268154,-0.3710837698778002,0.0,-0.0838072954543562,0.3961121933896049,-0.1682084481374103,0.2155820567040674,0.3364266374948573,-0.7234755745418949,-0.1446690574398205,-0.6935879849651033,0.1823761141706538,-0.7789781621703243,-0.7356124152439232,0.1729271126904469,0.8173487968777844,-0.1258957192703828,-1.0392224351527355,0.2442333585910436,0.1258957192703828,0.3216987953648042
GTEX-1HT8W,-0.6073792467767407,-1.3759692008680076,-0.32660016939701,0.5686800575348554,0.1540744667957507,1.2050075920152503,1.9918985578978008,0.3611379974371059,0.5851578873218706,1.465233792685523,-1.2857916935144202,0.7478585947633022,0.3413520209215255,-0.7602179716124495,1.9918985578978008,1.4930045626254098,-2.6016947511653714,-1.1139372153566884,-0.7356124152439232,-0.346285699342696,-1.5679914964717907,-1.899384692461367,-1.5219770060190867,-0.5851578873218707,-1.4517622707385982,1.3073477923443682,0.9698997294331956,0.4418094672275395,2.105469450920689,1.521977006019087,1.1766578532028555,-1.0716906581760843,1.4255825774365014,-1.3640820484975271,1.0634684328718786,0.5632218016027939,-2.3932998646116794,1.2050075920152503,-1.4517622707385982,-0.1024905076914514,1.4789766045652544,0.1729271126904469,-0.9478060492911888,-0.5741553087945971,-1.7739779942235536,0.1918414273303961,-0.8636956533670372,2.105469450920689,-1.340869290880347,1.3408692908803477,-0.4832158447606152,-0.1305846375599525,1.5369552544493164,0.0744770551717114,1.1314042769717068,1.1402686438941925,1.2343603801814165,-0.904950425274544,-0.3910871229289391,1.2857916935144202,-2.3932998646116794,0.6129813329265346,-0.6876849397127831
GTEX-1HUB1,0.8910305119824391,0.023254677171407,0.9698997294331956,-0.7114443807664012,1.0155724616555522,0.4264790471503241,0.6995152985526999,0.4832158447606152,0.3119190548203253,0.8369913991407895,-0.3810663862643338,-2.3932998646116794,-0.514819675081733,-0.0791413141184694,0.4011472862273944,-0.1776496307692544,-0.3561785367094661,0.0838072954543562,0.5906857713824718,0.8704683159405441,-2.3932998646116794,-0.1446690574398205,-0.596231764610585,-1.0078143423127026,-0.3860719086350268,0.681805760846509,-0.6017961577614439,-0.4989554619580166,0.2973048669834491,0.0838072954543562,0.8238609817031132,0.3512278212462599,-0.0604935871747794,-0.65275435145221,0.0651532940076319,0.1212095673006741,0.3961121933896049,-0.2490274894100124,0.7540238855634623,-0.8636956533670372,0.6299046699224384,1.4517622707385982,-1.7519793109683373,-0.0744770551717116,0.0325593658056133,-0.9190479335937772,-0.520136471164208,0.4418094672275395,-0.4884489019738811,-1.6006161338119125,0.009301166667146,0.6355858691140571,0.5851578873218706,-0.2251116819514788,0.6935879849651033,0.4989554619580166,0.009301166667146,-0.596231764610585,-0.3661063568005696,-1.0001164123162831,-0.6935879849651033,-0.229884117579232,0.2730866066364132
GTEX-1I19N,0.3661063568005698,0.2442333585910436,-0.6017961577614439,-0.0093011666671462,0.0651532940076319,0.8044272335589819,1.1053298282224615,0.1965804839448126,0.1446690574398205,1.000116412316283,-0.7295305620669889,-0.2779170089683694,-0.9261656018472316,-0.5415534608499959,0.8979687192568956,-0.1258957192703828,-0.4727891209922674,-0.4989554619580166,-0.8044272335589816,-0.1918414273303961,0.009301166667146,-0.3168051375343428,-0.1212095673006743,-0.6017961577614439,-0.0884751021146149,1.4517622707385982,-1.0799859809506631,0.4832158447606152,0.955118795069792,-0.4264790471503241,0.4936953696832036,-0.9478060492911888,-1.167415358726977,0.1399711994794717,0.8173487968777844,-0.2634447638039343,1.465233792685523,-0.6995152985526998,1.5679914964717907,-0.229884117579232,0.2251116819514788,0.0279067194760658,-0.3710837698778002,-0.5796478267226205,0.2251116819514788,0.3661063568005698,-0.7726945818405243,0.009301166667146,-0.7789781621703243,-0.2827539046344998,0.0838072954543562,1.3640820484975271,-1.871870730867245,0.2108246297118815,-0.65275435145221,1.388054028556374,0.6585199505483372,0.1305846375599525,0.7916386077433746,-0.0978166045653749,-0.5361762663658064,0.7980166062079388,1.1674153587269775
GTEX-1I1GP,0.0465219385151119,-0.3119190548203253,0.9261656018472316,-1.023392193391521,0.4520875158696414,0.0046505330426105,0.4884489019738812,0.8304082942029329,-0.1024905076914514,0.2827539046344999,-0.3860719086350268,-0.4936953696832038,0.2203443680265389,0.0186031380810724,-0.3760703934941728,0.2779170089683694,1.1860019705320748,-0.7540238855634623,-0.4366879596755644,-1.2443845388232115,-1.1053298282224613,1.2146757214668782,-0.2586330669514177,1.6530030581052302,0.9190479335937772,0.0698144159426549,-0.933330502902325,-0.7174469963041701,-0.520136471164208,-0.1729271126904469,0.1918414273303961,-0.4315778808977973,-0.7356124152439232,0.0978166045653749,0.1165260755991407,-0.9698997294331952,0.8704683159405441,-0.4572444368663248,1.7103643678208365,1.0472360474261069,-0.2394448346237824,0.1540744667957507,-0.6073792467767407,0.0791413141184694,1.7307972047605154,-0.0558351934681735,0.6017961577614437,-0.6073792467767407,0.462413546573279,-0.4884489019738811,0.2827539046344999,0.0,-0.1776496307692544,-0.8369913991407895,-0.8238609817031132,0.4418094672275395,-0.1305846375599525,0.9848956614915162,-0.2442333585910436,-1.0078143423127026,-0.0604935871747794,0.1399711994794717,0.0325593658056133
GTEX-1I1GR,-0.9119765235615476,-0.520136471164208,1.0716906581760843,2.0269100347915936,1.7103643678208365,-0.4832158447606152,-0.2586330669514177,0.0698144159426549,-0.7054672908207708,-0.5796478267226205,-0.514819675081733,-0.1118451385279671,1.635039266801711,-1.5073326312512032,-0.5361762663658064,0.7234755745418949,1.635039266801711,-0.2875974245860253,-0.8704683159405441,-1.140268643894193,-0.5796478267226205,0.3364266374948573,-2.10546945092069,1.3183573694113604,-1.1139372153566884,2.6016947511653696,0.4520875158696414,0.8502677319367892,-1.465233792685523,1.2964944386804569,-1.031275009879428,-1.1860019705320748,0.4112482139938643,-1.5369552544493164,-0.6701174349839331,-0.8636956533670372,2.3932998646116808,0.0604935871747794,1.195450804572871,0.9119765235615476,1.1766578532028555,0.5361762663658064,-0.1258957192703828,-1.2443845388232115,2.4841252247073147,-1.3073477923443677,-0.3760703934941728,0.6876849397127831,0.0046505330426105,1.5369552544493164,2.105469450920689,3.112470178603064,-0.4675950415221049,-1.899384692461367,0.462413546573279,2.2552325088429965,-0.7295305620669889,2.199684129871479,-1.3523845818311535,0.5686800575348554,-1.3640820484975271,1.400345043136658,3.112470178603064
GTEX-1I1GS,1.400345043136658,0.1965804839448126,0.904950425274544,-1.7103643678208365,1.2752342411046045,0.1729271126904469,0.2634447638039344,0.810871091550414,-0.1729271126904469,0.4112482139938643,0.0791413141184694,-0.7054672908207708,-1.4930045626254098,0.4264790471503241,1.0155724616555522,-0.7789781621703243,1.2050075920152503,0.0744770551717114,0.8910305119824391,-0.3611379974371059,-0.0372127170621942,-0.8436109784655275,-0.5741553087945971,-1.2343603801814165,-1.340869290880347,0.4315778808977973,-0.7540238855634623,-0.462413546573279,0.5361762663658064,-0.65275435145221,0.9119765235615476,0.381066386264334,0.1352764286523606,-0.504229396049854,-0.1352764286523604,0.1118451385279671,0.0325593658056133,0.3961121933896049,0.3710837698778,-1.7103643678208365,-0.4213912770678052,1.3295291071787323,0.2730866066364132,-0.3315094021268153,-0.3810663862643338,0.3021690572528446,-0.7540238855634623,0.32660016939701,0.9478060492911886,-0.7174469963041701,0.3168051375343427,0.6470103701484196,0.0511780111120515,0.0511780111120515,0.7295305620669889,0.6129813329265346,0.1682084481374105,-0.6935879849651033,-0.0791413141184694,-0.65275435145221,-0.462413546573279,-0.904950425274544,0.1918414273303961
GTEX-1I1GU,-1.2050075920152503,1.0716906581760843,-0.3661063568005696,1.1053298282224615,-0.8636956533670372,-1.0883562937618656,-1.2244587432783245,-0.904950425274544,-0.4936953696832038,-1.0078143423127026,1.2146757214668782,0.1446690574398205,0.6701174349839331,-0.1634935259298645,-1.388054028556375,0.1918414273303961,-0.5095173924720496,1.0155724616555522,-0.346285699342696,-1.0799859809506631,1.023392193391522,0.9190479335937772,0.2060719695833272,-0.2108246297118815,1.2648170437118502,-0.4061925696666297,0.0511780111120515,-1.1492235271996152,-0.9190479335937772,-0.2875974245860253,-0.624243729236281,-0.0093011666671462,0.5796478267226207,0.5361762663658064,-0.6412876570233803,0.546946359787327,-0.5415534608499959,0.1540744667957507,-0.514819675081733,0.2108246297118815,0.0139520014707611,-0.6073792467767407,0.8910305119824391,-0.0558351934681735,0.2203443680265389,0.4011472862273944,0.8910305119824391,-0.8369913991407895,-0.3860719086350268,0.904950425274544,-0.7602179716124495,-1.7307972047605154,-0.6876849397127831,0.5361762663658064,-0.3710837698778002,-1.388054028556375,-0.8304082942029333,1.3523845818311528,1.2545353222880942,-0.6073792467767407,1.3408692908803477,-0.6470103701484196,0.1587822354845152
GTEX-1I1GV,0.5042293960498542,0.187106675327825,0.520136471164208,0.3710837698778,0.8569623777792261,-0.0838072954543562,1.400345043136658,-0.4366879596755644,0.4572444368663246,1.3408692908803477,-0.0279067194760659,-3.112470178603051,-1.61758811796741,0.0978166045653749,-0.0698144159426548,-2.3187579709778325,0.3961121933896049,0.2730866066364132,0.7852926508502123,-1.61758811796741,-3.112470178603051,-0.2634447638039343,-0.2155820567040673,-0.0651532940076319,-0.0744770551717116,0.5361762663658064,-1.82074492261502,-2.026910034791593,0.0186031380810724,0.4011472862273944,0.8044272335589819,0.3216987953648042,0.2490274894100126,-0.3216987953648042,0.6017961577614437,-1.3295291071787323,0.3364266374948573,-0.7234755745418949,0.8436109784655275,-0.5632218016027938,0.6701174349839331,0.4366879596755643,0.2203443680265389,0.1212095673006741,0.7980166062079388,-1.1860019705320748,-0.0093011666671462,-0.0186031380810724,-0.2060719695833272,0.5415534608499961,-1.5840930675378757,0.5577802741991821,-0.0931448373144652,-1.0883562937618656,-0.1165260755991406,-0.4315778808977973,0.6017961577614437,0.9478060492911886,-0.1587822354845152,-0.4366879596755644,-0.1918414273303961,-0.5415534608499959,0.5906857713824718
GTEX-1I6K6,0.7295305620669889,0.2730866066364132,0.2827539046344999,0.023254677171407,0.201323959635,0.525468011519798,0.009301166667146,-0.9924772957033684,0.3462856993426961,0.0,0.2060719695833272,-0.1871066753278251,0.7726945818405243,1.2146757214668782,0.201323959635,0.187106675327825,-0.1918414273303961,-0.0884751021146149,0.4832158447606152,-0.3760703934941728,-0.1352764286523604,0.023254677171407,0.1587822354845152,0.023254677171407,0.0046505330426105,0.7295305620669889,-1.195450804572871,-0.4727891209922674,0.0604935871747794,0.1305846375599525,0.2442333585910436,1.1314042769717068,-0.4418094672275395,0.462413546573279,0.201323959635,-0.977370221692195,-0.4213912770678052,-0.9698997294331952,1.0883562937618656,-0.520136471164208,0.4727891209922672,0.5796478267226207,-0.2682625678197609,1.1492235271996152,0.8910305119824391,1.0883562937618656,-0.6701174349839331,0.4727891209922672,-1.3640820484975271,-0.4936953696832038,1.1860019705320748,0.1258957192703828,-0.2730866066364132,-0.7114443807664012,-0.1823761141706537,-0.2827539046344998,0.1446690574398205,0.2634447638039344,0.3661063568005698,-2.199684129871477,0.4163143916073593,-0.8910305119824391,-0.7114443807664012
GTEX-1I6K7,-0.1352764286523604,0.7726945818405243,0.1446690574398205,-1.9284165128950652,0.1729271126904469,-0.1776496307692544,-0.1446690574398205,-0.2108246297118815,-1.0392224351527355,-0.1118451385279671,0.525468011519798,1.400345043136658,0.5361762663658064,0.3561785367094661,-0.5741553087945971,-0.5469463597873272,1.3759692008680082,0.6129813329265346,0.8979687192568956,-0.9698997294331952,0.8704683159405441,0.6470103701484196,0.1399711994794717,-0.8910305119824391,0.2538273506747331,0.4264790471503241,0.2779170089683694,-0.1634935259298645,-0.1305846375599525,-0.5851578873218707,-0.596231764610585,0.6701174349839331,-0.5308145305532522,0.2538273506747331,-0.4112482139938643,0.5361762663658064,-0.3561785367094661,-0.8636956533670372,1.3295291071787323,-0.3413520209215255,0.8502677319367892,0.4832158447606152,0.7478585947633022,-0.0186031380810724,1.3073477923443682,0.8369913991407895,-0.1399711994794718,-0.5851578873218707,0.7356124152439232,-0.9119765235615476,1.0716906581760843,-1.031275009879428,-1.1139372153566884,-0.3561785367094661,-0.5577802741991821,-1.2857916935144202,-0.977370221692195,1.000116412316283,0.4779959870785905,-1.195450804572871,0.3021690572528446,-0.2924477009350161,-2.0645981446801454
GTEX-1ICLY,-0.1493701104165827,-1.388054028556375,-1.465233792685523,0.514819675081733,0.5632218016027939,0.933330502902325,0.3070404075144982,0.2298841175792322,0.9924772957033684,0.4315778808977973,-0.2442333585910436,-0.850267731936789,-0.2060719695833272,-0.220344368026539,0.3462856993426961,0.3860719086350267,-1.031275009879428,0.1165260755991407,0.7602179716124496,0.0604935871747794,-0.4418094672275395,0.187106675327825,1.2964944386804569,0.7789781621703243,0.955118795069792,1.224458743278325,-0.6818057608465092,0.2442333585910436,-0.4520875158696413,-1.3073477923443677,0.2251116819514788,0.4989554619580166,-0.2108246297118815,-0.3910871229289391,1.2857916935144202,-0.7174469963041701,1.1139372153566884,-0.5851578873218707,1.8718707308672449,1.2443845388232115,-0.4675950415221049,-0.7356124152439232,-0.962482977182896,-0.2346617948613114,-0.5851578873218707,-0.8704683159405441,-0.1352764286523604,0.2394448346237824,0.0279067194760658,-0.3810663862643338,-0.7980166062079388,-0.1399711994794718,-1.3640820484975271,-0.5254680115197978,-0.955118795069792,0.7174469963041701,0.9261656018472316,0.5577802741991821,-0.3611379974371059,0.3462856993426961,-0.1024905076914514,0.8502677319367892,0.8502677319367892
GTEX-1ICLZ,0.2155820567040674,-0.7726945818405243,0.7540238855634623,-0.2346617948613114,1.0716906581760843,1.3073477923443682,-0.4727891209922674,1.899384692461367,0.6995152985526999,-0.810871091550414,-0.7478585947633022,0.187106675327825,-0.2251116819514788,-1.7739779942235536,0.7174469963041701,1.465233792685523,-0.0744770551717116,-0.520136471164208,-1.1053298282224613,2.0645981446801467,-0.8369913991407895,-1.0001164123162831,-1.3759692008680076,-0.2394448346237824,-0.0791413141184694,2.3932998646116808,1.3295291071787323,1.412851325289763,-0.0232546771714069,-0.2634447638039343,-0.9478060492911888,-1.4255825774365014,2.0269100347915936,-1.871870730867245,0.8910305119824391,-0.2827539046344998,0.2586330669514177,1.6530030581052302,0.7980166062079388,0.0139520014707611,-0.0698144159426548,1.3523845818311528,-0.3910871229289391,-1.3759692008680076,-1.871870730867245,-1.7968702837153614,-0.0418668742548895,0.5523552129489121,0.0372127170621943,1.0634684328718786,0.7789781621703243,1.7307972047605154,1.3295291071787323,-1.2244587432783245,2.4841252247073147,2.318757970977832,0.3561785367094661,-1.275234241104605,-1.5073326312512032,2.0269100347915936,-1.7103643678208365,1.3408692908803477,1.1582715276653734
GTEX-1IDFM,0.2586330669514177,-0.5577802741991821,1.82074492261502,0.0139520014707611,1.9591709979048224,-0.2013239596350001,-0.2924477009350161,0.933330502902325,0.32660016939701,-0.4315778808977973,-0.5469463597873272,-0.1446690574398205,0.6186027229558674,-1.5679914964717907,0.0325593658056133,-0.1165260755991406,1.7739779942235527,-0.3315094021268153,-0.904950425274544,-0.0325593658056133,-0.6129813329265346,-0.5254680115197978,-0.8173487968777844,-0.1587822354845152,-0.3070404075144982,1.899384692461367,-0.9698997294331952,0.1493701104165828,-1.7103643678208365,1.7103643678208365,-0.1776496307692544,-1.2244587432783245,2.772318040028347,-1.5840930675378757,0.2875974245860253,-0.9261656018472316,-0.3910871229289391,1.224458743278325,2.318757970977832,-0.2730866066364132,1.6006161338119125,2.2552325088429965,-0.2013239596350001,-0.2973048669834489,1.3295291071787323,-1.9591709979048224,-0.6129813329265346,0.4989554619580166,1.3759692008680082,1.465233792685523,1.8718707308672449,0.8304082942029329,2.1501937961635003,-1.9918985578978008,1.023392193391522,0.9405436406054154,0.6995152985526999,1.1766578532028555,-1.7103643678208365,0.8502677319367892,-1.4128513252897623,-1.0155724616555522,0.4315778808977973
GTEX-1IDJD,0.1729271126904469,-0.0139520014707611,0.7980166062079388,-0.5796478267226205,-1.0968035620935137,-0.7540238855634623,0.5361762663658064,-1.0968035620935137,0.3710837698778,0.4727891209922672,0.4520875158696414,1.0553174817566977,0.0558351934681737,1.4255825774365014,-0.3364266374948575,-0.462413546573279,-1.388054028556375,0.4884489019738812,1.2648170437118502,1.1402686438941925,-0.0791413141184694,0.1071666508459588,-1.61758811796741,0.6242437292362808,-0.1634935259298645,-1.2857916935144202,-0.1634935259298645,-1.871870730867245,-0.1446690574398205,1.2443845388232115,0.3760703934941728,1.3759692008680082,0.1305846375599525,-0.3760703934941728,0.0139520014707611,-1.2343603801814165,-1.6530030581052302,0.1446690574398205,-0.5796478267226205,-0.664307523893006,0.5095173924720495,0.1118451385279671,0.32660016939701,1.2050075920152503,0.6129813329265346,-0.2442333585910436,0.681805760846509,-0.3168051375343428,-2.10546945092069,1.1582715276653734,-1.3073477923443677,-0.3810663862643338,0.3168051375343427,-1.6530030581052302,-0.3910871229289391,-1.6350392668017106,0.4061925696666297,-0.7174469963041701,-0.5361762663658064,-0.7789781621703243,0.2108246297118815,-1.3295291071787323,-1.0155724616555522
GTEX-1IDJF,-0.4112482139938643,-0.1165260755991406,-0.4884489019738811,1.6175881179674108,0.2203443680265389,-0.7852926508502125,-0.5851578873218707,0.525468011519798,-0.6818057608465092,-0.904950425274544,0.4264790471503241,0.1352764286523606,1.0155724616555522,0.2634447638039344,-2.3187579709778325,0.5686800575348554,-1.7739779942235536,0.5796478267226207,0.4213912770678051,-1.6530030581052302,-0.1212095673006743,-0.0046505330426104,-0.1965804839448126,2.105469450920689,1.000116412316283,0.65275435145221,0.4727891209922672,-0.0139520014707611,-1.1492235271996152,0.2634447638039344,-1.388054028556375,0.467595041522105,-0.4061925696666297,-0.1634935259298645,-0.6073792467767407,-1.340869290880347,0.1776496307692544,-0.7852926508502125,1.224458743278325,1.6715166841106104,-1.3759692008680076,-0.7980166062079388,0.5796478267226207,-0.8910305119824391,-0.3413520209215255,-0.1305846375599525,1.4789766045652544,-0.5254680115197978,-0.4936953696832038,1.7968702837153605,-0.1446690574398205,0.9848956614915162,0.1305846375599525,-0.4213912770678052,0.0465219385151119,0.3070404075144982,-0.7664413630494566,-0.3216987953648042,0.1212095673006741,1.0634684328718786,0.0558351934681737,0.1634935259298645,0.2298841175792322
GTEX-1IDJH,0.7726945818405243,0.462413546573279,-0.2875974245860253,-1.0078143423127026,-0.220344368026539,1.2545353222880942,0.2442333585910436,0.023254677171407,-0.4011472862273942,0.4469425897337917,0.2108246297118815,0.1258957192703828,-0.933330502902325,-0.5523552129489121,0.6995152985526999,-0.3315094021268153,-0.2346617948613114,0.4366879596755643,0.7295305620669889,0.6876849397127831,0.5851578873218706,-0.7789781621703243,-0.4779959870785905,-0.65275435145221,-0.6995152985526998,0.4469425897337917,-0.2394448346237824,-0.1493701104165827,1.82074492261502,-1.5073326312512032,0.0604935871747794,0.4366879596755643,-2.1501937961635003,0.9478060492911886,0.1305846375599525,1.400345043136658,0.9478060492911886,-1.0716906581760843,-0.1446690574398205,-0.8979687192568958,-0.5469463597873272,-0.0698144159426548,0.3561785367094661,-1.0968035620935137,-0.6299046699224384,0.3315094021268154,-0.0186031380810724,-0.4418094672275395,-0.8304082942029333,-0.4675950415221049,-0.4112482139938643,1.3523845818311528,-1.5522864776181842,1.5840930675378757,-0.4264790471503241,1.6006161338119125,-0.2875974245860253,-1.1226279320577794,0.32660016939701,-0.6759500545663616,-0.1540744667957508,0.6935879849651033,0.8436109784655275
GTEX-1IDJV,0.4366879596755643,-1.3523845818311535,-0.4315778808977973,0.5361762663658064,0.1823761141706538,0.4989554619580166,0.2394448346237824,-0.4213912770678052,2.4841252247073147,-0.8569623777792261,-1.275234241104605,1.1582715276653734,-0.2973048669834489,-0.9405436406054154,1.031275009879428,-0.5632218016027938,0.0186031380810724,-1.0968035620935137,-1.6530030581052302,-0.5308145305532522,-1.5369552544493164,-1.465233792685523,-0.2634447638039343,-1.1582715276653734,-1.871870730867245,3.112470178603064,0.3661063568005698,-0.1399711994794718,0.1258957192703828,1.5840930675378757,0.7417216005233305,-2.0645981446801454,1.224458743278325,-1.9284165128950652,1.899384692461367,-1.2244587432783245,0.525468011519798,1.1582715276653734,0.0,-1.3295291071787323,2.772318040028347,1.5369552544493164,-0.9405436406054154,1.6715166841106104,0.8704683159405441,-0.8369913991407895,-1.3295291071787323,1.7519793109683377,-1.4789766045652544,-0.8772811433566338,0.3961121933896049,1.6715166841106104,0.8772811433566338,-1.61758811796741,0.6017961577614437,1.1674153587269775,2.199684129871479,0.9261656018472316,-1.0883562937618656,0.6355858691140571,-0.3216987953648042,1.1226279320577794,1.7519793109683377
GTEX-1IGQW,1.195450804572871,-1.5219770060190867,1.3073477923443682,0.2346617948613113,1.1492235271996152,1.2964944386804569,0.3512278212462599,0.9405436406054154,1.1402686438941925,0.2779170089683694,-1.438549182645292,-0.9190479335937772,0.6995152985526999,-0.6759500545663616,0.32660016939701,-0.5254680115197978,2.1501937961635003,-1.2343603801814165,-1.7739779942235536,0.4418094672275395,-1.7519793109683373,-0.962482977182896,0.520136471164208,-0.9190479335937772,-0.6470103701484196,0.6242437292362808,-1.7968702837153614,0.0651532940076319,0.2730866066364132,0.7174469963041701,0.3070404075144982,-1.1139372153566884,0.2586330669514177,-0.8173487968777844,1.1314042769717068,-1.7968702837153614,0.6186027229558674,-0.220344368026539,1.3073477923443682,-0.3710837698778002,0.7174469963041701,1.5840930675378757,-1.0968035620935137,-0.0651532940076319,-0.7664413630494566,0.2586330669514177,0.201323959635,0.6759500545663616,1.1226279320577794,-1.0155724616555522,0.977370221692195,0.6412876570233801,1.3523845818311528,-0.3168051375343428,0.7916386077433746,0.2442333585910436,1.0155724616555522,0.3216987953648042,-0.1540744667957508,-0.4213912770678052,-0.9405436406054154,-0.2442333585910436,-0.0884751021146149
GTEX-1IKJJ,0.6995152985526999,-1.899384692461367,0.1540744667957507,0.1258957192703828,-0.1540744667957508,0.7852926508502123,0.8173487968777844,0.0139520014707611,0.1493701104165828,0.7478585947633022,-1.8457049029212595,0.2251116819514788,-1.6530030581052302,-0.2394448346237824,0.1682084481374105,-0.7916386077433746,-0.229884117579232,-2.7723180400283463,-0.107166650845959,1.6530030581052302,-1.0472360474261069,-2.255232508842998,0.1823761141706538,-0.5741553087945971,0.2251116819514788,-0.0186031380810724,0.2251116819514788,0.3413520209215255,0.3760703934941728,0.4989554619580166,0.5741553087945971,-0.4264790471503241,1.0716906581760843,-0.4832158447606152,0.7234755745418949,-3.112470178603051,0.4884489019738812,0.9924772957033684,1.2857916935144202,-0.3315094021268153,0.6759500545663616,0.462413546573279,-2.6016947511653714,0.009301166667146,-0.2586330669514177,-0.1634935259298645,-2.484125224707312,0.2924477009350161,0.0884751021146148,1.0155724616555522,0.1729271126904469,0.1212095673006741,1.2545353222880942,-0.6995152985526998,0.2346617948613113,0.0558351934681737,0.933330502902325,-0.4112482139938643,-0.4469425897337917,0.1399711994794717,-0.504229396049854,0.1212095673006741,-0.1776496307692544
GTEX-1IKK5,-0.884134934875026,0.4989554619580166,-1.031275009879428,0.3512278212462599,0.2346617948613113,-0.2108246297118815,-1.9284165128950652,0.904950425274544,0.4213912770678051,-0.1965804839448126,0.0604935871747794,0.1729271126904469,-1.023392193391521,-0.32660016939701,0.9478060492911886,-0.0791413141184694,-1.0799859809506631,0.1776496307692544,-0.0139520014707611,0.1776496307692544,0.514819675081733,0.3611379974371059,1.1582715276653734,-1.6906216295848977,0.65275435145221,0.4884489019738812,-0.8636956533670372,0.4315778808977973,2.0645981446801467,-0.0651532940076319,-0.1165260755991406,-0.2973048669834489,-0.6186027229558672,1.031275009879428,-0.0511780111120515,1.0968035620935137,-0.1118451385279671,-0.7295305620669889,0.023254677171407,-0.5361762663658064,0.5906857713824718,-0.2682625678197609,0.4061925696666297,0.3364266374948573,-0.462413546573279,0.962482977182896,-2.3187579709778325,0.6186027229558674,0.1634935259298645,-2.6016947511653714,-1.0883562937618656,-2.6016947511653714,-0.65275435145221,1.635039266801711,-1.4255825774365014,-0.4727891209922674,0.3961121933896049,0.0884751021146148,0.7174469963041701,-0.6818057608465092,0.520136471164208,0.8044272335589819,0.8979687192568956
GTEX-1IL2U,1.3408692908803477,0.596231764610585,1.8718707308672449,-1.6530030581052302,1.84570490292126,-0.32660016939701,-0.4112482139938643,1.5522864776181842,-2.0645981446801454,-0.2442333585910436,0.6995152985526999,0.6073792467767407,0.2251116819514788,0.904950425274544,-0.7174469963041701,0.0791413141184694,0.9405436406054154,1.1226279320577794,1.1582715276653734,-1.899384692461367,0.5686800575348554,-1.2648170437118496,-1.2244587432783245,0.2875974245860253,-0.7726945818405243,-0.3021690572528447,-0.664307523893006,-0.5577802741991821,-0.9848956614915162,-1.9591709979048224,-0.5308145305532522,0.9119765235615476,-0.0232546771714069,0.4727891209922672,-1.2545353222880942,-0.3315094021268153,0.009301166667146,1.3408692908803477,0.1493701104165828,0.4061925696666297,-2.199684129871477,0.4213912770678051,0.8502677319367892,-0.6355858691140569,-1.131404276971706,0.0372127170621943,0.1165260755991407,-1.6530030581052302,1.7307972047605154,1.1402686438941925,0.8772811433566338,1.7519793109683377,1.2146757214668782,-0.3021690572528447,1.2964944386804569,0.32660016939701,-0.8636956533670372,-0.6017961577614439,0.4936953696832036,0.4213912770678051,-0.1871066753278251,-2.3187579709778325,-0.514819675081733
GTEX-1IY9M,1.9918985578978008,-0.7540238855634623,1.7739779942235527,-1.2857916935144202,0.884134934875026,1.6715166841106104,0.8910305119824391,1.4789766045652544,0.0279067194760658,1.2964944386804569,-0.7234755745418949,-0.2730866066364132,0.4315778808977973,-0.4112482139938643,0.7114443807664012,-0.0418668742548895,1.5679914964717907,-0.4884489019738811,-0.1493701104165827,0.0325593658056133,-0.810871091550414,-0.9848956614915162,0.5632218016027939,-0.7478585947633022,-1.3523845818311535,-0.1587822354845152,-0.7356124152439232,0.6643075238930058,0.0558351934681737,-0.4163143916073592,1.0155724616555522,-0.2013239596350001,-0.933330502902325,-0.5577802741991821,0.7114443807664012,-0.7726945818405243,1.400345043136658,-0.9261656018472316,0.9848956614915162,-0.4418094672275395,-0.5577802741991821,1.521977006019087,-0.3611379974371059,-0.5361762663658064,-0.0511780111120515,-0.8436109784655275,-0.7602179716124495,-0.0698144159426548,0.4779959870785905,-0.2779170089683694,1.4789766045652544,2.318757970977832,0.1965804839448126,-0.0931448373144652,0.8369913991407895,1.899384692461367,0.0558351934681737,-1.2343603801814165,-0.8044272335589816,-1.0883562937618656,-0.962482977182896,0.3119190548203253,0.1399711994794717
GTEX-1J1R8,0.0978166045653749,1.1582715276653734,-0.1212095673006743,-0.514819675081733,0.0558351934681737,-0.4675950415221049,-0.4366879596755644,-0.1493701104165827,-0.7852926508502125,-0.7664413630494566,0.9848956614915162,-0.2682625678197609,0.4832158447606152,0.1258957192703828,-1.4789766045652544,-0.4213912770678052,0.1446690574398205,1.0716906581760843,-0.0279067194760659,1.5369552544493164,0.884134934875026,0.5415534608499961,1.465233792685523,-0.32660016939701,0.4112482139938643,0.4727891209922672,-0.2827539046344998,0.3760703934941728,-0.6129813329265346,-1.3523845818311535,-0.9190479335937772,-0.1540744667957508,-1.3295291071787323,1.4517622707385982,-1.2964944386804564,1.1860019705320748,1.1674153587269775,-0.904950425274544,1.6175881179674108,-0.2013239596350001,-0.3661063568005696,-0.2060719695833272,0.8636956533670372,-0.4418094672275395,0.0372127170621943,1.0155724616555522,-0.1776496307692544,-1.1582715276653734,0.4989554619580166,-0.2730866066364132,0.0604935871747794,0.201323959635,-1.2050075920152503,1.6906216295848986,-1.1139372153566884,-0.4989554619580166,-0.884134934875026,0.2586330669514177,1.2443845388232115,-2.3187579709778325,0.7356124152439232,-0.6701174349839331,0.681805760846509
GTEX-1J8Q2,1.0968035620935137,0.009301166667146,0.4366879596755643,0.5523552129489121,0.1682084481374105,0.5741553087945971,0.9478060492911886,-0.2442333585910436,0.2586330669514177,1.1674153587269775,-0.9119765235615476,-2.199684129871477,-1.7307972047605154,0.2298841175792322,0.962482977182896,-1.2964944386804564,-0.2682625678197609,-3.112470178603051,1.195450804572871,-0.0791413141184694,0.0978166045653749,-2.6016947511653714,-0.0931448373144652,-0.5469463597873272,-0.5796478267226205,-0.4572444368663248,-0.5906857713824718,-0.4779959870785905,1.4930045626254098,0.462413546573279,0.8636956533670372,1.1139372153566884,-0.6412876570233803,-0.0931448373144652,0.1399711994794717,0.525468011519798,0.8369913991407895,-1.275234241104605,0.0838072954543562,-0.6129813329265346,-0.0558351934681735,0.3661063568005698,-0.5906857713824718,-0.2442333585910436,-0.7726945818405243,-0.3070404075144982,-2.6016947511653714,0.8772811433566338,-0.4779959870785905,-1.5219770060190867,-0.1776496307692544,1.6906216295848986,0.3961121933896049,0.0186031380810724,0.3760703934941728,0.3710837698778,0.3315094021268154,-1.0472360474261069,0.0418668742548894,-0.5095173924720496,-0.4675950415221049,0.32660016939701,0.4520875158696414
GTEX-1J8Q3,-0.3611379974371059,1.4255825774365014,-0.7114443807664012,0.381066386264334,0.0931448373144652,-0.1729271126904469,-0.6299046699224384,0.596231764610585,-0.1823761141706537,-0.9478060492911888,0.6412876570233801,-0.5254680115197978,-0.2394448346237824,-0.4832158447606152,-1.0155724616555522,-0.0698144159426548,-0.5906857713824718,0.3910871229289391,-0.520136471164208,-0.2779170089683694,1.3073477923443682,0.525468011519798,1.7519793109683377,-0.1540744667957508,1.3073477923443682,-0.2108246297118815,-0.6935879849651033,0.3119190548203253,-0.8569623777792261,-1.3759692008680076,-1.1582715276653734,-0.3512278212462601,-0.8979687192568958,1.4789766045652544,-0.4315778808977973,1.2857916935144202,0.904950425274544,-0.2634447638039343,0.8569623777792261,0.2442333585910436,-0.7540238855634623,-0.6876849397127831,0.6701174349839331,-0.8238609817031132,-0.8569623777792261,2.0269100347915936,1.2964944386804569,-1.2244587432783245,0.977370221692195,-0.514819675081733,-0.0651532940076319,-1.5219770060190867,-0.1918414273303961,1.2343603801814165,-0.5796478267226205,-0.6129813329265346,-1.0634684328718786,-0.0372127170621942,1.3523845818311528,-0.8910305119824391,0.8238609817031132,0.1823761141706538,0.1212095673006741
GTEX-1JJ6O,-0.229884117579232,-0.0931448373144652,0.6355858691140571,-0.220344368026539,1.928416512895066,-0.3512278212462601,-0.3910871229289391,0.9924772957033684,-0.4213912770678052,-0.1446690574398205,-0.6759500545663616,-0.664307523893006,0.1118451385279671,-0.4936953696832038,0.0931448373144652,-0.107166650845959,1.4789766045652544,-0.0046505330426104,-0.5095173924720496,-0.1399711994794718,-1.2648170437118496,0.1352764286523606,-0.8436109784655275,1.031275009879428,-0.6299046699224384,1.6906216295848986,-0.1776496307692544,0.0558351934681737,-0.0884751021146149,-0.3216987953648042,-0.2538273506747333,-0.32660016939701,-0.624243729236281,-0.1118451385279671,-0.5254680115197978,0.3512278212462599,1.5522864776181842,-0.2827539046344998,1.635039266801711,0.9924772957033684,-0.6585199505483369,0.4936953696832036,-0.7540238855634623,-0.2682625678197609,1.438549182645292,-0.8304082942029333,0.2108246297118815,0.2203443680265389,1.0155724616555522,0.5577802741991821,1.2964944386804569,1.3183573694113604,-0.8044272335589816,0.3413520209215255,0.2730866066364132,0.4832158447606152,-0.5577802741991821,0.520136471164208,-0.5686800575348554,-0.0046505330426104,-0.4163143916073592,-0.2538273506747333,0.955118795069792
GTEX-1JJE9,1.465233792685523,-0.1634935259298645,2.0269100347915936,-0.7726945818405243,0.5308145305532521,-0.4112482139938643,0.4520875158696414,0.4727891209922672,0.2682625678197607,0.884134934875026,-1.5073326312512032,0.955118795069792,-1.2545353222880942,0.0791413141184694,1.1226279320577794,-1.4517622707385982,0.6129813329265346,-1.3183573694113604,0.0139520014707611,0.6701174349839331,-1.8457049029212595,-1.5679914964717907,-3.112470178603051,0.6470103701484196,-2.1501937961635003,-0.5095173924720496,-0.624243729236281,-0.2060719695833272,0.904950425274544,0.2442333585910436,1.0078143423127026,-0.3216987953648042,0.525468011519798,-1.4255825774365014,-0.0232546771714069,0.8238609817031132,-1.6350392668017106,1.0634684328718786,0.1776496307692544,0.0465219385151119,-0.1587822354845152,1.7103643678208365,-1.1860019705320748,0.4418094672275395,0.7174469963041701,-1.2648170437118496,-0.4779959870785905,0.7980166062079388,-0.7295305620669889,1.438549182645292,1.031275009879428,0.8979687192568956,0.4264790471503241,0.3119190548203253,1.2648170437118502,0.0838072954543562,0.1634935259298645,-0.5632218016027938,-1.0553174817566977,0.0604935871747794,-1.0634684328718786,-0.7054672908207708,-0.5469463597873272
GTEX-1JK1U,-0.0325593658056133,0.7540238855634623,-1.6006161338119125,1.7307972047605154,-2.1501937961635003,-1.340869290880347,-0.6129813329265346,-2.3932998646116794,0.7916386077433746,-0.6470103701484196,0.1493701104165828,-0.5095173924720496,1.3640820484975271,0.3860719086350267,0.2203443680265389,0.6073792467767407,-1.4128513252897623,-0.0978166045653749,-0.2346617948613114,-0.229884117579232,0.2251116819514788,1.0155724616555522,-1.1139372153566884,-1.023392193391521,0.6073792467767407,1.465233792685523,-0.2730866066364132,-2.6016947511653714,1.7519793109683377,0.8369913991407895,-0.1024905076914514,-0.2251116819514788,-1.5522864776181842,1.82074492261502,-0.0465219385151119,0.0884751021146148,-0.3168051375343428,-1.4517622707385982,-2.0645981446801454,-1.1582715276653734,0.3168051375343427,-0.7852926508502125,0.2779170089683694,1.400345043136658,-0.3561785367094661,2.772318040028347,0.462413546573279,0.977370221692195,-2.484125224707312,-0.4989554619580166,-0.6470103701484196,1.0472360474261069,-1.0001164123162831,0.009301166667146,-1.340869290880347,-0.3710837698778002,2.6016947511653696,0.0744770551717114,1.928416512895066,0.3119190548203253,1.4930045626254098,2.0645981446801467,2.1501937961635003
GTEX-1JKYN,-1.3073477923443677,1.0392224351527355,-3.112470178603051,1.0392224351527355,-1.2443845388232115,-1.1766578532028555,-1.6530030581052302,0.8704683159405441,-0.596231764610585,-1.340869290880347,1.9918985578978008,-1.5369552544493164,1.6006161338119125,0.596231764610585,-0.7234755745418949,0.8304082942029329,-1.7519793109683373,2.0645981446801467,0.7916386077433746,-1.2964944386804564,1.5073326312512036,1.7739779942235527,-0.0465219385151119,0.1965804839448126,0.9848956614915162,0.2827539046344999,0.1212095673006741,-0.6073792467767407,-0.8238609817031132,0.4315778808977973,-0.8910305119824391,0.462413546573279,0.4061925696666297,0.2108246297118815,-1.1582715276653734,0.8369913991407895,-0.6701174349839331,-0.0418668742548895,-1.1053298282224613,-0.1446690574398205,0.0,-0.8636956533670372,1.84570490292126,0.4832158447606152,0.7054672908207708,-0.5686800575348554,0.9698997294331956,-0.2251116819514788,-0.7417216005233308,0.4884489019738812,-1.2648170437118496,-0.4213912770678052,-1.4255825774365014,-0.0093011666671462,-0.5523552129489121,-0.1118451385279671,-1.4255825774365014,0.2394448346237824,1.2146757214668782,-0.9405436406054154,1.9591709979048224,-1.6006161338119125,-0.0186031380810724
GTEX-1JKYR,-0.2586330669514177,0.2779170089683694,-0.3860719086350268,1.465233792685523,-0.596231764610585,0.7478585947633022,0.0418668742548894,-0.8569623777792261,0.2973048669834491,-0.0232546771714069,-0.1446690574398205,-0.9698997294331952,0.0978166045653749,-0.6073792467767407,-0.0884751021146149,-0.6186027229558672,0.0325593658056133,-0.7295305620669889,0.0279067194760658,0.0139520014707611,-0.0651532940076319,0.4264790471503241,0.6470103701484196,0.514819675081733,0.962482977182896,0.8436109784655275,-0.7174469963041701,0.2346617948613113,-0.2251116819514788,-0.3119190548203253,-0.4315778808977973,-0.0186031380810724,-0.346285699342696,-0.0418668742548895,0.6186027229558674,-1.3523845818311535,0.2682625678197607,-0.8436109784655275,1.023392193391522,0.3512278212462599,0.2298841175792322,-0.65275435145221,0.2155820567040674,-0.3810663862643338,0.5523552129489121,1.4789766045652544,0.7602179716124496,-0.1352764286523604,0.6355858691140571,-0.4520875158696413,0.3760703934941728,0.0558351934681737,-0.514819675081733,-1.7103643678208365,-1.1492235271996152,-0.5741553087945971,0.6701174349839331,1.6906216295848986,0.6017961577614437,-0.5361762663658064,0.201323959635,-0.3961121933896049,0.1776496307692544
GTEX-1JMLX,0.810871091550414,0.1540744667957507,1.1226279320577794,-0.2442333585910436,0.4264790471503241,0.3364266374948573,0.2346617948613113,-0.5361762663658064,0.0046505330426105,0.3710837698778,0.0418668742548894,-1.6906216295848977,-1.195450804572871,0.4572444368663246,-0.3119190548203253,-1.82074492261502,0.1399711994794717,0.3611379974371059,0.6935879849651033,1.1314042769717068,0.2394448346237824,-0.65275435145221,-0.462413546573279,-1.1053298282224613,-0.4011472862273942,0.1540744667957507,-0.6876849397127831,-1.899384692461367,-0.220344368026539,1.0472360474261069,0.381066386264334,0.5042293960498542,-0.1776496307692544,0.0698144159426549,0.3315094021268154,0.4520875158696414,0.3710837698778,-0.9190479335937772,0.681805760846509,-1.4517622707385982,0.8979687192568956,0.8044272335589819,0.2827539046344999,0.3315094021268154,1.0155724616555522,-0.0418668742548895,-2.199684129871477,-0.2634447638039343,-1.195450804572871,-2.3932998646116794,-0.1871066753278251,0.7174469963041701,0.5523552129489121,-0.2013239596350001,-0.107166650845959,-0.2060719695833272,0.2586330669514177,-0.0978166045653749,0.0372127170621943,-1.9918985578978008,-0.107166650845959,-0.850267731936789,0.0
GTEX-1JMPZ,1.1139372153566884,0.3462856993426961,0.3070404075144982,0.0791413141184694,0.0978166045653749,1.5522864776181842,0.1493701104165828,1.1402686438941925,0.933330502902325,0.201323959635,0.1823761141706538,-1.9591709979048224,0.3860719086350267,0.2155820567040674,-0.8173487968777844,0.3070404075144982,0.4520875158696414,-0.107166650845959,0.1634935259298645,-0.1212095673006743,-0.0093011666671462,-0.7980166062079388,0.6876849397127831,0.1258957192703828,0.1446690574398205,-0.5796478267226205,-0.0232546771714069,-0.0838072954543562,-0.6701174349839331,-1.167415358726977,0.0931448373144652,0.2298841175792322,-2.6016947511653714,1.0472360474261069,1.4255825774365014,-1.9591709979048224,0.2875974245860253,0.0418668742548894,-0.3315094021268153,0.7852926508502123,-2.7723180400283463,0.1493701104165828,-0.1165260755991406,-0.1118451385279671,-0.3860719086350268,1.0968035620935137,1.0883562937618656,-0.8436109784655275,0.5415534608499961,-1.871870730867245,-2.10546945092069,0.6643075238930058,-0.904950425274544,-0.3661063568005696,1.0392224351527355,0.6585199505483372,0.4936953696832036,-1.3523845818311535,0.0558351934681737,0.9478060492911886,0.2298841175792322,0.4315778808977973,-0.6299046699224384
GTEX-1JMQJ,0.546946359787327,-0.2634447638039343,0.3413520209215255,-0.7478585947633022,0.9924772957033684,0.462413546573279,1.2050075920152503,0.2060719695833272,0.65275435145221,1.1314042769717068,-1.871870730867245,0.2490274894100126,0.6073792467767407,0.5632218016027939,0.6242437292362808,-0.2346617948613114,1.465233792685523,-1.6530030581052302,0.32660016939701,-1.195450804572871,-0.3661063568005696,-0.4061925696666297,0.6299046699224384,-0.5415534608499959,-0.6876849397127831,0.4163143916073593,-0.4779959870785905,-0.520136471164208,0.7234755745418949,0.4418094672275395,1.1492235271996152,0.2586330669514177,0.8238609817031132,-1.1139372153566884,0.2251116819514788,-0.3760703934941728,-0.1399711994794718,-0.0838072954543562,0.7114443807664012,-0.3860719086350268,1.3759692008680082,0.7852926508502123,-1.5073326312512032,0.7417216005233305,0.3710837698778,-0.977370221692195,-1.899384692461367,0.7478585947633022,0.6299046699224384,0.7478585947633022,-0.4315778808977973,-0.8436109784655275,0.2298841175792322,-0.6073792467767407,-0.0651532940076319,-0.1823761141706537,-0.0232546771714069,0.5523552129489121,-0.7234755745418949,-0.6186027229558672,-0.8173487968777844,-0.3021690572528447,-0.7478585947633022
GTEX-1JMQK,1.2752342411046045,-1.7307972047605154,0.3462856993426961,-1.438549182645292,0.4884489019738812,0.6759500545663616,0.6186027229558674,0.7295305620669889,0.9190479335937772,0.9698997294331956,0.5632218016027939,0.3860719086350267,-0.5308145305532522,1.899384692461367,0.1352764286523606,-1.0001164123162831,-0.5469463597873272,0.7852926508502123,1.3183573694113604,1.1139372153566884,0.3119190548203253,-0.5851578873218707,-0.3364266374948575,-1.3759692008680076,-0.8436109784655275,0.8369913991407895,-0.8044272335589816,-1.0553174817566977,0.2155820567040674,-0.0884751021146149,1.3408692908803477,1.9918985578978008,-0.2586330669514177,-0.2827539046344998,0.7054672908207708,-0.884134934875026,-1.1766578532028555,-0.4264790471503241,0.1682084481374105,-1.4789766045652544,0.3512278212462599,1.224458743278325,-1.3640820484975271,1.3295291071787323,-0.0558351934681735,-0.504229396049854,-2.3932998646116794,-0.0093011666671462,-0.9405436406054154,-1.9918985578978008,-0.6701174349839331,-0.1352764286523604,-0.2634447638039343,-0.0418668742548895,0.2490274894100126,-0.1165260755991406,-0.1024905076914514,-0.7234755745418949,-0.0418668742548895,-0.850267731936789,0.0604935871747794,-0.7664413630494566,-0.4264790471503241
GTEX-1JN6P,0.1776496307692544,-1.8457049029212595,0.4989554619580166,0.8436109784655275,0.5741553087945971,0.3512278212462599,1.5522864776181842,0.201323959635,0.0186031380810724,0.933330502902325,-1.7968702837153614,-1.2964944386804564,-0.4011472862273942,-0.3661063568005696,1.0634684328718786,-0.4675950415221049,-1.023392193391521,-1.61758811796741,-0.5415534608499959,-2.026910034791593,-2.10546945092069,-0.4112482139938643,-0.904950425274544,1.5840930675378757,0.3961121933896049,0.3462856993426961,-0.0046505330426104,-0.6412876570233803,0.6701174349839331,0.9261656018472316,0.7174469963041701,-0.5361762663658064,0.5095173924720495,-0.7114443807664012,0.2779170089683694,-0.9190479335937772,0.6242437292362808,0.0744770551717114,0.7726945818405243,0.5851578873218706,0.9848956614915162,0.9405436406054154,-1.4789766045652544,-0.0325593658056133,0.3413520209215255,-1.140268643894193,0.1965804839448126,0.904950425274544,-0.0325593658056133,-0.7789781621703243,-0.5577802741991821,0.884134934875026,0.7916386077433746,-1.3183573694113604,0.65275435145221,0.6073792467767407,0.1352764286523606,0.8369913991407895,-1.6906216295848977,0.0046505330426105,-0.8238609817031132,0.3364266374948573,0.2682625678197607
GTEX-1K2DA,-0.1965804839448126,1.2545353222880942,-0.8173487968777844,0.8772811433566338,-2.6016947511653714,-0.6585199505483369,-1.5679914964717907,-1.0472360474261069,-0.6129813329265346,-1.9591709979048224,1.3295291071787323,-1.4789766045652544,0.2155820567040674,-0.1823761141706537,-0.0791413141184694,-0.3168051375343428,-2.3932998646116794,1.2964944386804569,-0.0978166045653749,1.7307972047605154,0.8173487968777844,0.8979687192568956,0.4418094672275395,0.5308145305532521,1.5369552544493164,-1.131404276971706,0.3860719086350267,-0.4315778808977973,0.0698144159426549,-0.7478585947633022,-0.6585199505483369,-0.0838072954543562,0.0838072954543562,1.224458743278325,-0.5632218016027938,0.3661063568005698,-0.977370221692195,-0.3760703934941728,-0.9478060492911888,-0.0744770551717116,-1.0716906581760843,-1.2343603801814165,1.3759692008680082,-0.977370221692195,-0.9698997294331952,1.5073326312512036,2.199684129871479,-0.1729271126904469,-1.275234241104605,0.3413520209215255,-0.8044272335589816,-0.7916386077433746,1.0553174817566977,0.9478060492911886,-0.6701174349839331,-1.2964944386804564,-0.0884751021146149,-1.465233792685523,1.7519793109683377,0.2060719695833272,0.9848956614915162,0.2586330669514177,0.201323959635
GTEX-1KAFJ,0.0418668742548894,0.0511780111120515,0.2779170089683694,0.2586330669514177,0.1165260755991407,0.5686800575348554,0.9698997294331956,0.4418094672275395,0.4061925696666297,1.0634684328718786,0.1729271126904469,0.009301166667146,-0.8173487968777844,0.5686800575348554,-0.5469463597873272,-0.6017961577614439,0.8569623777792261,0.0791413141184694,0.9848956614915162,-0.8369913991407895,-0.1118451385279671,-0.8238609817031132,0.3611379974371059,0.2203443680265389,-0.4572444368663248,0.2490274894100126,-1.5073326312512032,-1.195450804572871,-0.3119190548203253,0.1024905076914515,0.7852926508502123,0.884134934875026,-0.0558351934681735,-0.346285699342696,0.7174469963041701,-2.6016947511653714,0.4520875158696414,-0.0884751021146149,0.0791413141184694,0.0884751021146148,0.3910871229289391,-0.3512278212462601,-0.5361762663658064,0.1540744667957507,-0.3070404075144982,0.0558351934681737,-1.7519793109683373,-0.4061925696666297,0.8636956533670372,0.2827539046344999,-1.388054028556375,0.4832158447606152,-0.5906857713824718,-1.2343603801814165,-0.0931448373144652,0.5577802741991821,0.7114443807664012,0.3364266374948573,-0.1305846375599525,-0.3364266374948575,-0.1823761141706537,0.0325593658056133,-0.6759500545663616
GTEX-1KANA,-0.462413546573279,1.899384692461367,-0.1871066753278251,0.3961121933896049,-1.0799859809506631,-2.3187579709778325,-1.0883562937618656,-1.5219770060190867,-1.1139372153566884,-0.3413520209215255,2.6016947511653696,0.4061925696666297,1.7739779942235527,1.2857916935144202,-0.9698997294331952,0.2924477009350161,0.1587822354845152,2.1501937961635003,0.8502677319367892,-0.7114443807664012,1.5840930675378757,0.7054672908207708,-0.7478585947633022,0.5906857713824718,-0.0139520014707611,-0.596231764610585,0.8369913991407895,-0.3216987953648042,-1.388054028556375,0.6701174349839331,-0.514819675081733,0.6935879849651033,0.7726945818405243,-0.1540744667957508,-1.9284165128950652,0.4727891209922672,-1.0001164123162831,-0.2394448346237824,-0.4264790471503241,-0.0186031380810724,0.3413520209215255,-0.1399711994794718,2.2552325088429965,1.5679914964717907,2.105469450920689,-0.4163143916073592,0.3512278212462599,-0.4989554619580166,-1.0634684328718786,-0.4469425897337917,0.6412876570233801,-0.1729271126904469,-0.5741553087945971,-0.4366879596755644,-0.6585199505483369,-2.484125224707312,-1.4930045626254098,0.8704683159405441,1.0553174817566977,-0.0744770551717116,2.0645981446801467,-2.6016947511653714,-2.199684129871477
GTEX-1KANB,0.8436109784655275,0.467595041522105,1.2343603801814165,-0.8436109784655275,0.3119190548203253,0.810871091550414,-0.9924772957033684,1.1582715276653734,-1.2146757214668782,-1.2964944386804564,0.1587822354845152,-0.3910871229289391,-0.7980166062079388,-0.5632218016027938,-0.2108246297118815,-0.1540744667957508,0.1540744667957507,-0.6412876570233803,-1.6715166841106104,0.9848956614915162,0.0558351934681737,-0.9119765235615476,-0.3168051375343428,1.0883562937618656,-0.8369913991407895,0.2924477009350161,0.4936953696832036,0.8044272335589819,-0.0698144159426548,-1.0968035620935137,-1.7103643678208365,-0.7174469963041701,-0.4779959870785905,0.7916386077433746,-0.4011472862273942,-0.0604935871747794,0.4936953696832036,1.5679914964717907,0.5042293960498542,0.2394448346237824,-1.3523845818311535,0.9924772957033684,-0.0139520014707611,-1.465233792685523,-1.167415358726977,1.2752342411046045,1.0968035620935137,-0.8910305119824391,0.3168051375343427,1.521977006019087,0.8979687192568956,1.023392193391522,0.4011472862273944,0.3961121933896049,1.7103643678208365,1.195450804572871,-0.3661063568005696,-1.2964944386804564,1.1402686438941925,0.5415534608499961,-0.0558351934681735,0.5042293960498542,0.5686800575348554
GTEX-1KD4Q,0.4163143916073593,-1.5522864776181842,0.4520875158696414,0.2060719695833272,0.1776496307692544,-0.0931448373144652,1.3759692008680082,-0.962482977182896,0.3661063568005698,1.7307972047605154,0.1258957192703828,-0.9478060492911888,-0.596231764610585,2.0645981446801467,0.2394448346237824,-0.6470103701484196,-0.3860719086350268,0.2875974245860253,2.3932998646116808,-1.6350392668017106,0.4366879596755643,-2.026910034791593,-0.5686800575348554,-1.2146757214668782,-2.10546945092069,0.514819675081733,-1.0392224351527355,-1.167415358726977,0.1024905076914515,1.7519793109683377,1.5840930675378757,2.2552325088429965,0.4418094672275395,-0.8238609817031132,-0.1587822354845152,0.3413520209215255,-0.3710837698778002,-0.8772811433566338,-0.7602179716124495,-2.026910034791593,2.0645981446801467,0.7174469963041701,-0.0465219385151119,1.7103643678208365,-0.0978166045653749,-0.514819675081733,-1.5219770060190867,1.0716906581760843,-2.1501937961635003,0.2108246297118815,0.4884489019738812,0.2730866066364132,0.962482977182896,-0.8436109784655275,0.4418094672275395,-0.4112482139938643,-0.32660016939701,-0.2490274894100124,0.0651532940076319,-0.6470103701484196,0.1634935259298645,-0.2779170089683694,-0.3315094021268153
GTEX-1KWVE,-0.6470103701484196,1.2648170437118502,-0.6876849397127831,0.4366879596755643,-1.5219770060190867,-2.7723180400283463,-0.5577802741991821,-0.9261656018472316,-1.0883562937618656,-0.1918414273303961,1.521977006019087,1.2050075920152503,-0.4112482139938643,2.6016947511653696,0.2060719695833272,-0.4884489019738811,-1.6715166841106104,1.9918985578978008,3.112470178603064,-0.4112482139938643,2.318757970977832,-0.1776496307692544,-2.026910034791593,-1.0883562937618656,-1.0078143423127026,-0.5415534608499959,0.3710837698778,-1.2343603801814165,0.7174469963041701,1.82074492261502,0.0279067194760658,2.318757970977832,0.6412876570233801,-0.8569623777792261,-1.7968702837153614,1.635039266801711,-2.484125224707312,0.3021690572528446,-0.7664413630494566,-1.9284165128950652,1.5840930675378757,-0.3119190548203253,2.0645981446801467,1.7968702837153605,0.0186031380810724,-0.0279067194760659,-0.2586330669514177,1.2050075920152503,-2.7723180400283463,0.3168051375343427,-0.8369913991407895,-1.0799859809506631,0.2827539046344999,0.0046505330426105,-0.6017961577614439,-1.1492235271996152,-0.664307523893006,-0.520136471164208,1.8718707308672449,0.4163143916073593,1.0968035620935137,-1.388054028556375,-1.340869290880347
GTEX-1KXAM,-0.3760703934941728,1.82074492261502,-0.664307523893006,-0.4366879596755644,-0.6186027229558672,-0.2346617948613114,-1.2146757214668782,-0.32660016939701,-1.3523845818311535,-1.5219770060190867,-0.1258957192703828,-1.0634684328718786,1.928416512895066,-2.7723180400283463,-0.6701174349839331,1.7519793109683377,-0.5361762663658064,0.2490274894100126,-0.5906857713824718,0.4163143916073593,1.2857916935144202,1.1674153587269775,1.6715166841106104,0.4366879596755643,1.7307972047605154,-1.6906216295848977,0.5042293960498542,0.933330502902325,0.2346617948613113,-2.3187579709778325,-2.026910034791593,-1.1492235271996152,-1.0634684328718786,1.7307972047605154,-0.7356124152439232,1.928416512895066,1.5840930675378757,0.1823761141706538,-1.0155724616555522,1.0392224351527355,-1.3073477923443677,-1.1582715276653734,0.8369913991407895,-3.112470178603051,-1.0634684328718786,1.7307972047605154,1.9591709979048224,-1.61758811796741,1.1402686438941925,-0.5415534608499959,-0.5796478267226205,0.6073792467767407,-1.0968035620935137,1.6530030581052302,0.0279067194760658,1.1053298282224615,0.0139520014707611,-0.6129813329265346,1.9591709979048224,0.467595041522105,0.3661063568005698,0.962482977182896,1.7968702837153605
GTEX-1L5NE,-1.2964944386804564,1.031275009879428,-2.10546945092069,0.6073792467767407,-1.7307972047605154,-0.7916386077433746,-1.1860019705320748,-1.388054028556375,-0.1587822354845152,-0.955118795069792,1.0392224351527355,0.7295305620669889,1.3408692908803477,0.0418668742548894,-0.514819675081733,0.8979687192568956,-2.255232508842998,0.9924772957033684,0.7356124152439232,0.810871091550414,1.1402686438941925,1.7519793109683377,0.514819675081733,0.2634447638039344,1.2964944386804569,-0.5686800575348554,0.884134934875026,0.2682625678197607,-0.65275435145221,-0.2973048669834489,-0.962482977182896,0.8436109784655275,0.7980166062079388,1.2857916935144202,-0.596231764610585,1.0155724616555522,-0.664307523893006,0.0698144159426549,-2.3187579709778325,-0.1165260755991406,-0.977370221692195,-1.2050075920152503,0.962482977182896,-0.4112482139938643,-0.1823761141706537,0.8502677319367892,1.1314042769717068,-0.3961121933896049,-1.9918985578978008,0.2875974245860253,-0.1729271126904469,-0.977370221692195,-0.5577802741991821,1.2964944386804569,-1.7307972047605154,-1.1860019705320748,-1.0716906581760843,-0.5686800575348554,1.5679914964717907,0.2346617948613113,1.388054028556374,0.0744770551717114,0.8238609817031132
GTEX-1LB8K,0.5906857713824718,0.1776496307692544,0.7852926508502123,0.0046505330426105,0.3216987953648042,-0.3710837698778002,1.3073477923443682,-0.850267731936789,-0.0744770551717116,1.3295291071787323,0.6643075238930058,-2.484125224707312,-0.5523552129489121,1.6175881179674108,-0.0186031380810724,-1.7307972047605154,0.1918414273303961,0.8173487968777844,1.7739779942235527,0.1258957192703828,0.2682625678197607,-3.112470178603051,-0.4675950415221049,-0.3512278212462601,-0.5851578873218707,-0.3364266374948575,-3.112470178603051,-3.112470178603051,0.3119190548203253,1.400345043136658,0.7789781621703243,1.7307972047605154,-0.4264790471503241,-0.3512278212462601,0.0931448373144652,-0.2586330669514177,-0.8238609817031132,-1.4255825774365014,0.2251116819514788,-1.0883562937618656,0.3315094021268154,0.1634935259298645,0.4727891209922672,1.0472360474261069,0.4989554619580166,-0.7114443807664012,-0.4572444368663248,0.4112482139938643,-0.3760703934941728,-2.484125224707312,-0.8436109784655275,0.4989554619580166,0.7356124152439232,-0.9190479335937772,0.0325593658056133,-0.9848956614915162,0.2108246297118815,-0.1729271126904469,-0.0465219385151119,-1.5522864776181842,0.0884751021146148,-0.5632218016027938,-0.8772811433566338
GTEX-1LBAC,-1.0078143423127026,0.3910871229289391,0.1024905076914515,1.3640820484975271,0.0325593658056133,-0.8436109784655275,-0.5686800575348554,-1.4789766045652544,-1.0155724616555522,-0.8910305119824391,0.8704683159405441,-0.4520875158696413,-0.4832158447606152,0.810871091550414,-1.438549182645292,-0.4315778808977973,0.462413546573279,1.0392224351527355,1.4255825774365014,-0.6935879849651033,0.7417216005233305,-0.2875974245860253,-0.0325593658056133,1.2857916935144202,0.4061925696666297,-0.0093011666671462,-0.7295305620669889,-0.6585199505483369,-0.6017961577614439,0.6935879849651033,-0.6412876570233803,1.1582715276653734,-0.6470103701484196,-0.2251116819514788,-1.0883562937618656,0.2490274894100126,0.1165260755991407,-1.2964944386804564,0.4011472862273944,0.520136471164208,0.0279067194760658,-0.6186027229558672,1.1139372153566884,0.1399711994794717,1.4789766045652544,0.7114443807664012,0.3611379974371059,-0.6995152985526998,-0.1823761141706537,-0.4213912770678052,0.2442333585910436,0.4315778808977973,-0.0325593658056133,0.0,-1.167415358726977,0.1352764286523606,-1.0078143423127026,0.933330502902325,0.4989554619580166,-0.9190479335937772,0.5851578873218706,0.520136471164208,-0.229884117579232
GTEX-1LC46,-0.6876849397127831,0.4469425897337917,-0.955118795069792,0.2779170089683694,-0.1165260755991406,0.0838072954543562,-0.3661063568005696,0.2394448346237824,-0.2108246297118815,-0.1776496307692544,0.3364266374948573,0.5415534608499961,-1.6906216295848977,-0.0372127170621942,-1.0883562937618656,-0.0558351934681735,-0.3216987953648042,0.3860719086350267,0.6242437292362808,-0.6759500545663616,0.5095173924720495,0.0931448373144652,1.0553174817566977,-0.6186027229558672,1.2343603801814165,-0.1682084481374103,0.6759500545663616,-0.8436109784655275,-0.4011472862273942,-0.3860719086350268,-0.4264790471503241,0.5523552129489121,-0.1634935259298645,0.3168051375343427,0.0186031380810724,-0.5523552129489121,0.6759500545663616,0.8569623777792261,0.2730866066364132,-0.1352764286523604,-0.65275435145221,-1.2443845388232115,0.4936953696832036,-0.7295305620669889,-0.504229396049854,0.681805760846509,0.7916386077433746,-1.0392224351527355,1.4930045626254098,0.4989554619580166,-1.6906216295848977,-0.7478585947633022,-0.7852926508502125,0.462413546573279,-0.3860719086350268,-0.229884117579232,-0.2730866066364132,0.3760703934941728,0.7234755745418949,0.3611379974371059,-0.0838072954543562,-0.4418094672275395,-1.0968035620935137
GTEX-1LC47,1.2545353222880942,-2.0645981446801454,-0.0279067194760659,-0.8772811433566338,1.2050075920152503,0.8569623777792261,0.2827539046344999,1.6906216295848986,1.3295291071787323,0.5686800575348554,-2.1501937961635003,1.2343603801814165,-0.810871091550414,-0.850267731936789,1.3408692908803477,0.810871091550414,-1.61758811796741,-1.9284165128950652,-2.6016947511653714,0.8569623777792261,-0.6995152985526998,-0.596231764610585,0.6935879849651033,0.2730866066364132,0.3760703934941728,1.2964944386804569,0.8704683159405441,0.4727891209922672,0.32660016939701,-0.9119765235615476,1.1053298282224615,-2.7723180400283463,0.0651532940076319,-2.7723180400283463,1.2752342411046045,0.0372127170621943,-0.2634447638039343,1.2857916935144202,0.9190479335937772,1.1492235271996152,-0.4884489019738811,0.7478585947633022,-1.7307972047605154,-0.6186027229558672,-1.5369552544493164,-1.5369552544493164,0.2730866066364132,0.3364266374948573,-0.2586330669514177,1.8718707308672449,-0.9261656018472316,0.462413546573279,-0.0139520014707611,-0.9261656018472316,1.2343603801814165,1.400345043136658,1.0553174817566977,-1.5073326312512032,-1.871870730867245,1.2050075920152503,-3.112470178603051,1.000116412316283,0.525468011519798
GTEX-1LG7Y,-0.3315094021268153,-0.3860719086350268,0.7174469963041701,1.224458743278325,-0.4011472862273942,-1.3523845818311535,0.955118795069792,-1.6530030581052302,0.1212095673006741,1.3523845818311528,-0.1540744667957508,-0.2973048669834489,-0.5361762663658064,1.6906216295848986,0.520136471164208,0.0651532940076319,-0.1965804839448126,-0.5095173924720496,0.884134934875026,-1.438549182645292,-0.8304082942029333,-1.7519793109683373,-1.2146757214668782,1.84570490292126,-0.4418094672275395,-0.664307523893006,-0.2973048669834489,-0.6355858691140569,0.8044272335589819,1.0392224351527355,1.438549182645292,1.521977006019087,0.1024905076914515,-0.4936953696832038,-0.1399711994794718,-0.4989554619580166,-0.7789781621703243,-0.520136471164208,-0.6585199505483369,-0.1587822354845152,0.8910305119824391,-0.1305846375599525,-0.850267731936789,1.5369552544493164,0.5796478267226207,-0.884134934875026,-0.7916386077433746,0.810871091550414,-0.933330502902325,-0.7664413630494566,0.023254677171407,0.9119765235615476,1.6006161338119125,-0.962482977182896,-0.3168051375343428,-0.2973048669834489,0.0651532940076319,0.3413520209215255,-0.3364266374948575,0.009301166667146,-0.0093011666671462,0.5686800575348554,0.0511780111120515
GTEX-1LG7Z,-0.7234755745418949,0.7114443807664012,-0.7478585947633022,1.8718707308672449,-1.1766578532028555,-1.023392193391521,-0.5469463597873272,-1.0078143423127026,0.2779170089683694,-0.8772811433566338,0.9119765235615476,1.0155724616555522,0.5632218016027939,1.031275009879428,-0.5415534608499959,0.467595041522105,-0.7356124152439232,0.8044272335589819,0.0604935871747794,-1.167415358726977,0.6470103701484196,0.1729271126904469,-0.4469425897337917,-0.4520875158696413,0.8369913991407895,-1.1492235271996152,1.7739779942235527,0.2203443680265389,-1.1053298282224613,0.7356124152439232,-0.5906857713824718,0.8704683159405441,1.000116412316283,1.2964944386804569,-0.7540238855634623,1.023392193391522,-1.9591709979048224,1.031275009879428,-1.140268643894193,0.0418668742548894,-0.9190479335937772,-1.4789766045652544,0.7174469963041701,0.3168051375343427,-1.0883562937618656,0.3860719086350267,0.5361762663658064,0.1352764286523606,0.8772811433566338,0.4727891209922672,0.0372127170621943,-1.275234241104605,0.0931448373144652,1.3073477923443682,-1.1860019705320748,-2.026910034791593,-0.9924772957033684,-0.1918414273303961,0.1965804839448126,0.514819675081733,1.0799859809506631,-1.1226279320577794,-0.6017961577614439
GTEX-1LSNL,1.4517622707385982,0.1918414273303961,1.928416512895066,-0.7234755745418949,0.7356124152439232,0.1540744667957507,0.2155820567040674,-0.2924477009350161,0.546946359787327,0.7602179716124496,0.2251116819514788,-0.520136471164208,-1.6350392668017106,0.955118795069792,0.1071666508459588,-2.3932998646116794,-0.0232546771714069,-0.2013239596350001,0.1965804839448126,1.195450804572871,-0.4520875158696413,-0.7852926508502125,-0.5632218016027938,0.8910305119824391,-1.6006161338119125,-0.9190479335937772,-1.3073477923443677,-1.9591709979048224,0.3860719086350267,0.4213912770678051,0.9848956614915162,0.4832158447606152,-0.7054672908207708,0.2346617948613113,0.6701174349839331,-0.7234755745418949,-1.3183573694113604,-1.140268643894193,-0.2973048669834489,-0.7478585947633022,-0.1212095673006743,0.6242437292362808,-0.2730866066364132,0.65275435145221,-0.0372127170621942,0.2346617948613113,0.1118451385279671,0.2875974245860253,-1.5219770060190867,1.0078143423127026,-0.1165260755991406,0.6701174349839331,0.8636956533670372,-0.3512278212462601,0.6585199505483372,-0.664307523893006,0.4520875158696414,-0.977370221692195,0.4520875158696414,-0.3070404075144982,-0.0418668742548895,-0.6818057608465092,-0.520136471164208
GTEX-1LSNM,0.0046505330426105,0.884134934875026,-0.2013239596350001,0.5577802741991821,0.1071666508459588,-0.6470103701484196,-1.275234241104605,-0.4469425897337917,-1.0472360474261069,-1.5840930675378757,0.462413546573279,-1.131404276971706,1.1492235271996152,-0.6818057608465092,-1.167415358726977,0.0465219385151119,0.596231764610585,0.5308145305532521,-0.8569623777792261,0.955118795069792,0.381066386264334,1.1226279320577794,0.5741553087945971,0.6759500545663616,1.1860019705320748,0.1118451385279671,-0.3661063568005696,0.2298841175792322,-1.3183573694113604,-0.5796478267226205,-2.1501937961635003,-0.5686800575348554,-1.1226279320577794,1.400345043136658,-2.1501937961635003,0.65275435145221,2.2552325088429965,-0.6299046699224384,0.0884751021146148,0.3021690572528446,-0.850267731936789,-0.5469463597873272,0.681805760846509,-0.65275435145221,0.8304082942029329,0.4936953696832036,1.6006161338119125,-0.8304082942029333,0.4884489019738812,-0.6470103701484196,0.6585199505483372,1.465233792685523,-1.3183573694113604,1.0716906581760843,-0.3119190548203253,-0.0093011666671462,-1.61758811796741,0.32660016939701,0.520136471164208,-1.1492235271996152,0.4779959870785905,-0.3611379974371059,1.6175881179674108
GTEX-1LVA9,-0.8636956533670372,-0.3910871229289391,-1.4128513252897623,1.2050075920152503,-0.3710837698778002,-0.6299046699224384,3.112470178603064,-1.6715166841106104,1.5073326312512036,3.112470178603064,-0.3512278212462601,0.0651532940076319,-0.0698144159426548,2.105469450920689,1.5073326312512036,-1.4003450431366584,-1.9284165128950652,-0.1587822354845152,0.6129813329265346,3.112470178603064,-0.4011472862273942,-0.8636956533670372,-1.2343603801814165,-1.4517622707385982,-0.955118795069792,1.7307972047605154,-1.1139372153566884,-0.0511780111120515,1.195450804572871,2.772318040028347,3.112470178603064,0.5308145305532521,0.0,-1.0883562937618656,-0.2013239596350001,-0.6585199505483369,-0.3611379974371059,-1.7739779942235536,-1.9591709979048224,-1.2964944386804564,2.2552325088429965,-0.6129813329265346,0.0139520014707611,2.772318040028347,-0.32660016939701,-1.6350392668017106,-0.4011472862273942,2.4841252247073147,-1.1582715276653734,0.1352764286523606,0.7417216005233305,0.9405436406054154,1.023392193391522,-1.5219770060190867,-1.3183573694113604,0.0698144159426549,0.6876849397127831,0.0186031380810724,-1.4003450431366584,0.6759500545663616,-0.4936953696832038,0.8979687192568956,0.8173487968777844
GTEX-1LVAO,1.388054028556374,-1.031275009879428,1.3523845818311528,-0.4469425897337917,2.0269100347915936,1.388054028556374,-0.3364266374948575,1.5679914964717907,1.2964944386804569,-0.0838072954543562,-0.977370221692195,-0.5632218016027938,1.6715166841106104,-2.10546945092069,1.4255825774365014,1.1860019705320748,1.400345043136658,-0.8304082942029333,-1.4003450431366584,1.84570490292126,-1.1860019705320748,-0.1587822354845152,0.7417216005233305,-0.2682625678197609,-0.2346617948613114,2.0645981446801467,-0.0978166045653749,1.5840930675378757,0.5308145305532521,-0.6818057608465092,0.0418668742548894,-1.7307972047605154,0.3512278212462599,-1.0472360474261069,0.6470103701484196,-1.031275009879428,1.0968035620935137,1.0392224351527355,0.6242437292362808,-0.2973048669834489,-1.0968035620935137,1.84570490292126,-0.6935879849651033,-0.1634935259298645,0.0418668742548894,-2.6016947511653714,-0.3216987953648042,0.0884751021146148,0.9405436406054154,0.1965804839448126,0.9190479335937772,1.2857916935144202,-0.3168051375343428,0.0139520014707611,1.3759692008680082,1.7307972047605154,0.0325593658056133,-0.2973048669834489,-1.9284165128950652,0.7356124152439232,-1.9918985578978008,0.3611379974371059,1.3759692008680082
GTEX-1M4P7,-0.3561785367094661,-0.8772811433566338,0.4572444368663246,0.5095173924720495,0.8772811433566338,-0.0139520014707611,0.3760703934941728,-0.3119190548203253,0.3364266374948573,-0.5906857713824718,-0.8436109784655275,2.772318040028347,0.4727891209922672,-1.5219770060190867,0.933330502902325,0.7852926508502123,-0.7916386077433746,-0.6585199505483369,-1.2648170437118496,0.0465219385151119,-0.962482977182896,-0.520136471164208,-2.3187579709778325,0.6073792467767407,-1.1492235271996152,0.3315094021268154,2.318757970977832,1.5679914964717907,0.0139520014707611,1.9918985578978008,-0.3021690572528447,-1.5369552544493164,3.112470178603064,-1.9591709979048224,0.2924477009350161,0.4418094672275395,-1.9284165128950652,1.9591709979048224,-0.3216987953648042,1.000116412316283,1.7739779942235527,1.0078143423127026,-0.514819675081733,-0.1965804839448126,0.3315094021268154,-1.9284165128950652,-0.884134934875026,0.8436109784655275,-0.3216987953648042,0.7054672908207708,0.5741553087945971,-0.2538273506747333,1.9591709979048224,-1.2857916935144202,0.9119765235615476,0.9848956614915162,0.6299046699224384,0.7478585947633022,-2.255232508842998,1.7519793109683377,-1.899384692461367,0.7356124152439232,-0.6470103701484196
GTEX-1M5QR,-0.3119190548203253,-2.3932998646116794,0.2442333585910436,-0.4112482139938643,0.8910305119824391,-0.7417216005233308,0.6017961577614437,0.4112482139938643,0.884134934875026,0.5042293960498542,-2.484125224707312,1.84570490292126,0.0139520014707611,-0.0325593658056133,0.2779170089683694,0.8238609817031132,-0.1212095673006743,-2.10546945092069,-0.5796478267226205,-0.2973048669834489,-2.6016947511653714,-0.6759500545663616,0.009301166667146,-1.1139372153566884,0.1634935259298645,0.4936953696832036,1.3183573694113604,0.5796478267226207,0.2490274894100126,-0.4936953696832038,0.546946359787327,-0.5415534608499959,0.5686800575348554,-0.4366879596755644,0.4366879596755643,-2.484125224707312,0.6355858691140571,1.2146757214668782,0.2203443680265389,-0.7417216005233308,0.5042293960498542,0.5741553087945971,-1.9918985578978008,0.520136471164208,0.4469425897337917,-0.6073792467767407,-1.5840930675378757,0.0651532940076319,-0.504229396049854,0.6017961577614437,-0.4779959870785905,-0.0978166045653749,0.3413520209215255,-0.9848956614915162,0.8044272335589819,1.1226279320577794,1.0634684328718786,0.1493701104165828,-0.6470103701484196,0.977370221692195,-0.1352764286523604,0.9119765235615476,-0.3961121933896049
GTEX-1MCQQ,2.772318040028347,-0.5415534608499959,1.0883562937618656,-0.9478060492911888,1.3073477923443682,1.0634684328718786,2.772318040028347,0.6412876570233801,0.3561785367094661,2.772318040028347,-0.5361762663658064,-0.1305846375599525,-1.4003450431366584,1.3408692908803477,0.546946359787327,-1.7103643678208365,-0.7664413630494566,-0.3168051375343428,0.8436109784655275,-0.0139520014707611,-0.3910871229289391,-1.0799859809506631,1.3759692008680082,-1.438549182645292,-1.1860019705320748,-0.2155820567040673,-1.4789766045652544,0.3462856993426961,0.3168051375343427,-0.2490274894100124,2.772318040028347,1.4255825774365014,-1.3759692008680076,-0.3364266374948575,0.32660016939701,-0.904950425274544,0.0931448373144652,-0.8979687192568958,-0.4011472862273942,-1.5073326312512032,-0.8044272335589816,1.023392193391522,-0.1587822354845152,0.3710837698778,-1.031275009879428,-0.8772811433566338,-0.6017961577614439,0.681805760846509,-0.3413520209215255,-0.0744770551717116,0.8704683159405441,1.6006161338119125,0.4884489019738812,-0.7295305620669889,0.5906857713824718,0.8636956533670372,0.2298841175792322,-2.10546945092069,0.0744770551717114,0.0,-0.884134934875026,1.1860019705320748,0.3910871229289391
GTEX-1MGNQ,-1.031275009879428,0.5686800575348554,-0.7789781621703243,1.5073326312512036,-0.4315778808977973,-1.6350392668017106,-0.7852926508502125,-1.0716906581760843,-0.0139520014707611,-0.4572444368663248,0.5523552129489121,0.4264790471503241,-0.664307523893006,-0.0698144159426548,-1.0634684328718786,0.1446690574398205,-0.7114443807664012,0.7980166062079388,0.7980166062079388,-1.4003450431366584,0.6017961577614437,0.3561785367094661,0.0931448373144652,0.5095173924720495,0.810871091550414,-1.2244587432783245,0.1399711994794717,-0.3119190548203253,-0.5469463597873272,0.0279067194760658,-0.6470103701484196,0.2973048669834491,-0.8173487968777844,0.7980166062079388,-0.2442333585910436,0.2779170089683694,0.1024905076914515,-0.2586330669514177,-0.4213912770678052,0.5906857713824718,-0.7789781621703243,-1.5073326312512032,1.2050075920152503,-0.0604935871747794,-0.5254680115197978,0.7664413630494566,0.955118795069792,-0.32660016939701,-0.1258957192703828,-0.6759500545663616,-1.5219770060190867,-0.8636956533670372,0.5095173924720495,0.3315094021268154,-0.7916386077433746,-1.3073477923443677,0.1305846375599525,-0.0093011666671462,0.6129813329265346,0.6995152985526999,0.6355858691140571,-0.0418668742548895,0.3462856993426961
GTEX-1MJK2,1.521977006019087,-1.2343603801814165,2.318757970977832,-0.229884117579232,-0.0791413141184694,0.596231764610585,2.3932998646116808,0.2490274894100126,0.3315094021268154,2.1501937961635003,-1.1582715276653734,-0.7417216005233308,-1.7739779942235536,0.2490274894100126,0.3070404075144982,-2.199684129871477,1.2857916935144202,-1.0155724616555522,0.381066386264334,0.0791413141184694,-0.4061925696666297,-0.1024905076914514,0.5906857713824718,1.82074492261502,0.8636956533670372,-1.7103643678208365,-0.962482977182896,-1.0634684328718786,-0.1165260755991406,-0.3961121933896049,1.3523845818311528,0.1071666508459588,0.9924772957033684,-0.8636956533670372,1.023392193391522,-1.5840930675378757,-1.871870730867245,0.5686800575348554,1.521977006019087,0.8569623777792261,-1.8457049029212595,0.1446690574398205,-0.8704683159405441,0.1165260755991407,0.5577802741991821,-1.340869290880347,0.8772811433566338,-0.4936953696832038,0.8238609817031132,-0.810871091550414,0.1965804839448126,0.0279067194760658,1.6530030581052302,-1.2545353222880942,1.0883562937618656,-0.2682625678197609,0.6470103701484196,-0.2346617948613114,-1.0634684328718786,-0.5308145305532522,-0.3168051375343428,-0.8369913991407895,-1.6906216295848977
GTEX-1MUQO,0.3216987953648042,1.412851325289763,-0.2490274894100124,-0.4884489019738811,0.546946359787327,-0.4727891209922674,-2.7723180400283463,0.1729271126904469,-0.1965804839448126,-3.112470178603051,1.5679914964717907,0.4366879596755643,-1.5522864776181842,1.3073477923443682,-0.4366879596755644,-1.3073477923443677,-0.9848956614915162,1.5073326312512036,0.514819675081733,-0.2442333585910436,1.4930045626254098,0.3216987953648042,1.0155724616555522,-0.229884117579232,0.0651532940076319,-0.4936953696832038,-0.1918414273303961,-1.5369552544493164,-0.7916386077433746,-0.6186027229558672,-0.2875974245860253,1.1053298282224615,-1.5369552544493164,1.0968035620935137,-0.5851578873218707,1.4255825774365014,0.4469425897337917,-1.8457049029212595,0.4264790471503241,-0.0558351934681735,-0.3611379974371059,-0.1212095673006743,1.2752342411046045,0.4989554619580166,0.1965804839448126,0.1493701104165828,0.3119190548203253,-0.4469425897337917,0.2251116819514788,-1.9284165128950652,-0.850267731936789,-0.2155820567040673,-0.8636956533670372,1.82074492261502,-0.8044272335589816,-1.5073326312512032,-3.112470178603051,0.0279067194760658,1.1674153587269775,-1.7739779942235536,1.0472360474261069,-1.0716906581760843,-0.2442333585910436
GTEX-1N2DV,-1.6906216295848977,0.5796478267226207,-1.2648170437118496,0.4469425897337917,-1.5522864776181842,0.1634935259298645,-0.8304082942029333,-0.6073792467767407,-2.1501937961635003,-0.107166650845959,0.3710837698778,0.0978166045653749,1.4789766045652544,-2.255232508842998,-0.7540238855634623,1.6006161338119125,-1.0716906581760843,0.6242437292362808,0.3860719086350267,0.201323959635,0.8044272335589819,1.6906216295848986,0.5686800575348554,0.5523552129489121,1.9918985578978008,-0.1165260755991406,0.520136471164208,1.3523845818311528,-0.4315778808977973,-2.026910034791593,-1.5522864776181842,0.0046505330426105,0.0791413141184694,0.977370221692195,-0.7478585947633022,1.3073477923443682,0.8910305119824391,0.2875974245860253,-1.2857916935144202,0.4936953696832036,-1.82074492261502,-1.2244587432783245,0.65275435145221,-2.6016947511653714,-1.140268643894193,0.955118795069792,2.772318040028347,-0.9119765235615476,0.2779170089683694,0.4112482139938643,0.8304082942029329,0.2108246297118815,-0.2155820567040673,0.7114443807664012,-0.2973048669834489,0.7789781621703243,-0.5851578873218707,-0.2394448346237824,0.977370221692195,1.3183573694113604,0.187106675327825,0.381066386264334,1.3073477923443682
GTEX-1N2DW,1.000116412316283,-0.5796478267226205,1.438549182645292,-1.1860019705320748,2.199684129871479,1.7968702837153605,0.32660016939701,3.112470178603064,-0.4469425897337917,0.8173487968777844,-0.5686800575348554,0.2586330669514177,-1.0155724616555522,-1.275234241104605,0.0698144159426549,0.7054672908207708,1.224458743278325,-0.3512278212462601,-0.933330502902325,0.65275435145221,-0.6355858691140569,-1.1053298282224613,0.904950425274544,0.6355858691140571,-1.2244587432783245,-0.6073792467767407,-0.1682084481374103,2.105469450920689,0.6585199505483372,-1.7739779942235536,0.3315094021268154,-0.6017961577614439,-1.6715166841106104,-1.6350392668017106,1.0716906581760843,-0.9405436406054154,2.199684129871479,1.195450804572871,1.6906216295848986,0.884134934875026,-1.6906216295848977,0.3710837698778,-0.220344368026539,-1.7968702837153614,-1.7307972047605154,-0.9698997294331952,-0.1118451385279671,-1.899384692461367,2.105469450920689,1.82074492261502,1.6715166841106104,2.199684129871479,-1.3295291071787323,-0.884134934875026,2.2552325088429965,2.772318040028347,0.0744770551717114,-2.1501937961635003,-1.7739779942235536,1.635039266801711,-1.4517622707385982,1.7307972047605154,0.467595041522105
GTEX-1N2EE,1.2857916935144202,-0.0418668742548895,0.2108246297118815,0.3860719086350267,-0.1918414273303961,0.7980166062079388,1.4930045626254098,-0.1446690574398205,0.2203443680265389,1.635039266801711,-0.5796478267226205,-1.3640820484975271,-1.0634684328718786,0.1682084481374105,1.1674153587269775,-0.9478060492911888,-1.5679914964717907,-1.7307972047605154,1.3640820484975271,1.0392224351527355,0.1540744667957507,-0.664307523893006,-0.7540238855634623,-0.1399711994794718,-0.8569623777792261,0.0978166045653749,-0.4727891209922674,-0.9119765235615476,1.2443845388232115,0.1446690574398205,1.031275009879428,1.1860019705320748,-0.6995152985526998,0.1587822354845152,0.4469425897337917,1.1053298282224615,-0.2060719695833272,-0.9848956614915162,0.0931448373144652,-2.484125224707312,-0.5906857713824718,0.525468011519798,-1.5369552544493164,-0.6299046699224384,-0.8369913991407895,-0.6299046699224384,-0.1871066753278251,0.7852926508502123,-1.5679914964717907,-1.4255825774365014,-0.4011472862273942,1.928416512895066,0.0558351934681737,0.4469425897337917,0.2875974245860253,0.8044272335589819,0.1258957192703828,-2.199684129871477,-0.0744770551717116,-1.1053298282224613,-0.514819675081733,1.0716906581760843,1.0716906581760843
GTEX-1N2EF,1.2146757214668782,0.5042293960498542,1.2648170437118502,-1.4789766045652544,0.6186027229558674,0.2108246297118815,0.1071666508459588,0.2827539046344999,0.2924477009350161,0.3860719086350267,0.6129813329265346,-0.4213912770678052,-1.4517622707385982,1.224458743278325,-0.8979687192568958,-1.5679914964717907,0.2298841175792322,0.2394448346237824,0.3462856993426961,0.3070404075144982,0.4727891209922672,-0.0884751021146149,0.0978166045653749,-0.7234755745418949,-1.1766578532028555,0.1965804839448126,-1.7739779942235536,-1.61758811796741,-0.4264790471503241,-0.0838072954543562,0.4213912770678051,0.9190479335937772,-1.7307972047605154,0.9261656018472316,0.3661063568005698,0.3070404075144982,-0.3070404075144982,-1.3295291071787323,0.2108246297118815,-1.2857916935144202,-0.0093011666671462,1.3183573694113604,0.2108246297118815,0.8636956533670372,0.8173487968777844,-0.0698144159426548,0.2490274894100126,-0.6412876570233803,-0.8979687192568958,-0.4011472862273942,0.5851578873218706,0.546946359787327,-0.3661063568005696,0.5741553087945971,-0.2251116819514788,-0.1871066753278251,-0.1258957192703828,-0.7478585947633022,0.1165260755991407,-0.8569623777792261,0.5095173924720495,-0.9924772957033684,-0.2394448346237824
GTEX-1N5O9,0.7602179716124496,-0.2060719695833272,1.2857916935144202,-0.462413546573279,0.4011472862273944,0.4520875158696414,0.7234755745418949,0.2779170089683694,0.0325593658056133,0.9119765235615476,-0.2013239596350001,0.1118451385279671,-1.438549182645292,0.2060719695833272,0.0791413141184694,-1.2648170437118496,-1.1053298282224613,-0.4061925696666297,0.4366879596755643,1.2146757214668782,-0.1587822354845152,-0.6129813329265346,-0.7916386077433746,-0.2251116819514788,-0.2442333585910436,0.884134934875026,-0.5361762663658064,-0.7726945818405243,0.5686800575348554,0.0372127170621943,0.5415534608499961,0.1399711994794717,0.2108246297118815,-0.1682084481374103,0.3364266374948573,0.0978166045653749,-0.4572444368663248,-0.2538273506747333,1.3640820484975271,-1.6350392668017106,0.0791413141184694,1.7307972047605154,-0.7114443807664012,-0.3961121933896049,-0.4779959870785905,-0.2924477009350161,-0.32660016939701,0.1493701104165828,-1.7968702837153614,-0.5851578873218707,-0.2394448346237824,0.5906857713824718,1.2443845388232115,-0.504229396049854,0.7726945818405243,0.3216987953648042,0.0604935871747794,-0.810871091550414,-0.2730866066364132,0.1540744667957507,-0.5095173924720496,-0.2346617948613114,0.3661063568005698
GTEX-1NHNU,0.1212095673006741,0.3216987953648042,-0.2155820567040673,0.4936953696832036,-0.2538273506747333,0.514819675081733,-0.3860719086350268,-0.0279067194760659,-0.0418668742548895,-0.0372127170621942,0.1634935259298645,0.2924477009350161,-0.6129813329265346,0.2730866066364132,-1.2857916935144202,-0.624243729236281,-0.3760703934941728,0.1965804839448126,0.5042293960498542,0.904950425274544,0.0046505330426105,-0.6355858691140569,-0.3216987953648042,-0.4572444368663248,0.7234755745418949,0.3611379974371059,-1.275234241104605,-1.7968702837153614,-1.0001164123162831,0.0511780111120515,-0.0931448373144652,0.6355858691140571,0.1258957192703828,0.4832158447606152,0.5361762663658064,-0.4469425897337917,0.0978166045653749,0.2251116819514788,0.0139520014707611,-0.5741553087945971,-0.3561785367094661,0.0,0.3119190548203253,-0.2108246297118815,-0.6412876570233803,1.031275009879428,0.6876849397127831,-0.4832158447606152,-0.2973048669834489,-2.1501937961635003,-2.0645981446801454,0.6585199505483372,0.525468011519798,-0.3315094021268153,0.3315094021268154,0.1305846375599525,0.4469425897337917,-1.023392193391521,0.3315094021268154,-0.8704683159405441,-0.0884751021146149,0.2060719695833272,0.65275435145221
GTEX-1NV8Z,0.7980166062079388,-0.1493701104165827,0.2973048669834491,-0.3661063568005696,0.8369913991407895,0.3760703934941728,2.105469450920689,-0.1587822354845152,0.6643075238930058,2.199684129871479,-1.6006161338119125,-1.0883562937618656,-0.107166650845959,1.7739779942235527,0.4163143916073593,-0.962482977182896,0.6935879849651033,-1.4255825774365014,0.9405436406054154,0.9924772957033684,-0.1258957192703828,-2.1501937961635003,0.0651532940076319,-1.61758811796741,-1.6715166841106104,0.8304082942029329,-1.2343603801814165,-2.1501937961635003,0.6355858691140571,1.84570490292126,2.318757970977832,1.0155724616555522,-0.1493701104165827,-0.962482977182896,0.3462856993426961,-1.9284165128950652,-0.0511780111120515,-0.6585199505483369,-0.6299046699224384,-2.199684129871477,1.6175881179674108,0.6935879849651033,-1.275234241104605,1.84570490292126,0.4832158447606152,-0.6876849397127831,-1.0716906581760843,1.2443845388232115,-0.0139520014707611,-0.5906857713824718,-0.6355858691140569,0.4884489019738812,0.6470103701484196,-0.2155820567040673,0.0046505330426105,-0.0698144159426548,0.7664413630494566,-0.5469463597873272,-1.0155724616555522,-0.8173487968777844,-0.520136471164208,0.0511780111120515,0.3021690572528446
GTEX-1O97I,-0.1446690574398205,-0.4163143916073592,0.0511780111120515,1.0155724616555522,0.009301166667146,0.7174469963041701,0.187106675327825,-0.1634935259298645,-0.1258957192703828,0.1165260755991407,-1.9918985578978008,0.7789781621703243,-0.7234755745418949,-0.9478060492911888,0.1118451385279671,0.2875974245860253,0.4366879596755643,-1.7739779942235536,-0.1634935259298645,0.681805760846509,-0.2827539046344998,-1.82074492261502,0.1165260755991407,1.1860019705320748,0.0698144159426549,-0.2586330669514177,1.000116412316283,0.3168051375343427,0.3910871229289391,-0.7602179716124495,-0.2060719695833272,-0.4061925696666297,-0.3413520209215255,-0.2634447638039343,0.5741553087945971,-0.955118795069792,1.7968702837153605,0.4418094672275395,0.8772811433566338,0.7664413630494566,-0.2973048669834489,-0.1587822354845152,-1.6006161338119125,-1.3523845818311535,-1.1139372153566884,-0.1776496307692544,-0.65275435145221,-0.2442333585910436,0.8704683159405441,-0.1399711994794718,-0.7295305620669889,0.8502677319367892,1.031275009879428,-0.0465219385151119,0.1823761141706538,0.3413520209215255,0.8910305119824391,1.1139372153566884,-0.884134934875026,1.0155724616555522,-1.4930045626254098,1.224458743278325,1.0883562937618656
GTEX-1O9I2,0.3611379974371059,-0.6129813329265346,-0.7980166062079388,0.2875974245860253,0.9190479335937772,1.031275009879428,0.7174469963041701,1.0883562937618656,2.6016947511653696,1.412851325289763,-0.596231764610585,-0.1729271126904469,0.7602179716124496,-0.1776496307692544,1.8718707308672449,-0.2490274894100124,0.3860719086350267,-0.3760703934941728,-0.955118795069792,-0.9119765235615476,-0.6701174349839331,-0.2251116819514788,0.2442333585910436,-1.031275009879428,-0.1352764286523604,1.7968702837153605,-0.7114443807664012,0.2875974245860253,0.2108246297118815,-0.2827539046344998,1.7103643678208365,-0.8772811433566338,0.3021690572528446,-1.340869290880347,2.1501937961635003,-0.962482977182896,0.2394448346237824,0.4264790471503241,0.0698144159426549,-0.462413546573279,0.3661063568005698,0.6129813329265346,-0.2442333585910436,0.8502677319367892,-0.4936953696832038,-1.275234241104605,-0.4213912770678052,1.5679914964717907,-0.1587822354845152,-0.1446690574398205,-0.9698997294331952,0.4418094672275395,-0.4264790471503241,-2.0645981446801454,0.5741553087945971,0.6643075238930058,1.0472360474261069,0.2682625678197607,-1.2050075920152503,-0.2538273506747333,-0.7852926508502125,0.8238609817031132,0.977370221692195
GTEX-1OFPY,-0.8369913991407895,1.000116412316283,-0.4675950415221049,0.1024905076914515,-1.6530030581052302,-0.5415534608499959,-1.0001164123162831,-0.7916386077433746,-1.8457049029212595,-1.3073477923443677,0.3070404075144982,1.224458743278325,-0.4989554619580166,-2.3932998646116794,-0.9848956614915162,0.9924772957033684,-0.9190479335937772,0.5095173924720495,0.2538273506747331,0.3119190548203253,0.933330502902325,0.8772811433566338,1.2146757214668782,1.7968702837153605,1.388054028556374,-1.9591709979048224,1.1674153587269775,0.5577802741991821,-0.4572444368663248,-2.7723180400283463,-1.7307972047605154,0.0,-1.2964944386804564,1.5679914964717907,-0.8369913991407895,1.3408692908803477,1.9591709979048224,-0.1729271126904469,-0.2779170089683694,1.4930045626254098,-2.6016947511653714,-1.3183573694113604,1.0472360474261069,-1.6530030581052302,-1.4255825774365014,1.84570490292126,1.7307972047605154,-1.0968035620935137,-0.2108246297118815,0.8569623777792261,-0.7174469963041701,-0.520136471164208,-0.4884489019738811,1.0968035620935137,-0.7234755745418949,0.0325593658056133,-1.388054028556375,-0.7726945818405243,1.438549182645292,-0.0838072954543562,0.6412876570233801,1.3523845818311528,1.9591709979048224
GTEX-1OJC3,-0.4884489019738811,0.8238609817031132,-1.131404276971706,1.0799859809506631,-1.0716906581760843,-1.2443845388232115,-0.6995152985526998,-1.899384692461367,-0.3860719086350268,-0.6876849397127831,0.6299046699224384,-0.5796478267226205,0.5577802741991821,0.884134934875026,0.4989554619580166,-0.2586330669514177,0.955118795069792,0.5577802741991821,1.7519793109683377,0.7980166062079388,0.6995152985526999,-0.2538273506747333,0.0884751021146148,0.462413546573279,-0.3810663862643338,-1.4128513252897623,-0.4675950415221049,0.8772811433566338,0.1965804839448126,0.4264790471503241,-0.2013239596350001,1.5369552544493164,-0.5095173924720496,0.4779959870785905,-0.884134934875026,-0.0698144159426548,-0.5469463597873272,-0.6935879849651033,-1.1139372153566884,-0.1212095673006743,-0.1399711994794718,-1.5522864776181842,0.8173487968777844,0.2779170089683694,-0.0604935871747794,1.465233792685523,0.2875974245860253,1.0472360474261069,-0.884134934875026,1.3640820484975271,0.7174469963041701,-1.195450804572871,-0.0744770551717116,0.6242437292362808,-1.8457049029212595,-1.7739779942235536,-0.7980166062079388,0.6701174349839331,0.3611379974371059,0.023254677171407,0.7602179716124496,0.4779959870785905,-0.4061925696666297
GTEX-1OKEX,-2.10546945092069,0.6242437292362808,-1.5840930675378757,0.7664413630494566,0.3561785367094661,-1.2050075920152503,-0.596231764610585,0.6242437292362808,-1.6530030581052302,-0.9261656018472316,0.4213912770678051,0.6299046699224384,-0.2490274894100124,-0.977370221692195,-1.5840930675378757,1.4255825774365014,-1.1492235271996152,0.381066386264334,0.3710837698778,0.3512278212462599,0.4163143916073593,0.5632218016027939,0.977370221692195,0.525468011519798,1.5073326312512036,0.2586330669514177,0.9405436406054154,0.7664413630494566,-0.2538273506747333,-1.2443845388232115,-1.1226279320577794,0.1823761141706538,-0.4366879596755644,0.810871091550414,-1.1139372153566884,1.2146757214668782,1.2146757214668782,0.8979687192568956,0.7234755745418949,2.199684129871479,-0.8569623777792261,-1.3073477923443677,0.6129813329265346,-2.255232508842998,-1.340869290880347,0.8636956533670372,0.3661063568005698,-1.5522864776181842,1.635039266801711,-0.1587822354845152,-0.904950425274544,-1.5073326312512032,-1.6006161338119125,0.9405436406054154,-0.3561785367094661,0.2924477009350161,-0.4989554619580166,2.4841252247073147,0.525468011519798,1.5369552544493164,0.0651532940076319,1.5679914964717907,1.388054028556374
GTEX-1OZHM,0.525468011519798,-0.7114443807664012,-0.2827539046344998,-0.2973048669834489,-0.5577802741991821,0.9405436406054154,2.1501937961635003,-0.3168051375343428,-0.2730866066364132,2.0645981446801467,-0.6818057608465092,0.6643075238930058,0.467595041522105,1.6530030581052302,1.412851325289763,-0.0232546771714069,0.4112482139938643,-0.4520875158696413,1.6006161338119125,-0.4264790471503241,-0.7726945818405243,-1.275234241104605,-0.2924477009350161,-1.5522864776181842,-1.3183573694113604,-0.5741553087945971,0.5741553087945971,1.0392224351527355,1.0472360474261069,2.6016947511653696,2.199684129871479,1.023392193391522,1.388054028556374,-1.7519793109683373,-0.0093011666671462,-1.0799859809506631,-1.2545353222880942,0.3910871229289391,-2.1501937961635003,-1.6715166841106104,1.9918985578978008,0.3860719086350267,-0.3315094021268153,1.465233792685523,-0.8910305119824391,-0.8238609817031132,-0.7234755745418949,2.1501937961635003,-0.3119190548203253,0.5095173924720495,1.5679914964717907,-0.5796478267226205,2.6016947511653696,-1.1860019705320748,0.8173487968777844,-0.1965804839448126,0.1823761141706538,-0.2013239596350001,-0.955118795069792,0.810871091550414,-1.6006161338119125,-0.0325593658056133,-1.7968702837153614
GTEX-1P4AB,1.1492235271996152,-0.962482977182896,1.3295291071787323,0.0465219385151119,1.1314042769717068,0.9698997294331956,0.2875974245860253,1.2443845388232115,0.0139520014707611,0.2203443680265389,-0.8910305119824391,0.810871091550414,-0.0604935871747794,-0.8979687192568958,-0.2538273506747333,0.3168051375343427,-0.2827539046344998,-0.7114443807664012,-0.7174469963041701,0.5523552129489121,-1.0634684328718786,-1.5369552544493164,-0.9924772957033684,1.7739779942235527,-0.4520875158696413,-1.3183573694113604,-0.3810663862643338,0.1258957192703828,-0.0558351934681735,-0.8772811433566338,0.1165260755991407,-0.7540238855634623,-0.9924772957033684,0.0791413141184694,0.9190479335937772,-0.4779959870785905,0.2730866066364132,0.4727891209922672,0.6073792467767407,1.031275009879428,-1.9591709979048224,0.0325593658056133,-0.5686800575348554,-1.5073326312512032,-1.9918985578978008,0.4572444368663246,0.187106675327825,-0.1305846375599525,0.7114443807664012,1.9591709979048224,-1.1053298282224613,1.224458743278325,1.9918985578978008,-0.596231764610585,1.7968702837153605,1.2752342411046045,0.9405436406054154,-2.6016947511653714,-0.0698144159426548,1.3640820484975271,-1.0472360474261069,0.596231764610585,-0.1682084481374103
GTEX-1PBJJ,-0.6017961577614439,-0.4520875158696413,-0.3413520209215255,0.5415534608499961,1.3759692008680082,-0.0232546771714069,0.6759500545663616,-0.4936953696832038,0.8502677319367892,0.6355858691140571,-0.0884751021146149,-1.031275009879428,-0.4520875158696413,0.681805760846509,-0.6186027229558672,-0.8436109784655275,-0.514819675081733,-1.3640820484975271,0.0186031380810724,-1.7103643678208365,-0.4989554619580166,0.3860719086350267,-1.5073326312512032,0.7356124152439232,-0.1399711994794718,0.8502677319367892,-1.0968035620935137,-1.9284165128950652,-0.4727891209922674,0.6995152985526999,0.6935879849651033,0.2203443680265389,0.1446690574398205,-0.0978166045653749,0.4315778808977973,-1.871870730867245,0.4418094672275395,-0.5469463597873272,0.3070404075144982,0.4418094672275395,0.2779170089683694,-0.32660016939701,-1.2244587432783245,0.7664413630494566,0.904950425274544,-0.3364266374948575,0.4884489019738812,-0.3119190548203253,0.1587822354845152,1.3183573694113604,0.2779170089683694,0.2586330669514177,-0.5523552129489121,-1.2146757214668782,0.0558351934681737,-0.0511780111120515,0.3119190548203253,1.5840930675378757,-0.6129813329265346,0.1212095673006741,0.2634447638039344,-1.031275009879428,0.0372127170621943
GTEX-1PDJ9,-0.7540238855634623,1.5073326312512036,-0.520136471164208,1.7968702837153605,-1.4003450431366584,-0.8569623777792261,-0.8569623777792261,-2.7723180400283463,-0.6412876570233803,-1.1492235271996152,0.7417216005233305,-1.2443845388232115,-0.7478585947633022,-0.0651532940076319,-0.6129813329265346,-1.0634684328718786,0.0465219385151119,0.546946359787327,0.4884489019738812,-0.3810663862643338,1.3183573694113604,0.1399711994794717,0.3860719086350267,1.3408692908803477,0.8772811433566338,-2.3187579709778325,-0.0931448373144652,-0.5906857713824718,0.1305846375599525,1.000116412316283,-1.0634684328718786,0.0698144159426549,-0.904950425274544,0.7295305620669889,-0.32660016939701,0.933330502902325,-0.955118795069792,-0.7980166062079388,-0.4366879596755644,1.2146757214668782,-0.3760703934941728,-2.7723180400283463,1.2545353222880942,-0.5308145305532522,-0.1212095673006743,1.7739779942235527,0.8704683159405441,-0.2538273506747333,0.7916386077433746,0.2346617948613113,-0.5906857713824718,-0.3413520209215255,1.3759692008680082,0.1587822354845152,-1.0716906581760843,-1.4003450431366584,-0.0558351934681735,1.1226279320577794,1.2050075920152503,0.2924477009350161,0.8304082942029329,-1.1582715276653734,-1.2857916935144202
GTEX-1PFEY,-0.6759500545663616,1.0634684328718786,-0.2973048669834489,0.3168051375343427,-0.6073792467767407,-1.2648170437118496,-2.255232508842998,0.0,-2.484125224707312,-2.484125224707312,1.0155724616555522,1.635039266801711,0.0838072954543562,-0.4572444368663248,-1.031275009879428,1.388054028556374,0.6242437292362808,1.1314042769717068,0.2251116819514788,-0.7664413630494566,0.7054672908207708,0.6186027229558674,0.3710837698778,0.7916386077433746,1.1139372153566884,-1.61758811796741,1.5522864776181842,1.023392193391522,-0.7417216005233308,-0.9405436406054154,-3.112470178603051,0.0884751021146148,-0.2490274894100124,0.1634935259298645,-3.112470178603051,0.0046505330426105,-0.2251116819514788,0.9478060492911886,1.031275009879428,0.9478060492911886,-0.7602179716124495,-0.7478585947633022,1.3523845818311528,-0.7540238855634623,0.5851578873218706,0.546946359787327,0.8436109784655275,-1.388054028556375,1.2964944386804569,0.3710837698778,-0.6129813329265346,-0.6935879849651033,-0.7916386077433746,-0.2346617948613114,-0.2490274894100124,0.0744770551717114,-2.6016947511653714,0.7054672908207708,0.6935879849651033,1.2752342411046045,0.6935879849651033,-0.7295305620669889,-1.899384692461367
GTEX-1PIGE,-0.9924772957033684,0.9190479335937772,-0.5523552129489121,1.438549182645292,-0.3216987953648042,-0.5686800575348554,-0.1918414273303961,-0.6995152985526998,-1.2964944386804564,-0.5361762663658064,0.6470103701484196,-0.0372127170621942,-0.1587822354845152,-0.0931448373144652,-0.810871091550414,-0.1729271126904469,-0.596231764610585,0.6299046699224384,0.9190479335937772,-0.1305846375599525,0.7789781621703243,0.0465219385151119,1.3295291071787323,0.2827539046344999,1.400345043136658,-0.4112482139938643,-0.4213912770678052,0.3910871229289391,-0.4989554619580166,-0.1871066753278251,-0.6759500545663616,0.7789781621703243,-0.5469463597873272,0.3216987953648042,-0.8772811433566338,-0.3710837698778002,0.4061925696666297,-0.3364266374948575,-0.0372127170621942,0.7789781621703243,-1.2857916935144202,-1.2545353222880942,1.0078143423127026,-0.9848956614915162,-0.3710837698778002,1.9918985578978008,0.65275435145221,-0.5415534608499959,0.1305846375599525,0.7417216005233305,-0.3216987953648042,-0.3364266374948575,-0.32660016939701,0.1776496307692544,-0.9405436406054154,-1.2244587432783245,-0.6935879849651033,1.0968035620935137,1.2752342411046045,-0.0418668742548895,0.525468011519798,0.3710837698778,-0.8569623777792261
GTEX-1PIIG,0.962482977182896,-1.4930045626254098,0.681805760846509,-0.1258957192703828,-0.6701174349839331,0.6876849397127831,2.318757970977832,-0.1729271126904469,1.1582715276653734,2.0269100347915936,-1.4003450431366584,0.6585199505483372,-0.0046505330426104,1.4517622707385982,0.4061925696666297,-1.61758811796741,0.7540238855634623,-1.2050075920152503,-0.1823761141706537,-0.0046505330426104,-1.7103643678208365,-0.624243729236281,-0.0604935871747794,-0.8044272335589816,-1.023392193391521,0.3070404075144982,-1.0155724616555522,-1.4517622707385982,0.0838072954543562,1.899384692461367,1.9591709979048224,0.1212095673006741,0.2875974245860253,-0.6759500545663616,0.8238609817031132,-1.7307972047605154,-0.9848956614915162,-0.6876849397127831,0.8502677319367892,-1.9591709979048224,1.3640820484975271,0.5308145305532521,-1.0716906581760843,2.199684129871479,1.6906216295848986,-0.7295305620669889,-1.438549182645292,0.7356124152439232,-0.8369913991407895,0.4572444368663246,-0.2875974245860253,0.2973048669834491,0.0978166045653749,-0.9478060492911888,-0.0978166045653749,0.1212095673006741,0.681805760846509,-0.3070404075144982,-0.4572444368663248,0.3021690572528446,-0.2973048669834489,0.3760703934941728,-0.1634935259298645
GTEX-1PPGY,-1.4255825774365014,-0.5254680115197978,-1.4003450431366584,0.9478060492911886,-1.2343603801814165,-0.4936953696832038,0.8636956533670372,-1.82074492261502,1.7519793109683377,1.7103643678208365,-0.1352764286523604,0.8772811433566338,-1.2443845388232115,1.465233792685523,2.199684129871479,0.0418668742548894,-2.0645981446801454,-0.2924477009350161,1.000116412316283,-0.4675950415221049,0.2827539046344999,-1.0634684328718786,-0.6818057608465092,-1.0968035620935137,-1.131404276971706,-0.0651532940076319,0.8436109784655275,0.7916386077433746,2.3932998646116808,1.0553174817566977,1.7968702837153605,1.2545353222880942,0.1729271126904469,-0.220344368026539,1.000116412316283,0.5415534608499961,-1.1492235271996152,-0.1540744667957508,-1.5522864776181842,-1.465233792685523,1.4255825774365014,-0.8910305119824391,-0.1305846375599525,1.3183573694113604,-0.2682625678197609,-0.2394448346237824,-0.3810663862643338,2.2552325088429965,-1.2244587432783245,0.1682084481374105,-0.0978166045653749,-1.167415358726977,0.1165260755991407,0.7295305620669889,-1.5219770060190867,-1.0078143423127026,1.1766578532028555,0.4315778808977973,-0.810871091550414,0.462413546573279,0.2394448346237824,0.2634447638039344,0.0558351934681737
GTEX-1PPH7,-0.4366879596755644,-0.5686800575348554,0.2298841175792322,0.1729271126904469,-1.4517622707385982,-0.5632218016027938,1.1674153587269775,-0.3216987953648042,0.7234755745418949,1.1860019705320748,-0.5577802741991821,0.2634447638039344,1.1860019705320748,0.8772811433566338,0.904950425274544,0.7114443807664012,-0.5577802741991821,-0.3413520209215255,-0.9190479335937772,-1.1860019705320748,-0.624243729236281,0.4112482139938643,-2.1501937961635003,-0.5254680115197978,-0.6759500545663616,0.7478585947633022,0.6073792467767407,0.3961121933896049,0.6412876570233801,2.0269100347915936,1.400345043136658,-1.031275009879428,1.5522864776181842,-0.8772811433566338,-0.3512278212462601,-0.3661063568005696,-0.7417216005233308,0.4572444368663246,-0.5632218016027938,-0.6585199505483369,1.438549182645292,0.009301166667146,-0.2108246297118815,1.82074492261502,0.9848956614915162,-2.026910034791593,-0.624243729236281,1.3295291071787323,-1.4255825774365014,2.0269100347915936,0.8502677319367892,0.2538273506747331,0.8502677319367892,-1.5369552544493164,0.4469425897337917,0.520136471164208,0.0838072954543562,-0.6299046699224384,-1.4128513252897623,0.7852926508502123,-0.5523552129489121,0.5741553087945971,0.3611379974371059
GTEX-1PPH8,-0.2108246297118815,1.1674153587269775,0.2538273506747331,-0.962482977182896,-0.4936953696832038,-1.1582715276653734,-0.2827539046344998,-0.3315094021268153,-0.8173487968777844,-0.624243729236281,1.1766578532028555,0.4469425897337917,0.2060719695833272,0.5415534608499961,-1.4255825774365014,1.3759692008680082,0.2827539046344999,1.1053298282224615,0.2346617948613113,-0.664307523893006,0.810871091550414,0.3462856993426961,-0.4936953696832038,0.2394448346237824,0.3910871229289391,-1.031275009879428,1.3408692908803477,-0.6701174349839331,-1.3523845818311535,-0.2730866066364132,-1.0716906581760843,0.5415534608499961,0.1918414273303961,1.1053298282224615,-0.9405436406054154,0.0651532940076319,-1.1860019705320748,1.0078143423127026,-0.4520875158696413,0.9261656018472316,-0.7478585947633022,-0.0884751021146149,0.955118795069792,0.462413546573279,0.1024905076914515,-0.1399711994794718,0.4213912770678051,-0.7417216005233308,0.3710837698778,-0.0931448373144652,-0.3561785367094661,-0.624243729236281,-0.6017961577614439,1.031275009879428,-0.4520875158696413,-0.8369913991407895,-0.7478585947633022,-0.2730866066364132,0.4061925696666297,0.6242437292362808,0.9698997294331956,0.1918414273303961,-0.962482977182896
GTEX-1PWST,1.3295291071787323,-0.1305846375599525,-1.7519793109683373,-1.2648170437118496,1.3295291071787323,3.112470178603064,-0.4163143916073592,2.772318040028347,-0.1682084481374103,-0.7356124152439232,-0.6876849397127831,2.105469450920689,0.0651532940076319,-1.7307972047605154,-0.3021690572528447,3.112470178603064,-0.6299046699224384,-0.4572444368663248,-0.7789781621703243,0.3860719086350267,0.2924477009350161,-0.6412876570233803,3.112470178603064,-0.8238609817031132,0.0604935871747794,-0.0232546771714069,1.928416512895066,1.8718707308672449,0.2394448346237824,-1.9918985578978008,-1.2443845388232115,-0.6470103701484196,-0.4832158447606152,1.8718707308672449,-0.5361762663658064,1.388054028556374,1.4789766045652544,2.4841252247073147,-2.7723180400283463,0.3760703934941728,-1.7968702837153614,-0.4884489019738811,-0.3364266374948575,-1.9284165128950652,-2.1501937961635003,1.6530030581052302,1.0392224351527355,-2.0645981446801454,2.1501937961635003,0.4418094672275395,-1.9918985578978008,-1.131404276971706,-1.7968702837153614,2.199684129871479,1.7307972047605154,2.3932998646116808,-0.2634447638039343,-2.3187579709778325,1.3183573694113604,2.105469450920689,-0.6412876570233803,0.7852926508502123,0.6242437292362808
GTEX-1QAET,-1.0883562937618656,-0.3710837698778002,-0.7540238855634623,0.462413546573279,0.4213912770678051,0.0511780111120515,-0.8436109784655275,-0.0139520014707611,-0.4366879596755644,-1.6906216295848977,-1.7103643678208365,1.7519793109683377,0.4061925696666297,-3.112470178603051,-0.4418094672275395,1.7103643678208365,-0.0651532940076319,-1.5073326312512032,-2.10546945092069,-0.2490274894100124,-0.2490274894100124,0.6355858691140571,0.4163143916073593,1.388054028556374,1.8718707308672449,0.0418668742548894,1.635039266801711,1.0799859809506631,-0.1682084481374103,-0.933330502902325,-2.3187579709778325,-2.3187579709778325,0.9119765235615476,-0.0093011666671462,0.1071666508459588,-0.346285699342696,0.9405436406054154,1.5369552544493164,0.2973048669834491,1.8718707308672449,-2.255232508842998,-0.962482977182896,-1.388054028556375,-1.5679914964717907,-1.3295291071787323,1.1860019705320748,1.4255825774365014,-0.8173487968777844,1.7103643678208365,1.4255825774365014,-0.520136471164208,-1.0968035620935137,0.2490274894100126,-0.1587822354845152,-0.0465219385151119,1.6175881179674108,0.3364266374948573,1.1402686438941925,0.810871091550414,1.6715166841106104,-0.1634935259298645,1.4517622707385982,0.1493701104165828
GTEX-1QCLY,-2.199684129871477,0.3860719086350267,-1.6906216295848977,0.3910871229289391,-0.9698997294331952,-2.255232508842998,0.0791413141184694,0.7602179716124496,-0.5906857713824718,-0.0511780111120515,0.7664413630494566,1.438549182645292,-0.0838072954543562,-0.2538273506747333,0.462413546573279,1.521977006019087,-1.2545353222880942,1.2648170437118502,1.0968035620935137,-1.3640820484975271,0.8238609817031132,1.0472360474261069,-0.7602179716124495,-0.5632218016027938,1.4517622707385982,-0.1634935259298645,1.5369552544493164,1.1402686438941925,0.9698997294331956,-0.9848956614915162,-0.3810663862643338,0.3315094021268154,1.2443845388232115,-1.7307972047605154,-1.2244587432783245,1.1674153587269775,-0.6470103701484196,1.5522864776181842,-0.2013239596350001,0.187106675327825,-0.0884751021146149,-1.871870730867245,1.1402686438941925,-1.1766578532028555,-0.4163143916073592,-1.023392193391521,0.810871091550414,-0.1587822354845152,0.596231764610585,0.8173487968777844,-0.9848956614915162,-2.255232508842998,-1.438549182645292,-0.5361762663658064,-0.962482977182896,0.5906857713824718,-0.6701174349839331,1.4789766045652544,0.3760703934941728,1.6175881179674108,0.4884489019738812,-0.3315094021268153,-1.3759692008680076
GTEX-1QL29,-2.1501937961635003,0.0558351934681737,-2.1501937961635003,0.7916386077433746,-0.5308145305532522,0.4418094672275395,-0.6818057608465092,-0.5308145305532522,0.8173487968777844,-1.0001164123162831,-0.0838072954543562,0.4832158447606152,-0.7540238855634623,-1.6715166841106104,-0.2586330669514177,1.2146757214668782,-1.82074492261502,-0.8369913991407895,-0.4936953696832038,-0.5686800575348554,0.525468011519798,0.6935879849651033,1.7739779942235527,-0.504229396049854,2.105469450920689,0.6186027229558674,1.412851325289763,0.7980166062079388,0.3364266374948573,-1.388054028556375,-1.438549182645292,-0.0744770551717116,0.7234755745418949,1.5840930675378757,1.7519793109683377,0.6412876570233801,1.0078143423127026,1.6175881179674108,-0.1258957192703828,1.1139372153566884,-1.1053298282224613,-1.3523845818311535,-0.2875974245860253,-1.275234241104605,-2.10546945092069,1.899384692461367,0.1493701104165828,-0.7980166062079388,1.023392193391522,-0.2013239596350001,-0.962482977182896,-1.3640820484975271,-1.023392193391521,1.4255825774365014,-0.5095173924720496,0.1024905076914515,1.1860019705320748,1.521977006019087,0.9190479335937772,0.5361762663658064,0.6299046699224384,1.7968702837153605,1.6715166841106104
GTEX-1QP29,-0.3910871229289391,0.1352764286523606,-0.0931448373144652,1.521977006019087,-0.6412876570233803,0.1399711994794717,0.1965804839448126,0.1823761141706538,0.2490274894100126,0.2108246297118815,0.2730866066364132,-1.4930045626254098,-0.0884751021146149,0.7852926508502123,0.3168051375343427,0.7789781621703243,-3.112470178603051,0.3216987953648042,1.1402686438941925,-2.10546945092069,0.6643075238930058,-0.5906857713824718,-0.8369913991407895,0.0791413141184694,-0.2875974245860253,-0.3760703934941728,-0.2779170089683694,-0.7234755745418949,1.2545353222880942,0.6585199505483372,0.2203443680265389,1.0078143423127026,-0.9261656018472316,0.0,0.6129813329265346,0.6129813329265346,-1.340869290880347,-0.7174469963041701,-1.3759692008680076,-0.3070404075144982,0.3216987953648042,-0.7295305620669889,0.4163143916073593,0.0372127170621943,-1.1053298282224613,0.977370221692195,-0.3070404075144982,0.65275435145221,-2.3187579709778325,-1.5369552544493164,-0.7916386077433746,-0.0511780111120515,1.195450804572871,-0.3070404075144982,0.904950425274544,-0.1634935259298645,0.962482977182896,-0.5254680115197978,0.1446690574398205,-0.4315778808977973,0.3364266374948573,0.3561785367094661,-0.2538273506747333
GTEX-1QP2A,-0.3710837698778002,0.0186031380810724,0.2346617948613113,-0.0791413141184694,0.525468011519798,-0.664307523893006,-0.1587822354845152,-0.0931448373144652,-0.904950425274544,-0.0139520014707611,1.2050075920152503,0.5361762663658064,-0.6470103701484196,1.521977006019087,-0.7852926508502125,-0.6412876570233803,-0.5523552129489121,1.438549182645292,2.2552325088429965,2.2552325088429965,0.7852926508502123,0.0511780111120515,-0.4061925696666297,-0.624243729236281,0.023254677171407,0.3216987953648042,-0.9478060492911888,-1.4789766045652544,-0.6073792467767407,0.2108246297118815,-0.1918414273303961,1.7968702837153605,-0.0698144159426548,-0.3860719086350268,-1.7103643678208365,0.2298841175792322,0.381066386264334,0.3561785367094661,0.1729271126904469,-1.61758811796741,0.32660016939701,0.1071666508459588,0.933330502902325,0.9698997294331956,1.388054028556374,-0.5851578873218707,-0.4469425897337917,-0.6935879849651033,-1.131404276971706,-0.1918414273303961,-0.3860719086350268,0.2490274894100126,-0.933330502902325,-0.7356124152439232,-0.0093011666671462,-0.4884489019738811,-1.9918985578978008,0.1729271126904469,0.4418094672275395,-1.275234241104605,0.7852926508502123,-0.596231764610585,-0.6701174349839331
GTEX-1QP6S,-0.5577802741991821,-0.1399711994794718,-0.3364266374948575,1.1226279320577794,0.023254677171407,-0.8910305119824391,1.3408692908803477,-0.9190479335937772,1.465233792685523,1.195450804572871,-1.0634684328718786,0.6995152985526999,-0.4418094672275395,-0.0139520014707611,1.0553174817566977,-0.520136471164208,-1.3073477923443677,-1.4517622707385982,0.6995152985526999,-0.5469463597873272,0.0139520014707611,-0.904950425274544,-1.2964944386804564,0.0325593658056133,-0.2013239596350001,0.2730866066364132,-0.5415534608499959,-1.3183573694113604,0.7417216005233305,0.5361762663658064,1.000116412316283,-0.0791413141184694,-0.5851578873218707,-0.5415534608499959,1.1053298282224615,-0.596231764610585,-0.1212095673006743,-0.0558351934681735,0.2634447638039344,0.1258957192703828,0.1212095673006741,-0.0838072954543562,-0.1212095673006743,0.0,-0.4213912770678052,-0.5308145305532522,-0.2060719695833272,1.2752342411046045,-1.6906216295848977,0.5851578873218706,-2.026910034791593,0.467595041522105,0.3760703934941728,-0.850267731936789,-0.4884489019738811,-0.9190479335937772,1.7739779942235527,-0.4366879596755644,-0.7664413630494566,-0.0232546771714069,-0.4884489019738811,1.0553174817566977,1.0392224351527355
GTEX-1R7EU,-2.255232508842998,0.1446690574398205,-0.3512278212462601,1.6006161338119125,-0.2973048669834489,-1.3640820484975271,-1.023392193391521,-0.8636956533670372,-1.0634684328718786,-1.3295291071787323,-0.8569623777792261,1.6906216295848986,1.3523845818311528,-2.484125224707312,-0.4936953696832038,1.1492235271996152,-1.4517622707385982,-0.0511780111120515,0.023254677171407,-0.4011472862273942,0.3910871229289391,0.546946359787327,-0.65275435145221,1.5073326312512036,1.412851325289763,-0.3910871229289391,1.1053298282224615,1.2648170437118502,-0.3021690572528447,0.3168051375343427,-1.7519793109683373,-0.5796478267226205,0.7540238855634623,-0.0744770551717116,-0.9924772957033684,1.3640820484975271,0.7916386077433746,0.7356124152439232,-0.3961121933896049,2.0645981446801467,-0.962482977182896,-1.0968035620935137,0.1729271126904469,-1.871870730867245,-0.6470103701484196,-0.220344368026539,1.2050075920152503,-0.229884117579232,1.5073326312512036,2.3932998646116808,0.0884751021146148,0.0698144159426549,1.0078143423127026,1.1766578532028555,-0.4418094672275395,-1.6530030581052302,-1.0001164123162831,0.5796478267226207,-0.3810663862643338,1.7739779942235527,-0.8369913991407895,0.6355858691140571,0.5741553087945971
GTEX-1R9K4,2.3932998646116808,0.0,0.0651532940076319,-1.131404276971706,1.2857916935144202,2.2552325088429965,-0.5308145305532522,2.318757970977832,1.3073477923443682,0.2538273506747331,-0.5254680115197978,-0.3961121933896049,0.187106675327825,-0.8173487968777844,2.0269100347915936,0.3021690572528446,0.7664413630494566,-0.6470103701484196,-0.229884117579232,1.521977006019087,-0.955118795069792,-1.5073326312512032,1.5073326312512036,-1.899384692461367,-1.140268643894193,1.4789766045652544,-1.7519793109683373,0.8238609817031132,2.318757970977832,-1.6350392668017106,0.7114443807664012,-0.220344368026539,-1.82074492261502,0.2634447638039344,1.635039266801711,-0.520136471164208,0.962482977182896,0.2155820567040674,0.4779959870785905,-1.8457049029212595,-0.8636956533670372,1.6715166841106104,-0.1399711994794718,-0.3413520209215255,-1.4003450431366584,0.9119765235615476,-0.8772811433566338,0.5686800575348554,1.400345043136658,-0.3760703934941728,1.2443845388232115,0.2875974245860253,-0.3216987953648042,0.6935879849651033,1.4255825774365014,1.7739779942235527,1.1139372153566884,-2.0645981446801454,0.0884751021146148,-0.7234755745418949,-1.871870730867245,1.195450804572871,0.7356124152439232
GTEX-1R9K5,-0.5254680115197978,0.4572444368663246,-0.3021690572528447,0.8304082942029329,0.2490274894100126,-1.0553174817566977,-1.195450804572871,0.0931448373144652,-0.6355858691140569,-0.962482977182896,-0.0931448373144652,0.7234755745418949,-0.1399711994794718,-2.0645981446801454,-1.0968035620935137,0.5796478267226207,-0.6701174349839331,0.201323959635,-0.2013239596350001,-0.3961121933896049,0.3168051375343427,0.7789781621703243,-0.7417216005233308,1.3523845818311528,1.4789766045652544,0.4520875158696414,0.525468011519798,0.0465219385151119,-0.6935879849651033,-0.9698997294331952,-0.5523552129489121,-0.4163143916073592,0.1587822354845152,0.5523552129489121,-0.2538273506747333,-0.1399711994794718,1.2964944386804569,0.6643075238930058,1.465233792685523,1.7739779942235527,-1.5840930675378757,-0.7789781621703243,0.3216987953648042,-1.388054028556375,-0.596231764610585,0.3119190548203253,1.1674153587269775,-0.8636956533670372,0.1258957192703828,-0.5254680115197978,-0.3364266374948575,0.4366879596755643,-0.220344368026539,0.1634935259298645,0.2394448346237824,0.4572444368663246,-1.0799859809506631,1.635039266801711,-0.1399711994794718,0.4264790471503241,-0.0978166045653749,0.3961121933896049,0.9698997294331956
GTEX-1RAZA,-0.7980166062079388,-0.0651532940076319,-1.3759692008680076,-0.9405436406054154,0.3760703934941728,0.201323959635,-0.0931448373144652,-0.514819675081733,-1.4128513252897623,-0.3860719086350268,0.7980166062079388,2.2552325088429965,0.8173487968777844,0.4779959870785905,-1.61758811796741,1.6906216295848986,1.6175881179674108,0.5415534608499961,0.7114443807664012,-0.8304082942029333,0.1118451385279671,0.4884489019738812,1.2648170437118502,1.224458743278325,-0.7540238855634623,-0.9848956614915162,2.0645981446801467,1.7968702837153605,-0.8772811433566338,-0.3315094021268153,-0.7174469963041701,1.2857916935144202,1.2752342411046045,0.3070404075144982,-0.7916386077433746,-0.0838072954543562,-1.2443845388232115,0.9698997294331956,-0.8636956533670372,1.899384692461367,-0.7114443807664012,-1.4003450431366584,0.0372127170621943,-0.3364266374948575,-0.3168051375343428,-0.5906857713824718,-0.3512278212462601,-1.6350392668017106,1.5522864776181842,2.772318040028347,0.810871091550414,-1.1139372153566884,-1.1582715276653734,0.1965804839448126,-0.8436109784655275,-0.5361762663658064,-0.5632218016027938,1.195450804572871,0.4366879596755643,1.6006161338119125,0.6585199505483372,-1.131404276971706,-1.6006161338119125
GTEX-1RAZQ,-2.484125224707312,0.7852926508502123,-1.275234241104605,2.318757970977832,-0.8704683159405441,-0.6995152985526998,-0.2108246297118815,-1.0799859809506631,-0.2538273506747333,-0.2730866066364132,0.65275435145221,-1.0799859809506631,-0.5632218016027938,-0.2108246297118815,-0.5308145305532522,-0.0978166045653749,-0.9261656018472316,0.681805760846509,0.5632218016027939,0.4989554619580166,0.5042293960498542,0.2875974245860253,-0.0232546771714069,0.9924772957033684,0.3710837698778,-1.0472360474261069,-0.4572444368663248,0.1446690574398205,0.1071666508459588,0.023254677171407,-0.5686800575348554,0.3710837698778,-0.4469425897337917,0.8910305119824391,0.1823761141706538,0.1729271126904469,0.0558351934681737,-0.2013239596350001,-0.6470103701484196,0.467595041522105,-0.0978166045653749,-2.6016947511653714,0.6585199505483372,-0.5523552129489121,-0.1024905076914514,1.5369552544493164,0.2060719695833272,-0.3216987953648042,-0.5906857713824718,-1.1860019705320748,-0.8704683159405441,-0.9119765235615476,-0.7664413630494566,0.681805760846509,-1.5073326312512032,-0.8636956533670372,0.65275435145221,1.6006161338119125,0.7852926508502123,0.681805760846509,1.2545353222880942,0.7054672908207708,0.7852926508502123
GTEX-1RAZR,1.0553174817566977,-0.0511780111120515,0.1965804839448126,-0.904950425274544,1.4789766045652544,0.9261656018472316,0.8502677319367892,0.5577802741991821,0.8238609817031132,1.388054028556374,0.546946359787327,-1.0553174817566977,-0.9848956614915162,1.5840930675378757,-0.2730866066364132,-2.7723180400283463,0.933330502902325,0.1587822354845152,0.955118795069792,-0.7916386077433746,-0.5308145305532522,0.0791413141184694,1.4789766045652544,0.5632218016027939,-0.8910305119824391,-0.0372127170621942,-1.9284165128950652,-0.6995152985526998,-0.5523552129489121,-0.7174469963041701,1.1674153587269775,1.5522864776181842,-1.6006161338119125,0.6129813329265346,0.904950425274544,-1.438549182645292,0.2251116819514788,-1.6530030581052302,0.0372127170621943,0.1493701104165828,-0.1729271126904469,0.0884751021146148,-0.6585199505483369,1.3523845818311528,1.7103643678208365,0.2108246297118815,0.2203443680265389,-0.5308145305532522,0.0418668742548894,-1.1766578532028555,0.4520875158696414,-0.3611379974371059,-1.4789766045652544,-1.0799859809506631,-0.2442333585910436,-0.810871091550414,0.0978166045653749,0.8569623777792261,0.0978166045653749,-1.340869290880347,0.8979687192568956,-0.0791413141184694,-0.4832158447606152
GTEX-1RAZS,0.5686800575348554,-1.2443845388232115,1.6906216295848986,-0.0978166045653749,0.8979687192568956,1.3408692908803477,1.2964944386804569,0.4011472862273944,0.1071666508459588,1.3073477923443682,-1.167415358726977,0.546946359787327,-0.8044272335589816,-0.7664413630494566,0.7356124152439232,0.0,0.5741553087945971,-1.023392193391521,0.1212095673006741,0.1024905076914515,-1.4128513252897623,-1.7968702837153614,0.201323959635,-0.1729271126904469,-0.2634447638039343,-0.0791413141184694,0.2634447638039344,0.1352764286523606,0.2442333585910436,0.8173487968777844,0.514819675081733,-0.5308145305532522,1.465233792685523,-1.465233792685523,0.8502677319367892,-1.1053298282224613,-1.0799859809506631,1.023392193391522,0.6995152985526999,-0.5686800575348554,0.7295305620669889,0.6643075238930058,-0.8772811433566338,-0.504229396049854,0.4061925696666297,-1.0553174817566977,-1.2244587432783245,0.4011472862273944,0.3462856993426961,0.2060719695833272,-0.32660016939701,0.3216987953648042,1.7968702837153605,-1.0553174817566977,1.000116412316283,0.7054672908207708,0.5095173924720495,0.0139520014707611,-0.8979687192568958,0.8636956533670372,-2.199684129871477,0.8436109784655275,-2.026910034791593
GTEX-1RNSC,0.6129813329265346,-0.4884489019738811,1.9918985578978008,-1.1226279320577794,2.0645981446801467,1.4255825774365014,-0.0744770551717116,1.5369552544493164,-0.3710837698778002,-0.0931448373144652,-0.4727891209922674,1.388054028556374,0.1634935259298645,-1.438549182645292,-0.6299046699224384,0.5415534608499961,1.84570490292126,-0.2538273506747333,-0.8304082942029333,0.3561785367094661,-0.5415534608499959,0.0279067194760658,0.1071666508459588,1.9918985578978008,-0.0372127170621942,-0.0698144159426548,1.3523845818311528,1.6906216295848986,-1.438549182645292,-1.1492235271996152,-0.977370221692195,-0.962482977182896,0.9698997294331956,-1.2050075920152503,0.1540744667957507,-0.8238609817031132,-0.3760703934941728,2.318757970977832,1.400345043136658,1.5073326312512036,-1.6006161338119125,1.1139372153566884,-0.0744770551717116,-1.2050075920152503,-0.0279067194760659,-0.4884489019738811,0.4832158447606152,-1.1860019705320748,2.0269100347915936,0.5906857713824718,1.3295291071787323,-0.0279067194760659,0.8436109784655275,-1.82074492261502,1.8718707308672449,1.7968702837153605,-0.2346617948613114,-0.3119190548203253,-1.3073477923443677,1.2443845388232115,-1.2648170437118496,0.65275435145221,-1.8457049029212595
GTEX-1RQED,-0.2490274894100124,-0.4264790471503241,3.112470178603064,1.1402686438941925,2.3932998646116808,-0.8636956533670372,-0.1493701104165827,1.2857916935144202,-1.4789766045652544,-0.462413546573279,-0.3961121933896049,0.0279067194760658,1.5369552544493164,-1.340869290880347,-1.9918985578978008,-1.0883562937618656,2.2552325088429965,-0.2060719695833272,-0.7417216005233308,-0.977370221692195,-0.4572444368663248,-0.1871066753278251,-0.6935879849651033,-0.0511780111120515,0.4989554619580166,2.4841252247073147,-0.0139520014707611,1.0883562937618656,-1.5369552544493164,1.6006161338119125,-0.8436109784655275,-1.0799859809506631,2.105469450920689,-1.3759692008680076,-0.977370221692195,-0.7295305620669889,1.4517622707385982,1.1674153587269775,2.6016947511653696,-0.8369913991407895,1.928416512895066,3.112470178603064,-0.0186031380810724,-0.0372127170621942,2.772318040028347,-1.6906216295848977,-0.2155820567040673,-0.8704683159405441,0.9190479335937772,0.884134934875026,2.6016947511653696,2.6016947511653696,1.4930045626254098,-1.6715166841106104,1.6175881179674108,1.1582715276653734,-0.6412876570233803,2.1501937961635003,-1.4517622707385982,-0.504229396049854,-0.7114443807664012,-1.2964944386804564,0.2875974245860253
GTEX-1S5VW,1.5522864776181842,-0.1118451385279671,-0.0186031380810724,0.0698144159426549,-0.4061925696666297,0.4315778808977973,0.9924772957033684,0.009301166667146,-0.1118451385279671,1.84570490292126,-1.3640820484975271,-0.4418094672275395,-2.6016947511653714,0.1305846375599525,1.82074492261502,-1.140268643894193,-0.3710837698778002,-0.2108246297118815,1.388054028556374,0.467595041522105,0.1493701104165828,-1.9591709979048224,0.2827539046344999,-1.5219770060190867,-0.6355858691140569,-1.0155724616555522,-0.6470103701484196,1.000116412316283,3.112470178603064,-0.7664413630494566,1.4789766045652544,1.3183573694113604,-1.6530030581052302,-0.0791413141184694,0.1729271126904469,1.0078143423127026,1.2857916935144202,-1.0799859809506631,0.2298841175792322,-0.6299046699224384,-1.1582715276653734,-0.4469425897337917,-0.5523552129489121,-0.955118795069792,-1.438549182645292,-0.0511780111120515,-1.4003450431366584,0.8502677319367892,-0.7234755745418949,-0.9848956614915162,-0.2108246297118815,1.899384692461367,0.9261656018472316,0.65275435145221,0.6701174349839331,1.1492235271996152,0.2924477009350161,-1.4517622707385982,-0.229884117579232,0.9848956614915162,-1.0392224351527355,1.5073326312512036,0.5632218016027939
GTEX-1S5ZA,-0.1165260755991406,1.465233792685523,-0.0744770551717116,-0.1587822354845152,-0.2779170089683694,-0.462413546573279,-0.7295305620669889,-0.2060719695833272,-0.933330502902325,-1.0716906581760843,0.933330502902325,-0.6412876570233803,0.9848956614915162,0.5796478267226207,-1.8457049029212595,-0.4989554619580166,1.3408692908803477,0.933330502902325,1.2752342411046045,-1.3183573694113604,0.32660016939701,0.8704683159405441,0.7478585947633022,0.3512278212462599,0.6186027229558674,-0.1965804839448126,-1.031275009879428,0.3561785367094661,-1.7519793109683373,-0.1634935259298645,-1.1860019705320748,1.4517622707385982,0.7114443807664012,0.1118451385279671,-1.4789766045652544,-1.5073326312512032,-0.4011472862273942,-0.0791413141184694,0.9698997294331956,0.6073792467767407,0.2155820567040674,0.2346617948613113,1.195450804572871,0.6585199505483372,1.6530030581052302,1.195450804572871,0.6242437292362808,-0.8979687192568958,0.8436109784655275,-0.229884117579232,1.0883562937618656,-0.0838072954543562,-1.7103643678208365,-0.4936953696832038,0.1493701104165828,-0.6585199505483369,-1.140268643894193,1.2648170437118502,1.388054028556374,-1.3523845818311535,1.3640820484975271,-1.1492235271996152,-1.2146757214668782
GTEX-1S831,-0.5415534608499959,1.9591709979048224,-2.026910034791593,0.4418094672275395,-1.0553174817566977,-1.4930045626254098,-1.0553174817566977,-0.2973048669834489,-1.871870730867245,-1.3523845818311535,1.000116412316283,1.3295291071787323,0.955118795069792,-1.3759692008680076,-1.7307972047605154,1.3408692908803477,0.4011472862273944,0.955118795069792,-0.3168051375343428,0.6073792467767407,1.1226279320577794,1.7968702837153605,1.1402686438941925,1.4517622707385982,1.465233792685523,-2.255232508842998,1.3640820484975271,0.7789781621703243,-1.3759692008680076,-2.199684129871477,-1.7739779942235536,-0.4832158447606152,-0.0884751021146149,1.0155724616555522,-1.82074492261502,0.681805760846509,0.5523552129489121,1.1766578532028555,-0.596231764610585,1.400345043136658,-0.7417216005233308,-1.6350392668017106,1.465233792685523,-1.6715166841106104,0.0744770551717114,1.1314042769717068,2.105469450920689,-2.3187579709778325,1.0634684328718786,0.8910305119824391,-0.1682084481374103,-0.8238609817031132,-2.10546945092069,0.6186027229558674,-1.1582715276653734,-0.7295305620669889,-1.438549182645292,1.1860019705320748,1.5073326312512036,0.7916386077433746,1.031275009879428,-1.4003450431366584,-0.1729271126904469
GTEX-N7MS,-1.5369552544493164,-1.023392193391521,-1.1226279320577794,0.933330502902325,-0.4675950415221049,0.1587822354845152,0.3413520209215255,0.3021690572528446,-0.4163143916073592,0.2442333585910436,-0.9698997294331952,0.3760703934941728,0.6242437292362808,-1.1492235271996152,0.7852926508502123,1.000116412316283,-0.5308145305532522,-0.810871091550414,-1.3759692008680076,-0.5577802741991821,-1.167415358726977,0.4315778808977973,-1.4003450431366584,-0.0372127170621942,0.2586330669514177,0.8636956533670372,1.1766578532028555,0.7295305620669889,1.6530030581052302,1.4255825774365014,0.0046505330426105,-0.7054672908207708,1.5073326312512036,-1.6715166841106104,0.023254677171407,0.8636956533670372,0.1352764286523606,0.8704683159405441,0.4112482139938643,0.3860719086350267,1.1139372153566884,-0.6470103701484196,-0.664307523893006,-1.0634684328718786,0.6017961577614437,-0.9405436406054154,-0.3168051375343428,0.7417216005233305,-0.3512278212462601,1.84570490292126,-1.340869290880347,-0.107166650845959,0.4989554619580166,-0.2924477009350161,0.8704683159405441,0.5361762663658064,0.0931448373144652,0.5095173924720495,-1.275234241104605,1.5073326312512036,-0.810871091550414,0.6759500545663616,0.3364266374948573
GTEX-NFK9,-1.1860019705320748,0.8369913991407895,-1.6350392668017106,-0.7295305620669889,-0.0838072954543562,-0.514819675081733,-0.3512278212462601,-0.0884751021146149,-1.0716906581760843,-0.6935879849651033,1.6715166841106104,0.6876849397127831,-1.0799859809506631,1.7307972047605154,-1.0392224351527355,0.1776496307692544,1.8718707308672449,1.1139372153566884,2.105469450920689,0.2108246297118815,1.6006161338119125,-1.195450804572871,2.199684129871479,-0.2973048669834489,-0.0978166045653749,-1.0968035620935137,0.7054672908207708,0.7478585947633022,-0.8636956533670372,-1.899384692461367,-0.8569623777792261,2.6016947511653696,-1.0968035620935137,0.5796478267226207,-0.6995152985526998,1.1492235271996152,1.1226279320577794,0.8436109784655275,-0.6935879849651033,0.3119190548203253,-0.904950425274544,-1.340869290880347,0.7356124152439232,0.7916386077433746,0.1399711994794717,1.3408692908803477,-0.4418094672275395,-0.962482977182896,1.224458743278325,-0.2060719695833272,0.2346617948613113,-0.9190479335937772,-1.6906216295848977,1.1402686438941925,-1.9591709979048224,-0.3168051375343428,-0.8044272335589816,0.8304082942029329,0.6299046699224384,1.1766578532028555,1.224458743278325,0.1352764286523606,-0.9478060492911888
GTEX-NL3H,0.8569623777792261,-0.5741553087945971,1.0553174817566977,0.3661063568005698,0.933330502902325,2.105469450920689,0.7852926508502123,0.7234755745418949,1.0883562937618656,0.1682084481374105,-0.5632218016027938,-0.1493701104165827,-0.5906857713824718,-1.6006161338119125,0.3119190548203253,-0.5577802741991821,1.899384692461367,-0.346285699342696,-0.9261656018472316,0.5686800575348554,-0.6299046699224384,-1.0968035620935137,2.0269100347915936,-0.8304082942029333,-0.977370221692195,-0.504229396049854,-1.5219770060190867,0.884134934875026,-0.3216987953648042,0.7980166062079388,0.0186031380810724,-1.2443845388232115,1.0634684328718786,-1.61758811796741,2.0645981446801467,-0.933330502902325,1.1860019705320748,-0.2060719695833272,-0.0931448373144652,-1.3073477923443677,0.187106675327825,0.2586330669514177,-0.2155820567040673,-0.5906857713824718,-0.7852926508502125,-0.3168051375343428,-0.6299046699224384,0.8979687192568956,1.4789766045652544,-0.107166650845959,1.0799859809506631,1.4255825774365014,2.772318040028347,-1.0716906581760843,1.4517622707385982,0.904950425274544,1.9591709979048224,-0.2682625678197609,-1.7519793109683373,1.0716906581760843,-1.438549182645292,1.4255825774365014,-0.5308145305532522
GTEX-NL4W,0.6876849397127831,-0.7417216005233308,0.1305846375599525,-0.1305846375599525,0.462413546573279,1.521977006019087,1.7519793109683377,0.6759500545663616,0.6186027229558674,0.546946359787327,-0.7054672908207708,0.2060719695833272,-0.8704683159405441,-1.4128513252897623,1.2343603801814165,0.7295305620669889,0.4418094672275395,-0.4779959870785905,-1.0716906581760843,0.2490274894100126,-0.7980166062079388,-1.3073477923443677,0.0511780111120515,-1.8457049029212595,-1.3295291071787323,-0.0418668742548895,0.187106675327825,0.9478060492911886,0.7916386077433746,0.9405436406054154,0.9698997294331956,-1.388054028556375,-0.2394448346237824,-1.7968702837153614,1.6906216295848986,-0.2490274894100124,0.681805760846509,0.1682084481374105,-0.3860719086350268,-0.904950425274544,1.465233792685523,0.5042293960498542,-0.3512278212462601,-0.2827539046344998,-1.6006161338119125,0.4264790471503241,-0.7417216005233308,1.2648170437118502,1.0799859809506631,-0.2682625678197609,-0.0884751021146149,0.3168051375343427,2.4841252247073147,-0.624243729236281,1.2443845388232115,1.2964944386804569,2.0645981446801467,-1.340869290880347,-0.7980166062079388,1.1314042769717068,-1.6350392668017106,1.465233792685523,-0.3710837698778002
GTEX-NPJ8,1.6175881179674108,-0.5906857713824718,1.5369552544493164,-1.195450804572871,1.6906216295848986,1.82074492261502,0.0279067194760658,1.7968702837153605,0.2538273506747331,0.0791413141184694,-0.5851578873218707,-0.1540744667957508,-0.6017961577614439,-0.6876849397127831,-0.0279067194760659,0.6186027229558674,1.7968702837153605,-0.3661063568005696,-0.9478060492911888,0.1918414273303961,-0.6470103701484196,-1.140268643894193,1.2443845388232115,0.009301166667146,0.3216987953648042,0.520136471164208,-0.6412876570233803,0.5095173924720495,-0.2490274894100124,0.1540744667957507,-0.0651532940076319,-1.2648170437118496,-1.0155724616555522,-1.3073477923443677,1.2964944386804569,-0.9478060492911888,1.7103643678208365,-0.5095173924720496,2.105469450920689,1.5369552544493164,-0.4163143916073592,1.5522864776181842,-0.229884117579232,-0.3168051375343428,-1.195450804572871,0.1399711994794717,-0.6355858691140569,-0.1118451385279671,1.2146757214668782,-0.1212095673006743,1.3523845818311528,0.0791413141184694,1.5073326312512036,-1.5522864776181842,1.0716906581760843,1.635039266801711,0.8238609817031132,-0.5906857713824718,-1.4255825774365014,0.4572444368663246,-1.4789766045652544,1.7519793109683377,-0.7852926508502125
GTEX-O5YU,1.2964944386804569,-0.2924477009350161,0.1918414273303961,-0.107166650845959,-0.8304082942029333,0.3021690572528446,0.2682625678197607,-1.2545353222880942,1.7968702837153605,0.0838072954543562,-0.2490274894100124,0.1540744667957507,-0.7054672908207708,-0.3021690572528447,1.0078143423127026,-0.8569623777792261,-0.3168051375343428,-0.0372127170621942,-0.6186027229558672,2.0269100347915936,-0.2538273506747333,-0.7356124152439232,1.2752342411046045,-1.2857916935144202,-0.850267731936789,1.388054028556374,-1.1582715276653734,-0.2634447638039343,0.596231764610585,0.1165260755991407,1.5522864776181842,-0.8979687192568958,-0.8569623777792261,-1.140268643894193,1.1226279320577794,-0.5361762663658064,1.195450804572871,-0.7478585947633022,-1.4930045626254098,-1.1492235271996152,0.0418668742548894,0.2682625678197607,0.1352764286523606,1.3759692008680082,0.0884751021146148,-1.031275009879428,-0.229884117579232,1.465233792685523,-1.4930045626254098,0.2538273506747331,-0.1540744667957508,1.84570490292126,0.0604935871747794,-1.0472360474261069,-0.1258957192703828,1.0392224351527355,2.3932998646116808,-0.5577802741991821,-0.1871066753278251,0.3760703934941728,-0.4213912770678052,2.1501937961635003,2.0645981446801467
GTEX-OHPJ,-0.6355858691140569,-0.0046505330426104,-1.0155724616555522,0.9119765235615476,-0.346285699342696,-0.9478060492911888,-0.0372127170621942,-0.596231764610585,-0.32660016939701,-0.3216987953648042,-0.2538273506747333,2.4841252247073147,-0.850267731936789,-0.6017961577614439,-0.1918414273303961,1.5679914964717907,-2.026910034791593,-0.0558351934681735,-0.3710837698778002,0.4264790471503241,0.3070404075144982,0.2251116819514788,-1.0472360474261069,-1.1226279320577794,0.4213912770678051,0.4011472862273944,2.199684129871479,0.546946359787327,-0.1024905076914514,-1.195450804572871,-0.6129813329265346,-0.4727891209922674,0.962482977182896,0.904950425274544,-0.624243729236281,1.82074492261502,0.7417216005233305,1.000116412316283,-0.5361762663658064,-0.4061925696666297,0.3760703934941728,-0.1165260755991406,0.2875974245860253,-1.0883562937618656,-1.465233792685523,0.6876849397127831,-0.0978166045653749,0.0978166045653749,-1.4003450431366584,0.2394448346237824,-1.8457049029212595,-0.3961121933896049,0.596231764610585,0.9848956614915162,0.2827539046344999,0.3512278212462599,-0.4727891209922674,-0.8173487968777844,-0.0931448373144652,1.84570490292126,0.1965804839448126,1.5522864776181842,0.7602179716124496
GTEX-OIZF,-0.3168051375343428,0.904950425274544,-2.255232508842998,-0.2155820567040673,-0.8238609817031132,0.2060719695833272,-0.7356124152439232,0.3413520209215255,-0.8238609817031132,-1.0799859809506631,1.0799859809506631,-0.229884117579232,0.7417216005233305,0.0279067194760658,-0.3168051375343428,0.381066386264334,0.8173487968777844,1.1402686438941925,0.65275435145221,0.8502677319367892,0.9478060492911886,1.2857916935144202,1.400345043136658,0.7540238855634623,0.9478060492911886,-0.6186027229558672,-0.904950425274544,0.7174469963041701,-0.5254680115197978,-1.0799859809506631,-1.5073326312512032,0.8772811433566338,-0.5577802741991821,0.7602179716124496,-1.2050075920152503,1.0883562937618656,0.7852926508502123,-1.0553174817566977,0.4469425897337917,0.8636956533670372,-0.933330502902325,-1.438549182645292,0.9478060492911886,-1.1860019705320748,0.546946359787327,0.7417216005233305,0.9848956614915162,-1.3759692008680076,0.8979687192568956,-0.65275435145221,-1.0078143423127026,-0.9698997294331952,-2.3187579709778325,1.5073326312512036,-1.0155724616555522,-0.6186027229558672,-1.1492235271996152,1.400345043136658,0.8502677319367892,-0.3216987953648042,0.8436109784655275,-0.3119190548203253,-0.3119190548203253
GTEX-OIZG,-1.5219770060190867,-0.6412876570233803,-0.7602179716124495,0.810871091550414,-0.0698144159426548,-0.1446690574398205,0.6299046699224384,-0.664307523893006,-0.3910871229289391,1.1766578532028555,-0.107166650845959,-0.504229396049854,-0.4264790471503241,0.9190479335937772,0.3216987953648042,-0.5686800575348554,-0.4779959870785905,-0.7664413630494566,1.0883562937618656,0.4366879596755643,-0.6935879849651033,0.7356124152439232,-0.7114443807664012,-0.3760703934941728,0.2298841175792322,0.0744770551717114,0.1587822354845152,0.0372127170621943,0.4469425897337917,1.2752342411046045,0.7726945818405243,0.9261656018472316,1.0553174817566977,-2.10546945092069,-0.1493701104165827,-0.1540744667957508,-0.2346617948613114,-0.3961121933896049,0.3364266374948573,0.2924477009350161,0.9478060492911886,-0.1871066753278251,-0.6186027229558672,0.5523552129489121,1.2050075920152503,-0.3413520209215255,-1.0078143423127026,0.6355858691140571,-0.4675950415221049,-0.1729271126904469,0.5686800575348554,-0.2442333585910436,1.1582715276653734,-1.0968035620935137,-0.0604935871747794,-0.8044272335589816,0.2682625678197607,0.9924772957033684,-1.1053298282224613,-0.2730866066364132,-0.4264790471503241,0.9698997294331956,-0.9261656018472316
GTEX-OIZH,-0.0698144159426548,0.6017961577614437,0.2682625678197607,-0.1399711994794718,-0.6759500545663616,0.0325593658056133,-0.5095173924720496,0.0046505330426105,-0.9405436406054154,-0.8436109784655275,0.2634447638039344,-0.3512278212462601,1.1139372153566884,0.0744770551717114,-0.5796478267226205,1.023392193391522,0.1305846375599525,0.1399711994794717,-0.4011472862273942,-0.6412876570233803,0.2779170089683694,0.0838072954543562,-0.1634935259298645,1.1582715276653734,-0.3561785367094661,-1.1860019705320748,0.546946359787327,0.9848956614915162,-0.6759500545663616,-1.1582715276653734,-0.9848956614915162,0.3413520209215255,-0.4727891209922674,0.8304082942029329,-0.8238609817031132,0.0418668742548894,1.5679914964717907,-0.4061925696666297,0.1965804839448126,-0.1823761141706537,-0.7980166062079388,-0.1352764286523604,-0.0838072954543562,-0.1540744667957508,0.1540744667957507,1.000116412316283,0.5686800575348554,-0.2490274894100124,-0.7174469963041701,1.635039266801711,0.6073792467767407,1.2343603801814165,0.1118451385279671,0.3216987953648042,0.1399711994794717,1.4517622707385982,-0.9478060492911888,-1.0716906581760843,0.6073792467767407,-0.933330502902325,0.2779170089683694,0.7478585947633022,1.0078143423127026
GTEX-OIZI,-1.4128513252897623,1.2752342411046045,-0.8704683159405441,1.635039266801711,-1.899384692461367,-2.10546945092069,-0.810871091550414,-2.6016947511653714,-0.4572444368663248,-1.131404276971706,1.1860019705320748,1.4789766045652544,0.1965804839448126,0.5308145305532521,-0.3710837698778002,0.0511780111120515,-0.1165260755991406,0.7295305620669889,0.5577802741991821,-1.9284165128950652,1.400345043136658,0.6412876570233801,-0.1399711994794718,0.6585199505483372,0.6355858691140571,-2.199684129871477,1.2752342411046045,-0.2730866066364132,-0.4163143916073592,-0.2924477009350161,-0.7478585947633022,0.962482977182896,-0.107166650845959,1.438549182645292,-0.810871091550414,1.7307972047605154,-0.7602179716124495,-0.9119765235615476,-0.9924772957033684,0.3364266374948573,-0.9478060492911888,-1.2146757214668782,1.000116412316283,0.1305846375599525,0.0558351934681737,0.9190479335937772,1.0634684328718786,-0.0558351934681735,-0.6129813329265346,-0.6876849397127831,-1.5073326312512032,-1.61758811796741,0.0046505330426105,1.465233792685523,-0.8636956533670372,-2.3187579709778325,-0.5796478267226205,0.1165260755991407,0.7602179716124496,1.0883562937618656,1.7103643678208365,0.1305846375599525,0.1823761141706538
GTEX-OOBJ,-1.4930045626254098,1.1139372153566884,-0.8044272335589816,-0.0139520014707611,0.4779959870785905,-0.5095173924720496,-0.9848956614915162,-0.0791413141184694,-2.255232508842998,-1.2857916935144202,1.1582715276653734,-0.3810663862643338,-0.4163143916073592,-0.1587822354845152,-1.5522864776181842,0.1823761141706538,1.0883562937618656,1.2857916935144202,0.8569623777792261,-0.962482977182896,2.0645981446801467,0.3512278212462599,1.82074492261502,0.6017961577614437,0.2108246297118815,-0.8238609817031132,-0.3021690572528447,0.32660016939701,-0.4884489019738811,-0.7852926508502125,-1.6906216295848977,0.955118795069792,-0.2538273506747333,0.9405436406054154,-1.6906216295848977,2.105469450920689,1.3640820484975271,-0.1587822354845152,0.3315094021268154,1.3295291071787323,-1.031275009879428,-1.0883562937618656,1.2964944386804569,-0.8044272335589816,-0.2779170089683694,1.2343603801814165,0.2442333585910436,-2.7723180400283463,1.2443845388232115,-0.8910305119824391,-1.6006161338119125,-0.4936953696832038,-0.6701174349839331,1.1860019705320748,-0.5469463597873272,-1.0472360474261069,-0.9698997294331952,0.4061925696666297,0.9405436406054154,-0.1399711994794718,0.681805760846509,1.3073477923443682,0.546946359787327
GTEX-OOBK,-1.2545353222880942,0.7234755745418949,-1.8457049029212595,1.7519793109683377,-1.9918985578978008,-0.3611379974371059,-0.462413546573279,-2.026910034791593,-0.4727891209922674,-0.8044272335589816,1.4789766045652544,-0.2924477009350161,0.5796478267226207,1.5522864776181842,-0.884134934875026,0.6129813329265346,-0.6818057608465092,1.6906216295848986,2.6016947511653696,1.2857916935144202,2.0269100347915936,-1.3295291071787323,1.7307972047605154,-1.2443845388232115,0.904950425274544,-0.4011472862273942,-0.2682625678197609,0.6470103701484196,-0.810871091550414,-0.3561785367094661,-0.9405436406054154,2.772318040028347,-0.1024905076914514,0.3710837698778,-0.5469463597873272,0.9405436406054154,0.32660016939701,-1.5073326312512032,-0.3561785367094661,-0.0372127170621942,0.5361762663658064,-1.9918985578978008,1.6006161338119125,0.4112482139938643,-1.0392224351527355,1.2050075920152503,0.1729271126904469,0.2730866066364132,-0.1399711994794718,0.0,-1.5522864776181842,-1.9284165128950652,-1.0155724616555522,0.7540238855634623,-1.2244587432783245,-2.6016947511653714,-0.9119765235615476,1.84570490292126,1.84570490292126,0.4936953696832036,1.899384692461367,0.546946359787327,-0.3413520209215255
GTEX-OXRL,-1.3183573694113604,0.3512278212462599,-0.7664413630494566,-0.4011472862273942,-0.1965804839448126,1.1053298282224615,-1.2545353222880942,-0.1965804839448126,0.4727891209922672,-0.3810663862643338,0.3021690572528446,1.2146757214668782,-0.624243729236281,-0.2490274894100124,-0.65275435145221,0.2586330669514177,0.7295305620669889,0.1024905076914515,-0.4112482139938643,-0.1965804839448126,0.2203443680265389,0.5095173924720495,1.6175881179674108,-0.3021690572528447,0.1587822354845152,-0.624243729236281,0.8173487968777844,-0.4675950415221049,-0.1587822354845152,-0.4779959870785905,-0.2346617948613114,0.1776496307692544,0.6876849397127831,1.928416512895066,1.388054028556374,-0.8369913991407895,0.4366879596755643,0.1352764286523606,-0.0744770551717116,0.2060719695833272,0.1493701104165828,-0.624243729236281,0.0465219385151119,-0.4011472862273942,0.0511780111120515,1.6715166841106104,-1.6530030581052302,-1.1139372153566884,0.4469425897337917,-0.6186027229558672,-2.255232508842998,-3.112470178603051,-0.2924477009350161,0.962482977182896,-0.8173487968777844,-0.884134934875026,0.2973048669834491,0.8979687192568956,0.4832158447606152,0.0186031380810724,0.884134934875026,0.7540238855634623,0.2108246297118815
GTEX-OXRN,-0.2875974245860253,-0.850267731936789,-0.0651532940076319,0.1682084481374105,0.6701174349839331,0.6242437292362808,1.0716906581760843,0.884134934875026,-0.2251116819514788,0.381066386264334,-0.8304082942029333,-0.3760703934941728,-1.3759692008680076,-1.9591709979048224,0.8173487968777844,1.1314042769717068,0.7852926508502123,-0.624243729236281,-1.2443845388232115,0.4520875158696414,-0.933330502902325,-1.4930045626254098,0.6129813329265346,-0.810871091550414,0.4832158447606152,0.2108246297118815,0.5851578873218706,0.9405436406054154,0.9848956614915162,0.381066386264334,0.0884751021146148,-0.884134934875026,1.3183573694113604,-1.5219770060190867,0.8044272335589819,0.6995152985526999,0.955118795069792,0.7054672908207708,0.1118451385279671,-0.1493701104165827,0.6585199505483372,-0.229884117579232,-0.4989554619580166,-2.10546945092069,-0.8636956533670372,-1.2146757214668782,-0.8704683159405441,0.2060719695833272,1.6715166841106104,0.4061925696666297,0.1634935259298645,0.1493701104165828,2.0645981446801467,0.3512278212462599,1.0553174817566977,0.6242437292362808,1.1314042769717068,0.6643075238930058,-1.6350392668017106,1.521977006019087,-1.8457049029212595,1.0634684328718786,-0.3611379974371059
GTEX-P44G,-0.8979687192568958,-0.220344368026539,-0.9848956614915162,0.2298841175792322,0.2730866066364132,-0.2060719695833272,0.0744770551717114,-1.438549182645292,0.1729271126904469,0.1634935259298645,0.1776496307692544,-0.2394448346237824,0.4418094672275395,0.933330502902325,0.4572444368663246,-0.6585199505483369,0.6759500545663616,0.0978166045653749,0.7789781621703243,-1.023392193391521,0.0651532940076319,0.1493701104165828,1.0799859809506631,-0.6818057608465092,-1.3073477923443677,1.2146757214668782,-1.61758811796741,0.0046505330426105,1.2857916935144202,0.5415534608499961,0.2827539046344999,0.7174469963041701,-0.8704683159405441,0.2394448346237824,0.1587822354845152,-0.7540238855634623,1.1314042769717068,-2.1501937961635003,0.1071666508459588,-0.3760703934941728,1.0716906581760843,-1.0155724616555522,-0.3216987953648042,1.0392224351527355,1.84570490292126,1.3640820484975271,-0.6995152985526998,0.3611379974371059,0.3070404075144982,0.3021690572528446,-0.1024905076914514,0.0978166045653749,-0.6186027229558672,-0.4264790471503241,-1.2857916935144202,-0.4213912770678052,0.8173487968777844,1.6715166841106104,-0.1776496307692544,-1.1226279320577794,0.6242437292362808,1.2752342411046045,0.7980166062079388
GTEX-P44H,-0.904950425274544,-0.4779959870785905,-0.850267731936789,2.772318040028347,-0.2394448346237824,0.9478060492911886,-0.2060719695833272,1.3183573694113604,-0.810871091550414,-0.5415534608499959,-0.462413546573279,-0.0558351934681735,0.009301166667146,-1.1582715276653734,-1.7739779942235536,1.0799859809506631,0.5361762663658064,-0.2394448346237824,-0.8238609817031132,1.1053298282224615,0.0186031380810724,0.0698144159426549,0.7980166062079388,0.3760703934941728,0.0978166045653749,-0.6818057608465092,0.0,1.224458743278325,-0.8704683159405441,-1.140268643894193,-0.9698997294331952,-0.2924477009350161,0.023254677171407,0.8502677319367892,-0.3961121933896049,-0.0651532940076319,1.928416512895066,-1.340869290880347,0.1352764286523606,0.6412876570233801,-0.6759500545663616,-1.195450804572871,0.0744770551717114,-1.4517622707385982,-1.0472360474261069,1.928416512895066,0.3710837698778,0.3910871229289391,0.7852926508502123,0.6412876570233801,-0.2251116819514788,-0.0651532940076319,1.388054028556374,1.2648170437118502,0.4213912770678051,1.2443845388232115,-0.5254680115197978,0.3961121933896049,-0.3119190548203253,1.7968702837153605,-0.1165260755991406,2.318757970977832,1.2050075920152503
GTEX-P4PQ,-0.2442333585910436,1.5679914964717907,-0.5796478267226205,-0.2924477009350161,-1.0392224351527355,-0.1305846375599525,-0.2634447638039343,-0.6017961577614439,-0.7114443807664012,-0.596231764610585,1.400345043136658,-0.1212095673006743,0.1682084481374105,-0.1682084481374103,-1.340869290880347,-0.2779170089683694,0.0279067194760658,1.5679914964717907,0.4989554619580166,1.7519793109683377,1.3759692008680082,0.7234755745418949,1.195450804572871,0.6643075238930058,0.4163143916073593,0.1165260755991407,-0.5796478267226205,-0.9698997294331952,-0.596231764610585,-1.0634684328718786,-1.0472360474261069,0.546946359787327,-1.7739779942235536,1.5073326312512036,-0.9190479335937772,0.520136471164208,0.6935879849651033,-0.6412876570233803,-1.340869290880347,0.0744770551717114,-0.7726945818405243,-0.8238609817031132,1.6175881179674108,-0.3860719086350268,0.0465219385151119,0.8704683159405441,1.1492235271996152,-1.1492235271996152,-0.2875974245860253,-0.0651532940076319,-0.3910871229289391,-0.3760703934941728,-1.5073326312512032,0.8369913991407895,-0.5254680115197978,-0.6017961577614439,-0.7356124152439232,-0.3021690572528447,1.1314042769717068,-1.1860019705320748,1.3523845818311528,-0.3710837698778002,-0.0604935871747794
GTEX-P4QR,1.0155724616555522,0.2827539046344999,0.3364266374948573,-0.4213912770678052,0.6299046699224384,0.8910305119824391,-0.8044272335589816,0.9698997294331956,0.3512278212462599,-0.1165260755991406,-1.6715166841106104,-1.1492235271996152,-0.5577802741991821,-0.9261656018472316,0.1165260755991407,0.4469425897337917,0.3561785367094661,-1.4789766045652544,-0.0558351934681735,1.6006161338119125,-0.3810663862643338,-0.7174469963041701,0.4112482139938643,-0.4061925696666297,-0.1587822354845152,-0.6017961577614439,0.5523552129489121,0.7726945818405243,-0.2108246297118815,-0.8704683159405441,-0.1493701104165827,-0.1212095673006743,0.1540744667957507,-0.0279067194760659,0.7417216005233305,-0.6355858691140569,1.0553174817566977,0.6585199505483372,0.5095173924720495,0.6759500545663616,-1.61758811796741,0.3413520209215255,-1.3523845818311535,-1.2146757214668782,-1.9284165128950652,0.7356124152439232,0.1634935259298645,-0.1024905076914514,1.0078143423127026,1.7519793109683377,-1.195450804572871,0.2924477009350161,1.1492235271996152,-0.1352764286523604,1.1674153587269775,0.596231764610585,0.5851578873218706,-1.6350392668017106,-0.8173487968777844,1.0553174817566977,-1.3523845818311535,1.82074492261502,0.8910305119824391
GTEX-P4QS,-0.5796478267226205,-0.0884751021146149,-0.3561785367094661,0.6935879849651033,0.0744770551717114,0.1305846375599525,-0.520136471164208,0.8569623777792261,-1.1860019705320748,-0.850267731936789,-0.4936953696832038,-0.0744770551717116,2.6016947511653696,-1.4930045626254098,-2.199684129871477,2.2552325088429965,0.8910305119824391,-0.6017961577614439,-1.2146757214668782,0.8772811433566338,-0.229884117579232,1.6175881179674108,0.6073792467767407,0.2973048669834491,0.8436109784655275,1.3295291071787323,0.0558351934681737,1.0716906581760843,-1.0716906581760843,-0.5686800575348554,-1.340869290880347,-0.8704683159405441,-0.6129813329265346,0.5851578873218706,-0.6818057608465092,-0.504229396049854,2.772318040028347,-0.107166650845959,1.9591709979048224,0.7234755745418949,-0.4264790471503241,0.3119190548203253,-0.4727891209922674,-1.3295291071787323,0.7602179716124496,0.514819675081733,0.5796478267226207,-1.465233792685523,1.521977006019087,-0.3413520209215255,1.2146757214668782,1.2752342411046045,-1.2343603801814165,0.955118795069792,-0.2013239596350001,1.5369552544493164,-0.962482977182896,2.105469450920689,-0.1352764286523604,-0.1634935259298645,-0.4520875158696413,1.0078143423127026,2.2552325088429965
GTEX-PLZ6,-0.5851578873218707,0.7789781621703243,-0.4366879596755644,-0.3561785367094661,-1.465233792685523,-1.7103643678208365,-0.3119190548203253,-0.3512278212462601,-1.6715166841106104,-0.65275435145221,1.8718707308672449,0.933330502902325,0.904950425274544,0.381066386264334,-1.9591709979048224,0.6412876570233801,0.8636956533670372,1.928416512895066,0.5415534608499961,-0.6186027229558672,0.9924772957033684,1.4789766045652544,-0.2538273506747333,1.2964944386804569,0.6995152985526999,-1.7968702837153614,0.4061925696666297,0.3364266374948573,-1.4930045626254098,-0.2682625678197609,-1.131404276971706,0.4779959870785905,-0.0511780111120515,0.4112482139938643,-1.131404276971706,0.4112482139938643,-0.0279067194760659,-0.1165260755991406,-1.3640820484975271,0.4832158447606152,-0.504229396049854,-1.0799859809506631,1.388054028556374,-0.0791413141184694,0.520136471164208,-0.4675950415221049,1.412851325289763,-1.031275009879428,-0.1446690574398205,1.2857916935144202,-0.0558351934681735,-1.1053298282224613,-0.7054672908207708,0.1918414273303961,-0.1493701104165827,-1.4517622707385982,-0.7789781621703243,-0.4418094672275395,0.6643075238930058,0.2634447638039344,1.438549182645292,-1.5219770060190867,-0.6186027229558672
GTEX-POYW,0.1165260755991407,-0.2973048669834489,0.962482977182896,0.2973048669834491,0.7478585947633022,-0.0791413141184694,-0.0465219385151119,2.1501937961635003,-1.2443845388232115,-0.3315094021268153,-0.2634447638039343,2.318757970977832,-0.4366879596755644,-1.0968035620935137,-1.4930045626254098,-0.229884117579232,-0.6073792467767407,-0.0698144159426548,-0.6355858691140569,-0.6876849397127831,-0.2634447638039343,0.009301166667146,-1.871870730867245,-1.131404276971706,0.520136471164208,1.2752342411046045,2.105469450920689,2.6016947511653696,-1.3640820484975271,1.195450804572871,-0.6355858691140569,-0.9119765235615476,2.6016947511653696,-1.1582715276653734,-0.850267731936789,-0.0279067194760659,-0.6299046699224384,2.6016947511653696,0.7054672908207708,0.681805760846509,0.7054672908207708,2.4841252247073147,0.1165260755991407,-1.5369552544493164,-1.6530030581052302,-1.4930045626254098,-0.2538273506747333,0.4061925696666297,0.9848956614915162,0.2251116819514788,3.112470178603064,1.0634684328718786,3.112470178603064,-1.3295291071787323,3.112470178603064,2.0645981446801467,-0.4779959870785905,-1.82074492261502,-1.2146757214668782,2.199684129871479,-1.031275009879428,-0.7114443807664012,-0.1540744667957508
GTEX-PSDG,-0.514819675081733,0.3364266374948573,0.023254677171407,1.1766578532028555,-1.0883562937618656,-0.6759500545663616,-0.229884117579232,-1.5369552544493164,-0.3070404075144982,-0.2779170089683694,0.7478585947633022,0.462413546573279,-1.5369552544493164,0.9119765235615476,-0.3910871229289391,-0.1024905076914514,0.525468011519798,1.031275009879428,0.9119765235615476,-1.4930045626254098,1.0472360474261069,-1.4003450431366584,-0.2490274894100124,-0.2013239596350001,-0.229884117579232,-0.884134934875026,0.4011472862273944,-0.1682084481374103,-0.1823761141706537,0.6759500545663616,-1.2964944386804564,1.2752342411046045,-0.3961121933896049,0.3561785367094661,-0.4572444368663248,1.2648170437118502,1.1053298282224615,-0.8173487968777844,-1.1860019705320748,-0.810871091550414,0.2394448346237824,-1.5369552544493164,0.7602179716124496,0.4061925696666297,0.4936953696832036,0.1823761141706538,-0.5577802741991821,0.6129813329265346,-1.167415358726977,-0.3168051375343428,-1.023392193391521,0.6759500545663616,0.3561785367094661,1.1053298282224615,-1.5679914964717907,-0.7234755745418949,-0.4061925696666297,0.1682084481374105,0.2251116819514788,0.4832158447606152,0.467595041522105,0.9405436406054154,0.6470103701484196
GTEX-PW2O,-1.167415358726977,0.8636956533670372,-0.514819675081733,0.3315094021268154,0.0604935871747794,-0.850267731936789,-1.871870730867245,-0.6412876570233803,-0.7916386077433746,-2.199684129871477,1.023392193391522,0.2730866066364132,0.6759500545663616,0.7417216005233305,-1.465233792685523,-0.1118451385279671,0.1493701104165828,0.9848956614915162,1.1674153587269775,-0.0418668742548895,0.7478585947633022,0.0744770551717114,0.9261656018472316,0.1118451385279671,-0.1540744667957508,0.3413520209215255,-0.3413520209215255,-0.955118795069792,-2.7723180400283463,0.4884489019738812,-0.7726945818405243,1.635039266801711,0.4264790471503241,0.6643075238930058,-2.6016947511653714,-0.3961121933896049,0.5042293960498542,-1.0155724616555522,0.3168051375343427,-0.4112482139938643,0.8772811433566338,-0.3860719086350268,0.8704683159405441,0.2490274894100126,0.2924477009350161,1.1766578532028555,-0.7664413630494566,-0.2827539046344998,-0.1634935259298645,1.2443845388232115,-0.596231764610585,-0.5308145305532522,0.1258957192703828,0.5632218016027939,-0.2924477009350161,-0.4520875158696413,-2.3187579709778325,0.9119765235615476,1.0078143423127026,0.5308145305532521,0.9190479335937772,-0.0511780111120515,-1.2443845388232115
GTEX-Q2AH,-0.6186027229558672,0.4727891209922672,-0.6129813329265346,0.520136471164208,-0.5851578873218707,-0.5469463597873272,-0.3413520209215255,-0.2490274894100124,-0.6876849397127831,-0.6818057608465092,0.8044272335589819,0.0139520014707611,0.1587822354845152,0.4163143916073593,-0.624243729236281,-0.3611379974371059,-0.0418668742548895,0.810871091550414,0.2586330669514177,-0.6701174349839331,0.5577802741991821,0.955118795069792,-0.0418668742548895,0.3216987953648042,0.5361762663658064,-0.7789781621703243,-0.0279067194760659,-0.4112482139938643,-1.0078143423127026,-0.3512278212462601,-0.6017961577614439,0.6073792467767407,-0.2251116819514788,0.596231764610585,-0.9848956614915162,0.4264790471503241,0.187106675327825,-0.3810663862643338,1.0392224351527355,0.1823761141706538,0.1071666508459588,-0.1540744667957508,0.6876849397127831,0.1823761141706538,0.4520875158696414,0.7234755745418949,0.8238609817031132,-0.3413520209215255,-0.0651532940076319,0.6701174349839331,-0.1493701104165827,-1.0392224351527355,-0.6355858691140569,0.6759500545663616,-0.6073792467767407,-1.871870730867245,-0.7916386077433746,0.3315094021268154,0.3561785367094661,-0.1352764286523604,0.7726945818405243,-0.3413520209215255,-0.9698997294331952
GTEX-Q2AI,-1.2648170437118496,2.199684129871479,-1.2050075920152503,1.412851325289763,-1.2964944386804564,-1.5679914964717907,-0.6935879849651033,-1.871870730867245,-1.3295291071787323,-1.023392193391521,1.3073477923443682,-0.5741553087945971,0.65275435145221,-0.2013239596350001,-0.8569623777792261,-0.1493701104165827,-0.8238609817031132,0.7054672908207708,-0.504229396049854,0.977370221692195,1.6530030581052302,1.3640820484975271,0.9405436406054154,1.0553174817566977,0.681805760846509,-0.8704683159405441,-1.0078143423127026,0.65275435145221,-0.4832158447606152,-0.624243729236281,-1.4517622707385982,-0.2442333585910436,-1.4128513252897623,2.105469450920689,-1.167415358726977,1.5369552544493164,1.5369552544493164,-1.9918985578978008,-0.1965804839448126,0.5796478267226207,-0.0279067194760659,-1.3759692008680076,1.521977006019087,0.1118451385279671,0.7295305620669889,2.0645981446801467,0.5095173924720495,-0.3661063568005696,-0.7602179716124495,-0.5741553087945971,0.1118451385279671,0.381066386264334,-1.1492235271996152,1.5369552544493164,-2.199684129871477,-1.61758811796741,-1.1226279320577794,1.0716906581760843,1.5369552544493164,-1.0968035620935137,2.199684129871479,1.3183573694113604,1.7739779942235527
GTEX-QDVJ,-0.8569623777792261,0.0046505330426105,-0.7234755745418949,1.5840930675378757,-0.6876849397127831,-0.65275435145221,-1.167415358726977,0.5632218016027939,0.0838072954543562,-1.4930045626254098,-0.9478060492911888,-1.0392224351527355,-1.6006161338119125,-0.4011472862273942,0.1540744667957507,0.5632218016027939,-1.6350392668017106,-1.388054028556375,-1.871870730867245,1.8718707308672449,0.5523552129489121,-1.0078143423127026,0.0139520014707611,0.9405436406054154,0.4779959870785905,-0.0139520014707611,-0.0744770551717116,0.6017961577614437,0.7852926508502123,-0.7054672908207708,-0.3661063568005696,-0.3760703934941728,-1.3640820484975271,1.0716906581760843,0.1024905076914515,1.9918985578978008,0.9261656018472316,-0.3860719086350268,-0.2155820567040673,0.4779959870785905,-1.0392224351527355,-2.3187579709778325,-1.2443845388232115,-0.2634447638039343,-0.850267731936789,1.82074492261502,0.6643075238930058,1.023392193391522,0.2924477009350161,1.1674153587269775,-1.3183573694113604,-0.4884489019738811,-0.0511780111120515,1.7519793109683377,-0.32660016939701,0.884134934875026,0.3216987953648042,-0.1540744667957508,0.1587822354845152,1.1053298282224615,0.2730866066364132,2.105469450920689,1.5369552544493164
GTEX-QDVN,2.6016947511653696,0.8044272335589819,1.3408692908803477,-1.340869290880347,0.8636956533670372,2.3932998646116808,-0.4832158447606152,1.7307972047605154,0.4779959870785905,-0.8238609817031132,0.0325593658056133,-0.3168051375343428,1.6530030581052302,0.3070404075144982,0.2346617948613113,0.5308145305532521,2.0645981446801467,-0.5254680115197978,-1.1139372153566884,-0.624243729236281,0.0838072954543562,-1.3523845818311535,2.4841252247073147,-0.7726945818405243,-1.0472360474261069,-0.2730866066364132,-1.6530030581052302,1.4255825774365014,-0.4061925696666297,-1.5679914964717907,-0.4061925696666297,-0.6186027229558672,-1.0553174817566977,2.772318040028347,-0.2827539046344998,-0.7980166062079388,1.1582715276653734,-0.7356124152439232,-0.1918414273303961,-0.3119190548203253,-1.1139372153566884,1.1860019705320748,-0.4011472862273942,1.2545353222880942,-0.4061925696666297,2.3932998646116808,-0.8044272335589816,-0.1776496307692544,1.3408692908803477,-0.2875974245860253,1.7519793109683377,0.2203443680265389,0.1634935259298645,0.9924772957033684,1.031275009879428,1.000116412316283,-0.9405436406054154,-1.1860019705320748,1.2343603801814165,-0.1305846375599525,0.6701174349839331,-0.3364266374948575,0.2203443680265389
GTEX-QEG4,-0.850267731936789,-0.2779170089683694,0.0791413141184694,0.3021690572528446,-0.1682084481374103,-0.624243729236281,0.1587822354845152,-0.7726945818405243,-0.0651532940076319,0.3315094021268154,0.3512278212462599,0.520136471164208,-0.2730866066364132,1.0392224351527355,-0.4315778808977973,-0.1446690574398205,-0.1024905076914514,0.6470103701484196,1.3073477923443682,-0.8979687192568958,0.1446690574398205,0.2634447638039344,-1.465233792685523,1.6175881179674108,0.0186031380810724,0.0604935871747794,0.7789781621703243,-0.8772811433566338,-0.32660016939701,0.5308145305532521,0.2108246297118815,1.000116412316283,0.4315778808977973,-1.0799859809506631,-0.1918414273303961,-1.167415358726977,-0.9405436406054154,0.3070404075144982,0.1165260755991407,1.3408692908803477,0.2586330669514177,-0.3168051375343428,0.3364266374948573,0.3216987953648042,0.2586330669514177,-1.3640820484975271,-0.8369913991407895,-0.1258957192703828,-0.3315094021268153,1.2752342411046045,-0.5469463597873272,-0.3168051375343428,0.2346617948613113,-1.3759692008680076,-0.1352764286523604,-0.5523552129489121,-0.4520875158696413,0.6412876570233801,-0.7789781621703243,0.7174469963041701,-0.0791413141184694,-1.4128513252897623,-1.7307972047605154
GTEX-QEG5,-1.275234241104605,-1.0553174817566977,-1.140268643894193,3.112470178603064,-1.167415358726977,0.6129813329265346,-0.346285699342696,0.0279067194760658,1.2146757214668782,-1.031275009879428,-1.0001164123162831,0.3021690572528446,0.3021690572528446,-2.199684129871477,0.1776496307692544,0.7356124152439232,-0.65275435145221,-0.8569623777792261,-1.4255825774365014,0.5042293960498542,-1.2146757214668782,0.2108246297118815,-0.8704683159405441,1.5679914964717907,0.7054672908207708,-0.2973048669834489,0.514819675081733,0.6412876570233801,0.6017961577614437,1.1582715276653734,-1.465233792685523,-1.7739779942235536,-0.2155820567040673,-0.2779170089683694,1.5679914964717907,0.0511780111120515,-0.0884751021146149,-0.4936953696832038,0.3860719086350267,0.977370221692195,0.546946359787327,-1.388054028556375,-0.7174469963041701,-0.0931448373144652,-0.4572444368663248,0.6299046699224384,0.2779170089683694,1.4930045626254098,-0.8910305119824391,0.8369913991407895,0.3119190548203253,-0.9405436406054154,0.9478060492911886,0.3021690572528446,0.187106675327825,0.4727891209922672,1.84570490292126,0.884134934875026,-0.7054672908207708,1.2343603801814165,-0.0139520014707611,1.928416512895066,1.4517622707385982
GTEX-QEL4,0.7417216005233305,0.381066386264334,0.3512278212462599,-1.7307972047605154,0.977370221692195,0.6017961577614437,-1.3523845818311535,0.7478585947633022,0.3860719086350267,-0.4112482139938643,0.4884489019738812,0.4936953696832036,-0.1871066753278251,0.3661063568005698,-0.0604935871747794,-0.1823761141706537,1.521977006019087,0.2634447638039344,-0.2538273506747333,-0.4884489019738811,0.4572444368663246,-0.2924477009350161,1.0968035620935137,-0.5361762663658064,-0.0046505330426104,-0.904950425274544,0.2924477009350161,0.4061925696666297,-0.4936953696832038,-1.0472360474261069,0.0,0.1965804839448126,0.3462856993426961,1.0392224351527355,0.1634935259298645,0.3168051375343427,-0.3961121933896049,0.884134934875026,-0.1776496307692544,0.1540744667957507,-0.9698997294331952,0.0558351934681737,0.1634935259298645,0.0139520014707611,-0.7602179716124495,0.0,0.514819675081733,-0.7789781621703243,1.1492235271996152,1.6530030581052302,0.4727891209922672,-1.3183573694113604,-0.5851578873218707,1.4789766045652544,-0.0558351934681735,-1.1766578532028555,-0.4011472862273942,-0.7602179716124495,0.0931448373144652,-0.6355858691140569,0.2155820567040674,-1.5522864776181842,-3.112470178603051
GTEX-QLQ7,-0.8704683159405441,1.1860019705320748,-1.2244587432783245,1.84570490292126,-2.199684129871477,-1.82074492261502,-0.7174469963041701,-1.4255825774365014,-1.1053298282224613,-1.0553174817566977,-0.2060719695833272,-0.6355858691140569,1.438549182645292,-1.1766578532028555,-0.3860719086350268,1.5369552544493164,-1.2050075920152503,0.2203443680265389,-1.031275009879428,1.1226279320577794,1.3408692908803477,1.0716906581760843,1.6006161338119125,1.438549182645292,0.6470103701484196,-1.2545353222880942,-0.1165260755991406,1.7103643678208365,0.1682084481374105,-0.7916386077433746,-1.4930045626254098,-0.6299046699224384,-1.275234241104605,2.0269100347915936,-1.465233792685523,2.772318040028347,2.4841252247073147,-1.7103643678208365,0.4572444368663246,0.8979687192568956,-1.7739779942235536,-1.4128513252897623,0.5741553087945971,-0.9405436406054154,-0.5577802741991821,2.105469450920689,0.7980166062079388,-0.1399711994794718,-1.1139372153566884,-0.2251116819514788,0.6876849397127831,0.4061925696666297,-0.0093011666671462,2.4841252247073147,-1.275234241104605,0.8173487968777844,-0.8369913991407895,-0.2875974245860253,1.1053298282224615,0.5796478267226207,0.4989554619580166,2.3932998646116808,2.3932998646116808
GTEX-QLQW,-2.3187579709778325,1.4517622707385982,-2.0645981446801454,0.6186027229558674,-0.9405436406054154,-0.2586330669514177,-0.5741553087945971,0.1165260755991407,-1.6350392668017106,-0.8979687192568958,0.977370221692195,-0.4572444368663248,0.4213912770678051,-1.5840930675378757,-2.255232508842998,1.82074492261502,-0.3961121933896049,1.3523845818311528,0.0884751021146148,-0.2730866066364132,1.9918985578978008,1.1492235271996152,2.318757970977832,0.187106675327825,2.3932998646116808,-1.388054028556375,1.6175881179674108,1.2343603801814165,-2.0645981446801454,-1.7519793109683373,-1.3759692008680076,0.1305846375599525,-0.0744770551717116,1.7103643678208365,-1.4003450431366584,1.5679914964717907,1.4930045626254098,0.4061925696666297,-0.2442333585910436,1.3523845818311528,-1.2050075920152503,-2.255232508842998,1.412851325289763,-2.199684129871477,-1.4930045626254098,0.8173487968777844,1.8718707308672449,-1.0001164123162831,1.8718707308672449,-0.4315778808977973,0.525468011519798,-1.2857916935144202,-0.4011472862273942,1.8718707308672449,-1.0472360474261069,-0.3216987953648042,-1.0155724616555522,1.2443845388232115,1.6006161338119125,0.8044272335589819,0.3168051375343427,-0.4213912770678052,0.4884489019738812
GTEX-QMR6,0.9924772957033684,-1.1766578532028555,0.7417216005233305,-1.7519793109683373,0.0838072954543562,0.0978166045653749,0.6412876570233801,-0.4061925696666297,1.1492235271996152,0.8436109784655275,0.7234755745418949,-1.1860019705320748,-0.4572444368663248,2.4841252247073147,0.1446690574398205,-1.7968702837153614,0.8369913991407895,0.6412876570233801,1.438549182645292,0.0372127170621943,0.0325593658056133,0.0372127170621943,0.3216987953648042,-0.962482977182896,-0.2108246297118815,0.0465219385151119,-1.465233792685523,-1.4128513252897623,0.1118451385279671,0.4832158447606152,1.0553174817566977,2.0645981446801467,0.0698144159426549,0.0884751021146148,0.5415534608499961,-2.0645981446801454,-1.6715166841106104,-0.5906857713824718,0.3119190548203253,-0.2875974245860253,0.2973048669834491,0.681805760846509,0.2060719695833272,2.0269100347915936,0.6876849397127831,-0.0139520014707611,-1.7307972047605154,-0.2060719695833272,0.1118451385279671,-1.3183573694113604,-0.0744770551717116,-0.850267731936789,0.0465219385151119,-0.1871066753278251,-0.3216987953648042,-2.0645981446801454,0.3021690572528446,0.3860719086350267,0.1918414273303961,-2.484125224707312,0.7789781621703243,-1.5840930675378757,-1.1582715276653734
GTEX-QMRM,-0.4779959870785905,0.955118795069792,-0.6935879849651033,-0.3860719086350268,-0.5906857713824718,-0.8304082942029333,-1.4255825774365014,0.3860719086350267,-0.8369913991407895,-1.7519793109683373,2.105469450920689,-0.7356124152439232,0.9261656018472316,0.8304082942029329,-0.7054672908207708,0.955118795069792,0.6412876570233801,1.7307972047605154,0.3216987953648042,-0.8910305119824391,1.521977006019087,1.023392193391522,0.3119190548203253,-0.1118451385279671,0.7417216005233305,-0.2394448346237824,0.1305846375599525,0.2730866066364132,-0.3961121933896049,-0.7295305620669889,-0.4112482139938643,0.8502677319367892,-1.340869290880347,0.7726945818405243,-1.0716906581760843,0.977370221692195,1.412851325289763,-0.2779170089683694,-0.7174469963041701,0.514819675081733,-1.438549182645292,-0.6818057608465092,1.1674153587269775,0.0884751021146148,0.1165260755991407,0.4213912770678051,0.596231764610585,-0.9405436406054154,0.2203443680265389,-1.3759692008680076,-1.031275009879428,0.3070404075144982,-1.340869290880347,1.195450804572871,-1.4128513252897623,-0.1587822354845152,-1.275234241104605,-0.3364266374948575,0.596231764610585,-1.4930045626254098,1.1766578532028555,-0.5741553087945971,-0.1118451385279671
GTEX-QV31,-1.3295291071787323,1.5369552544493164,-1.4930045626254098,1.1314042769717068,-1.195450804572871,-1.7968702837153614,-1.0716906581760843,-1.3295291071787323,-1.899384692461367,-1.388054028556375,0.7602179716124496,0.9924772957033684,0.1024905076914515,-0.6995152985526998,-2.0645981446801454,1.1402686438941925,0.1118451385279671,0.9261656018472316,0.0372127170621943,-0.4727891209922674,1.412851325289763,1.5679914964717907,0.9119765235615476,1.5369552544493164,1.6006161338119125,-1.1766578532028555,1.2050075920152503,0.4213912770678051,-0.933330502902325,-0.9190479335937772,-1.8457049029212595,-0.2538273506747333,-0.7540238855634623,0.4469425897337917,-1.8457049029212595,0.8979687192568956,0.8173487968777844,-0.4213912770678052,-0.4727891209922674,1.2545353222880942,-0.6995152985526998,-1.6530030581052302,1.4789766045652544,-1.0155724616555522,0.1918414273303961,1.2545353222880942,1.6906216295848986,-1.340869290880347,1.0883562937618656,0.7295305620669889,-0.4572444368663248,-1.1860019705320748,-0.810871091550414,-0.0511780111120515,-1.131404276971706,-0.2586330669514177,-1.465233792685523,1.5679914964717907,1.195450804572871,0.8304082942029329,0.8502677319367892,0.3021690572528446,0.187106675327825
GTEX-QV44,-0.3512278212462601,1.6175881179674108,-1.7103643678208365,-0.3364266374948575,-0.7980166062079388,0.381066386264334,-0.7664413630494566,0.2924477009350161,-0.962482977182896,-0.7114443807664012,0.7852926508502123,-0.6759500545663616,-1.7103643678208365,-0.8304082942029333,-0.0139520014707611,1.1226279320577794,0.4727891209922672,1.388054028556374,0.6470103701484196,1.412851325289763,2.105469450920689,-0.0186031380810724,2.6016947511653696,-0.3364266374948575,0.9405436406054154,-1.7739779942235536,-0.4884489019738811,1.3295291071787323,0.0046505330426105,-2.6016947511653714,-0.7295305620669889,0.5632218016027939,-1.9591709979048224,1.6530030581052302,-0.5308145305532522,2.6016947511653696,1.8718707308672449,-1.0634684328718786,-1.0553174817566977,1.3759692008680082,-2.10546945092069,-1.899384692461367,1.4255825774365014,-1.131404276971706,-1.4128513252897623,0.7174469963041701,-0.7054672908207708,-0.9924772957033684,1.899384692461367,-0.2394448346237824,-0.4989554619580166,-1.1492235271996152,-1.7739779942235536,2.772318040028347,-1.6906216295848977,0.4112482139938643,-0.5741553087945971,-0.0232546771714069,1.635039266801711,-0.0511780111120515,0.3315094021268154,1.5369552544493164,1.4789766045652544
GTEX-QXCU,-0.7664413630494566,0.681805760846509,0.5415534608499961,-0.0186031380810724,-0.3910871229289391,-1.3295291071787323,-1.3295291071787323,-0.8979687192568958,-1.275234241104605,-0.2586330669514177,0.8636956533670372,0.2442333585910436,-0.520136471164208,0.2538273506747331,-0.7726945818405243,-0.0838072954543562,-0.4572444368663248,1.0634684328718786,0.5796478267226207,0.1729271126904469,1.031275009879428,0.5851578873218706,-0.6412876570233803,0.2108246297118815,0.2442333585910436,-1.140268643894193,0.1071666508459588,0.2155820567040674,-0.6186027229558672,-0.0418668742548895,-0.3512278212462601,0.3760703934941728,-0.0372127170621942,0.2779170089683694,-1.5679914964717907,1.465233792685523,-0.0791413141184694,-0.3661063568005696,-1.1582715276653734,0.3315094021268154,-0.4572444368663248,-0.2251116819514788,0.8436109784655275,-0.3611379974371059,-0.1399711994794718,-0.1682084481374103,0.3021690572528446,-0.3710837698778002,-0.4727891209922674,0.7356124152439232,-1.0553174817566977,0.0744770551717114,0.1212095673006741,1.412851325289763,-0.2634447638039343,-0.8979687192568958,-1.7519793109683373,-0.1118451385279671,0.546946359787327,-0.4936953696832038,0.5415534608499961,0.2394448346237824,0.6412876570233801
GTEX-R55C,-1.6006161338119125,0.9119765235615476,-0.1352764286523604,-0.8304082942029333,-0.0325593658056133,-2.6016947511653714,-0.7417216005233308,0.9261656018472316,-1.4003450431366584,-1.0883562937618656,1.4517622707385982,1.0634684328718786,1.2343603801814165,-0.0465219385151119,-1.871870730867245,0.4418094672275395,0.1165260755991407,1.2443845388232115,-0.2973048669834489,-1.3295291071787323,0.9119765235615476,1.2545353222880942,-1.1226279320577794,1.1492235271996152,1.2857916935144202,0.0325593658056133,1.0553174817566977,-0.5095173924720496,-2.3187579709778325,0.3315094021268154,-1.5219770060190867,-0.3561785367094661,0.3413520209215255,-0.4884489019738811,-1.4930045626254098,0.810871091550414,-0.2108246297118815,0.7852926508502123,0.4936953696832036,1.635039266801711,0.1918414273303961,-0.2013239596350001,1.0716906581760843,0.5042293960498542,1.6006161338119125,-1.195450804572871,1.1226279320577794,-1.7739779942235536,0.6701174349839331,0.8636956533670372,-0.2682625678197609,-1.2443845388232115,-0.5308145305532522,-0.2108246297118815,0.2682625678197607,-0.5906857713824718,-1.1582715276653734,0.3512278212462599,0.3413520209215255,0.1965804839448126,1.0634684328718786,-2.255232508842998,-0.8436109784655275
GTEX-R55D,0.2730866066364132,0.0698144159426549,-0.7726945818405243,2.199684129871479,-0.4469425897337917,1.2648170437118502,-0.624243729236281,-0.2779170089683694,-0.2586330669514177,-0.9405436406054154,-0.2924477009350161,0.3070404075144982,-1.167415358726977,-0.4469425897337917,-2.484125224707312,-0.346285699342696,0.0046505330426105,-0.7852926508502125,-0.9924772957033684,0.7540238855634623,0.1352764286523606,-1.6350392668017106,1.3073477923443682,-0.346285699342696,0.6585199505483372,-0.5906857713824718,-0.5308145305532522,0.6935879849651033,-0.2060719695833272,0.5523552129489121,-1.4128513252897623,-0.4213912770678052,-0.1587822354845152,1.3523845818311528,0.0418668742548894,0.1587822354845152,1.388054028556374,-1.61758811796741,0.3021690572528446,0.0931448373144652,0.5632218016027939,-1.031275009879428,-0.6355858691140569,0.1682084481374105,-0.4315778808977973,2.1501937961635003,0.0372127170621943,0.0838072954543562,0.009301166667146,-0.5095173924720496,1.1402686438941925,0.8173487968777844,1.4789766045652544,0.1071666508459588,0.7540238855634623,0.1399711994794717,-0.0511780111120515,1.2964944386804569,0.4112482139938643,1.0472360474261069,0.0,1.7103643678208365,0.6935879849651033
GTEX-R55E,-0.624243729236281,-0.0279067194760659,1.2964944386804569,-0.8044272335589816,0.9848956614915162,-0.0372127170621942,-0.2346617948613114,-0.6299046699224384,-1.5522864776181842,0.023254677171407,0.4315778808977973,-0.3611379974371059,2.318757970977832,-0.7174469963041701,-1.2146757214668782,1.3640820484975271,3.112470178603064,0.7417216005233305,0.3910871229289391,-1.5219770060190867,0.5741553087945971,0.7478585947633022,-0.6876849397127831,1.928416512895066,-0.4213912770678052,-0.8636956533670372,-0.0418668742548895,0.6759500545663616,-1.3073477923443677,-0.5254680115197978,-0.5741553087945971,-0.2490274894100124,-0.0139520014707611,-0.5523552129489121,-0.5686800575348554,-0.1776496307692544,-0.5095173924720496,0.1165260755991407,-0.1493701104165827,1.4789766045652544,-1.3295291071787323,-0.3661063568005696,0.5632218016027939,-1.1053298282224613,1.4517622707385982,0.1634935259298645,0.1212095673006741,-1.4517622707385982,1.7739779942235527,1.0883562937618656,1.4517622707385982,-0.32660016939701,-0.2586330669514177,-1.8457049029212595,0.7054672908207708,0.467595041522105,-0.7114443807664012,1.7103643678208365,0.1118451385279671,0.4469425897337917,-0.0232546771714069,0.1729271126904469,-0.2251116819514788
GTEX-R55F,-0.2251116819514788,-1.3183573694113604,0.3021690572528446,-0.8173487968777844,1.899384692461367,0.2586330669514177,1.1766578532028555,0.3561785367094661,-0.0093011666671462,0.9190479335937772,-1.2443845388232115,0.1165260755991407,-0.3860719086350268,-0.8569623777792261,0.7540238855634623,0.8704683159405441,1.412851325289763,-1.0799859809506631,-0.2730866066364132,0.2203443680265389,-0.5741553087945971,-0.3216987953648042,0.0558351934681737,-0.0186031380810724,-0.9924772957033684,1.1053298282224615,0.9924772957033684,-0.2251116819514788,1.0883562937618656,-0.1024905076914514,0.4163143916073593,-0.7114443807664012,0.8910305119824391,-0.7295305620669889,0.2586330669514177,-0.229884117579232,0.884134934875026,0.7664413630494566,0.7295305620669889,0.1446690574398205,0.5851578873218706,0.5851578873218706,-0.9261656018472316,-1.0799859809506631,-0.7916386077433746,-1.2244587432783245,-1.3183573694113604,0.3070404075144982,1.4517622707385982,-0.0558351934681735,0.1776496307692544,0.32660016939701,0.2251116819514788,0.1729271126904469,0.4264790471503241,0.9119765235615476,0.2779170089683694,1.0155724616555522,-1.61758811796741,0.4520875158696414,-1.7968702837153614,0.0465219385151119,-0.0372127170621942
GTEX-REY6,-0.0931448373144652,1.0472360474261069,-0.1587822354845152,-1.4128513252897623,-1.2648170437118496,-0.229884117579232,-2.3187579709778325,-0.1024905076914514,-0.1446690574398205,-0.5851578873218707,0.9478060492911886,0.65275435145221,0.0418668742548894,0.0,0.1634935259298645,0.0558351934681737,-0.624243729236281,0.904950425274544,0.2108246297118815,1.224458743278325,1.0799859809506631,0.681805760846509,0.1305846375599525,-0.2442333585910436,-0.3216987953648042,-1.340869290880347,0.3413520209215255,-0.4213912770678052,0.2924477009350161,-0.8910305119824391,-0.2586330669514177,0.2060719695833272,-1.3073477923443677,1.521977006019087,-0.1118451385279671,0.9261656018472316,0.3910871229289391,0.1965804839448126,-1.7519793109683373,-0.1118451385279671,-1.2343603801814165,-0.8173487968777844,0.7916386077433746,-0.0978166045653749,-0.4520875158696413,0.8772811433566338,0.4315778808977973,-0.6701174349839331,-0.65275435145221,-1.2244587432783245,-2.3187579709778325,-0.514819675081733,-0.6412876570233803,1.4930045626254098,-0.0791413141184694,-0.514819675081733,-0.1729271126904469,-1.3183573694113604,0.2634447638039344,-0.8238609817031132,0.7417216005233305,0.5415534608499961,0.933330502902325
GTEX-RM2N,-1.1226279320577794,0.9698997294331956,-0.977370221692195,-0.5906857713824718,0.1118451385279671,-1.140268643894193,-0.4779959870785905,-0.1399711994794718,-1.3073477923443677,-0.8173487968777844,1.2648170437118502,-0.3070404075144982,0.6017961577614437,-0.0418668742548895,-1.0472360474261069,0.0604935871747794,1.0155724616555522,1.465233792685523,-0.1446690574398205,1.3759692008680082,1.2443845388232115,1.388054028556374,1.1492235271996152,0.3315094021268154,0.546946359787327,0.2875974245860253,-0.3315094021268153,0.4989554619580166,-1.275234241104605,-1.0392224351527355,-0.955118795069792,0.0558351934681737,-0.1918414273303961,0.5308145305532521,-1.3295291071787323,0.8910305119824391,1.0155724616555522,-1.3640820484975271,0.3413520209215255,0.7478585947633022,0.5415534608499961,-0.5361762663658064,1.2443845388232115,-0.4520875158696413,0.2346617948613113,0.2827539046344999,0.5308145305532521,-0.904950425274544,0.9261656018472316,0.8772811433566338,1.1053298282224615,-1.7739779942235536,-1.9284165128950652,0.9119765235615476,-0.904950425274544,-1.6006161338119125,-0.9261656018472316,1.8718707308672449,0.9261656018472316,-1.9284165128950652,1.0883562937618656,-1.7307972047605154,-0.5632218016027938
GTEX-RN64,-0.8910305119824391,-1.6530030581052302,-0.2924477009350161,0.8369913991407895,-0.7174469963041701,-0.5254680115197978,-0.6073792467767407,-0.6818057608465092,-0.0186031380810724,-0.5254680115197978,-1.5522864776181842,1.5840930675378757,-0.3760703934941728,-0.6585199505483369,0.4469425897337917,0.9261656018472316,-0.6017961577614439,-1.3759692008680076,-1.8457049029212595,1.023392193391522,-1.1139372153566884,-0.0279067194760659,-1.5679914964717907,0.0139520014707611,0.3561785367094661,0.6073792467767407,1.5679914964717907,1.465233792685523,1.4517622707385982,0.6470103701484196,-0.2394448346237824,-1.131404276971706,-0.0418668742548895,-0.7054672908207708,-0.1446690574398205,0.3021690572528446,0.3860719086350267,0.6876849397127831,-0.520136471164208,0.6995152985526999,0.6470103701484196,-0.1682084481374103,-1.2343603801814165,0.0279067194760658,0.6242437292362808,-0.6759500545663616,-1.0001164123162831,0.7916386077433746,-0.0558351934681735,1.6175881179674108,-1.7968702837153614,0.4727891209922672,0.7054672908207708,-0.7789781621703243,0.1118451385279671,0.4011472862273944,1.0392224351527355,0.2779170089683694,-2.7723180400283463,1.9918985578978008,-0.7916386077433746,1.8718707308672449,1.6906216295848986
GTEX-RUSQ,0.1352764286523606,0.0931448373144652,0.0604935871747794,0.0418668742548894,0.5686800575348554,0.1682084481374105,0.0558351934681737,0.1776496307692544,-0.0558351934681735,-0.0791413141184694,0.0931448373144652,0.7417216005233305,-1.0553174817566977,-0.1871066753278251,-0.904950425274544,-0.4779959870785905,0.6470103701484196,-0.0279067194760659,-0.0604935871747794,-0.0651532940076319,-0.7356124152439232,0.2682625678197607,0.2251116819514788,0.9698997294331956,0.1071666508459588,-0.7980166062079388,1.0472360474261069,-0.3021690572528447,-0.6470103701484196,-0.6129813329265346,-0.1352764286523604,-0.3021690572528447,-0.4315778808977973,0.3315094021268154,0.7478585947633022,-1.4930045626254098,0.4989554619580166,0.525468011519798,0.7356124152439232,1.3183573694113604,-0.3413520209215255,0.0744770551717114,-0.0418668742548895,-0.4832158447606152,0.009301166667146,0.1165260755991407,-0.107166650845959,-1.195450804572871,0.2060719695833272,0.7664413630494566,-1.1226279320577794,0.0651532940076319,-0.4213912770678052,-0.810871091550414,-0.1212095673006743,-0.7417216005233308,0.9698997294331956,0.3661063568005698,-0.1682084481374103,-0.2973048669834489,0.0279067194760658,-0.810871091550414,-0.4675950415221049
GTEX-RVPU,1.3073477923443682,-1.0634684328718786,1.412851325289763,-0.6355858691140569,-0.0931448373144652,0.3119190548203253,0.977370221692195,1.0472360474261069,-0.2779170089683694,1.438549182645292,-1.0078143423127026,0.4520875158696414,-0.2586330669514177,0.7234755745418949,0.7789781621703243,-0.1871066753278251,0.2442333585910436,-0.8636956533670372,-0.1118451385279671,1.3295291071787323,-1.2244587432783245,-1.2050075920152503,-1.0634684328718786,-0.4727891209922674,-1.6530030581052302,-0.1258957192703828,0.65275435145221,0.6186027229558674,0.7478585947633022,1.0634684328718786,1.5679914964717907,-0.0418668742548895,1.1860019705320748,-1.0634684328718786,-0.2346617948613114,-1.4789766045652544,-2.10546945092069,0.7602179716124496,-0.8369913991407895,-0.0978166045653749,0.2060719695833272,0.6412876570233801,-0.7234755745418949,0.7789781621703243,0.1305846375599525,-0.9924772957033684,-0.0465219385151119,0.8636956533670372,0.0,1.7307972047605154,0.2586330669514177,0.1965804839448126,1.1860019705320748,-1.167415358726977,1.3523845818311528,0.7478585947633022,-0.3961121933896049,-0.9924772957033684,-1.2964944386804564,0.6643075238930058,-2.026910034791593,-0.2634447638039343,-0.7356124152439232
GTEX-RVPV,0.2875974245860253,-0.8910305119824391,-1.2146757214668782,-1.465233792685523,-0.3961121933896049,0.5308145305532521,0.6242437292362808,-0.5851578873218707,0.6242437292362808,0.8979687192568956,-0.1493701104165827,-0.4112482139938643,-0.2827539046344998,0.9848956614915162,1.6530030581052302,-0.1682084481374103,0.9848956614915162,-0.3070404075144982,1.5840930675378757,-0.0093011666671462,0.1212095673006741,-0.4418094672275395,1.3523845818311528,-1.6715166841106104,-1.167415358726977,0.8238609817031132,-0.8569623777792261,1.3183573694113604,1.899384692461367,0.1258957192703828,1.1139372153566884,1.3523845818311528,0.2779170089683694,-0.810871091550414,0.0558351934681737,-0.0186031380810724,0.2155820567040674,-0.7602179716124495,-1.195450804572871,-0.7114443807664012,1.195450804572871,0.0139520014707611,-0.520136471164208,1.0553174817566977,-0.8044272335589816,0.3512278212462599,-0.9119765235615476,1.4255825774365014,0.2973048669834491,-0.3860719086350268,0.9924772957033684,-0.6470103701484196,-0.1352764286523604,0.2155820567040674,-1.3295291071787323,-0.3760703934941728,0.3168051375343427,0.462413546573279,-0.0558351934681735,0.4011472862273944,0.1258957192703828,0.2827539046344999,-0.2060719695833272
GTEX-RWSA,-1.340869290880347,0.3561785367094661,-1.9284165128950652,2.6016947511653696,-0.6017961577614439,-1.1053298282224613,-0.9261656018472316,-1.7103643678208365,-0.2394448346237824,-0.2875974245860253,0.5851578873218706,0.7602179716124496,-2.10546945092069,1.1860019705320748,-0.5577802741991821,-0.7114443807664012,-1.9591709979048224,0.6355858691140571,1.928416512895066,0.0558351934681737,1.0392224351527355,-0.4832158447606152,0.3512278212462599,-0.0698144159426548,-0.5308145305532522,-1.0716906581760843,-0.1352764286523604,-0.0884751021146149,0.4112482139938643,-0.2060719695833272,-1.3183573694113604,1.9591709979048224,-1.1492235271996152,1.9591709979048224,-0.3021690572528447,0.9190479335937772,0.7478585947633022,-0.4163143916073592,-1.3073477923443677,0.6585199505483372,0.1352764286523606,-1.465233792685523,0.546946359787327,0.2203443680265389,-1.2857916935144202,1.3523845818311528,-1.2964944386804564,0.5632218016027939,-0.7664413630494566,-0.850267731936789,-0.4418094672275395,-0.4112482139938643,-0.5469463597873272,2.0645981446801467,-1.2964944386804564,-1.9918985578978008,-0.0046505330426104,1.412851325289763,0.4315778808977973,0.2251116819514788,1.2857916935144202,1.9591709979048224,1.5840930675378757
GTEX-S33H,-1.899384692461367,-0.3760703934941728,-0.5632218016027938,0.9924772957033684,1.0392224351527355,-1.1226279320577794,-0.1165260755991406,-0.0465219385151119,-1.140268643894193,-0.4163143916073592,-0.3413520209215255,2.0269100347915936,1.7519793109683377,-1.2244587432783245,-0.962482977182896,2.199684129871479,0.2060719695833272,-0.1540744667957508,-0.6995152985526998,-0.8704683159405441,-0.3961121933896049,0.8369913991407895,-0.346285699342696,2.199684129871479,1.2443845388232115,0.4989554619580166,1.899384692461367,1.82074492261502,-0.2827539046344998,-0.6935879849651033,-0.7789781621703243,-1.0155724616555522,1.521977006019087,-1.2964944386804564,-0.933330502902325,0.0744770551717114,-0.0978166045653749,1.521977006019087,0.8636956533670372,2.772318040028347,-1.2964944386804564,-0.3216987953648042,0.023254677171407,-1.7519793109683373,-0.5632218016027938,-1.61758811796741,0.9924772957033684,-0.4264790471503241,2.199684129871479,0.9698997294331956,0.7540238855634623,-0.884134934875026,0.5741553087945971,-0.3413520209215255,0.4112482139938643,1.3073477923443682,-0.596231764610585,1.6175881179674108,-1.388054028556375,2.772318040028347,-1.140268643894193,0.9190479335937772,0.1965804839448126
GTEX-S3LF,1.5369552544493164,-0.7789781621703243,0.7916386077433746,-1.3523845818311535,1.224458743278325,1.0472360474261069,1.6715166841106104,0.8979687192568956,0.6470103701484196,1.2752342411046045,-0.7540238855634623,-0.0511780111120515,-0.7664413630494566,-0.5741553087945971,2.0645981446801467,-0.2634447638039343,1.5369552544493164,-0.5308145305532522,-1.1226279320577794,-0.1587822354845152,-0.8436109784655275,-1.3640820484975271,-0.514819675081733,-0.7789781621703243,-1.4128513252897623,-0.1776496307692544,0.3070404075144982,0.8369913991407895,1.5679914964717907,1.5073326312512036,1.635039266801711,-1.438549182645292,1.8718707308672449,-1.899384692461367,0.9261656018472316,-0.8044272335589816,-1.2964944386804564,0.5095173924720495,-1.2443845388232115,-0.4675950415221049,1.1492235271996152,1.2964944386804569,-0.4061925696666297,0.7602179716124496,-0.0698144159426548,-1.465233792685523,-0.810871091550414,1.928416512895066,0.3611379974371059,0.6759500545663616,1.6006161338119125,-0.0558351934681735,1.84570490292126,-1.7968702837153614,1.465233792685523,0.7234755745418949,1.0078143423127026,-0.8369913991407895,-0.9924772957033684,0.6299046699224384,-1.7307972047605154,0.201323959635,-0.8238609817031132
GTEX-S3XE,-1.6530030581052302,0.6759500545663616,-1.388054028556375,1.6530030581052302,-3.112470178603051,-0.3364266374948575,-1.7519793109683373,-0.6355858691140569,-0.6470103701484196,-2.1501937961635003,1.5840930675378757,-1.7103643678208365,1.000116412316283,0.6299046699224384,-0.7664413630494566,0.8173487968777844,-1.6530030581052302,1.5522864776181842,0.1024905076914515,0.6186027229558674,1.4255825774365014,1.412851325289763,0.9848956614915162,0.4213912770678051,1.5522864776181842,-1.0078143423127026,-0.4163143916073592,-0.1165260755991406,-1.0634684328718786,-0.3810663862643338,-0.7356124152439232,0.6242437292362808,-1.5219770060190867,1.412851325289763,-2.484125224707312,1.3183573694113604,0.7174469963041701,-1.388054028556375,-0.8979687192568958,1.0883562937618656,-0.2538273506747333,-1.9591709979048224,1.1766578532028555,0.0838072954543562,0.2060719695833272,0.5632218016027939,1.6530030581052302,-0.1165260755991406,-1.0078143423127026,-1.6906216295848977,-0.8173487968777844,-1.82074492261502,-0.977370221692195,1.5679914964717907,-0.8772811433566338,-0.2490274894100124,-2.1501937961635003,0.5632218016027939,1.0392224351527355,0.1729271126904469,1.7968702837153605,1.0883562937618656,1.3640820484975271
GTEX-S4Q7,-0.8238609817031132,1.7968702837153605,-0.8569623777792261,0.596231764610585,-0.3413520209215255,-0.884134934875026,-1.6350392668017106,0.3961121933896049,-0.9190479335937772,-2.026910034791593,1.7103643678208365,-0.2108246297118815,1.1674153587269775,-0.596231764610585,-1.2343603801814165,0.3611379974371059,0.5415534608499961,1.4789766045652544,-0.4989554619580166,0.009301166667146,1.635039266801711,1.0799859809506631,1.438549182645292,-0.5796478267226205,0.8569623777792261,0.023254677171407,0.0046505330426105,-0.3661063568005696,-1.3295291071787323,-0.3611379974371059,-0.884134934875026,-0.1165260755991406,0.5632218016027939,0.6242437292362808,-1.7519793109683373,0.8502677319367892,1.0634684328718786,-0.1965804839448126,-0.6818057608465092,0.2730866066364132,-0.462413546573279,-0.977370221692195,1.9918985578978008,-0.2013239596350001,0.0838072954543562,0.4989554619580166,0.904950425274544,-0.6299046699224384,0.6186027229558674,0.3119190548203253,-0.5851578873218707,-0.1918414273303961,-1.6715166841106104,0.3070404075144982,-1.2648170437118496,-0.3910871229289391,-2.026910034791593,1.023392193391522,1.9918985578978008,-0.4779959870785905,1.6906216295848986,-1.7739779942235536,-0.9190479335937772
GTEX-S4Z8,-1.7519793109683373,0.7980166062079388,-1.9591709979048224,2.3932998646116808,-1.7739779942235536,-1.6006161338119125,-0.5361762663658064,-2.0645981446801454,-1.82074492261502,-0.8636956533670372,-0.1399711994794718,-0.4011472862273942,-0.4213912770678052,-0.8238609817031132,-0.2973048669834489,0.6935879849651033,-2.3187579709778325,0.1212095673006741,0.3364266374948573,1.9591709979048224,1.5522864776181842,-0.0838072954543562,0.65275435145221,0.9478060492911886,1.1766578532028555,-3.112470178603051,0.1634935259298645,1.388054028556374,0.7356124152439232,-2.1501937961635003,-1.0392224351527355,-0.2779170089683694,-0.9478060492911888,1.6715166841106104,-0.4884489019738811,3.112470178603064,1.438549182645292,-0.7916386077433746,-0.962482977182896,1.7519793109683377,-1.899384692461367,-2.1501937961635003,1.031275009879428,-1.2648170437118496,-2.255232508842998,2.4841252247073147,1.5840930675378757,0.0372127170621943,0.0978166045653749,1.5522864776181842,-1.7103643678208365,-0.5095173924720496,0.009301166667146,3.112470178603064,-1.0078143423127026,-1.167415358726977,0.1776496307692544,-0.0139520014707611,0.5906857713824718,1.4930045626254098,0.2203443680265389,2.6016947511653696,2.318757970977832
GTEX-S7PM,0.2442333585910436,-1.1492235271996152,-0.3119190548203253,0.2394448346237824,0.4469425897337917,1.6175881179674108,1.2648170437118502,0.4572444368663246,1.0634684328718786,0.810871091550414,-1.0968035620935137,1.3523845818311528,-0.3119190548203253,-1.2050075920152503,0.9924772957033684,0.3216987953648042,-0.4315778808977973,-0.9405436406054154,-1.5073326312512032,0.4779959870785905,-1.3183573694113604,-1.2857916935144202,-0.2394448346237824,-0.514819675081733,-1.7307972047605154,1.5840930675378757,1.521977006019087,0.8569623777792261,0.0884751021146148,1.3183573694113604,0.9190479335937772,-1.871870730867245,2.0645981446801467,-1.7739779942235536,0.6995152985526999,-1.5369552544493164,-1.7519793109683373,1.7968702837153605,-0.2730866066364132,-0.3810663862643338,1.1674153587269775,0.381066386264334,-0.7980166062079388,-0.1823761141706537,-0.5741553087945971,-0.6935879849651033,-1.1492235271996152,1.1053298282224615,0.0558351934681737,0.681805760846509,0.4264790471503241,-0.1258957192703828,1.412851325289763,-0.5308145305532522,1.1226279320577794,0.7295305620669889,0.3910871229289391,-0.4061925696666297,-1.0392224351527355,1.2146757214668782,-0.8704683159405441,-0.1352764286523604,-0.8704683159405441
GTEX-S7SE,-0.810871091550414,-1.1226279320577794,-0.4264790471503241,2.105469450920689,0.2060719695833272,0.5796478267226207,0.7789781621703243,-1.275234241104605,1.1674153587269775,0.1446690574398205,-1.0553174817566977,-0.2442333585910436,-1.0001164123162831,-0.8369913991407895,0.4264790471503241,-0.1587822354845152,-0.7174469963041701,-0.9119765235615476,-0.514819675081733,0.962482977182896,-0.3512278212462601,-1.7103643678208365,0.467595041522105,0.8044272335589819,-0.1118451385279671,-0.3961121933896049,-0.2538273506747333,0.1776496307692544,0.6643075238930058,0.9924772957033684,0.0372127170621943,-1.3523845818311535,0.3315094021268154,-0.7602179716124495,1.7307972047605154,-0.4675950415221049,0.1446690574398205,-0.4315778808977973,0.4213912770678051,0.6935879849651033,0.8173487968777844,-0.7916386077433746,-0.7726945818405243,0.0046505330426105,-0.6129813329265346,-0.2634447638039343,-0.3710837698778002,1.1226279320577794,-0.2682625678197609,0.9848956614915162,-0.3710837698778002,-0.6355858691140569,1.438549182645292,0.1165260755991407,-0.1776496307692544,-0.6995152985526998,1.7968702837153605,0.8044272335589819,-1.1582715276653734,1.1582715276653734,-0.3611379974371059,1.7739779942235527,0.1682084481374105
GTEX-S95S,-0.6412876570233803,1.224458743278325,-0.8772811433566338,-0.32660016939701,-0.6818057608465092,-0.5308145305532522,-0.6017961577614439,-0.2682625678197609,-0.850267731936789,-0.933330502902325,1.0968035620935137,-0.4832158447606152,0.4469425897337917,0.32660016939701,-0.6412876570233803,0.1682084481374105,0.381066386264334,1.2146757214668782,0.5741553087945971,-0.3364266374948575,1.1860019705320748,1.224458743278325,1.1674153587269775,0.810871091550414,0.6643075238930058,-0.8304082942029333,0.0139520014707611,0.0698144159426549,-1.5073326312512032,-1.0001164123162831,-0.8304082942029333,0.7295305620669889,-1.4789766045652544,1.1674153587269775,-1.1226279320577794,1.2443845388232115,1.521977006019087,-0.5796478267226205,0.4163143916073593,1.1674153587269775,-0.7174469963041701,-0.884134934875026,1.1860019705320748,-0.6585199505483369,-0.3910871229289391,-0.0604935871747794,0.1682084481374105,-0.8569623777792261,0.546946359787327,0.3462856993426961,-0.4213912770678052,-0.4675950415221049,-2.199684129871477,1.4517622707385982,-0.9848956614915162,-0.7852926508502125,-1.0553174817566977,0.9405436406054154,0.7478585947633022,-0.8304082942029333,0.7234755745418949,-0.0093011666671462,0.4163143916073593
GTEX-SIU8,-0.1587822354845152,-0.884134934875026,-0.4989554619580166,0.8502677319367892,-0.8044272335589816,0.0279067194760658,1.2545353222880942,-0.884134934875026,1.3759692008680082,0.6186027229558674,-0.850267731936789,0.5577802741991821,-0.2924477009350161,0.3413520209215255,1.5522864776181842,-0.3860719086350268,-0.7789781621703243,-1.131404276971706,-0.1305846375599525,-0.9924772957033684,-0.9698997294331952,-0.9261656018472316,-1.6006161338119125,0.0604935871747794,-0.2730866066364132,-0.3168051375343428,1.1139372153566884,-0.0279067194760659,1.2648170437118502,1.6906216295848986,1.0968035620935137,-0.1118451385279671,1.0392224351527355,-0.5469463597873272,1.2545353222880942,0.0465219385151119,-1.1053298282224613,0.6470103701484196,-1.2146757214668782,-0.4011472862273942,1.0968035620935137,-0.0139520014707611,-0.9848956614915162,0.6701174349839331,-0.7174469963041701,-1.167415358726977,-1.3759692008680076,1.7307972047605154,-1.61758811796741,0.6129813329265346,0.6470103701484196,0.3119190548203253,1.5522864776181842,-0.8569623777792261,0.3168051375343427,-0.0465219385151119,1.635039266801711,0.0698144159426549,-1.465233792685523,0.2730866066364132,-0.6585199505483369,0.2251116819514788,-0.3021690572528447
GTEX-SJXC,-0.8304082942029333,-1.5369552544493164,-0.8369913991407895,0.7417216005233305,-1.2050075920152503,-1.438549182645292,0.2490274894100126,-2.199684129871477,0.1918414273303961,0.3168051375343427,-1.4517622707385982,1.195450804572871,0.3611379974371059,0.1823761141706538,1.9591709979048224,0.4520875158696414,-0.5632218016027938,-1.2545353222880942,0.201323959635,0.2538273506747331,-0.1729271126904469,-0.0465219385151119,-2.0645981446801454,-0.3961121933896049,-0.514819675081733,0.2346617948613113,0.962482977182896,1.0078143423127026,2.199684129871479,0.9848956614915162,0.7234755745418949,-0.1305846375599525,0.5851578873218706,-0.6017961577614439,0.0838072954543562,0.9924772957033684,-0.5254680115197978,0.514819675081733,-0.9848956614915162,-0.0093011666671462,1.3408692908803477,-0.5851578873218707,-1.1139372153566884,0.4011472862273944,-0.4264790471503241,-0.7054672908207708,-1.4517622707385982,2.199684129871479,-0.2634447638039343,0.7789781621703243,0.4832158447606152,-0.2875974245860253,1.2648170437118502,0.0325593658056133,-0.7295305620669889,-0.9698997294331952,0.6355858691140571,0.4520875158696414,-1.4930045626254098,0.884134934875026,-0.6818057608465092,1.4789766045652544,0.2442333585910436
GTEX-SNMC,-1.5679914964717907,0.5906857713824718,-2.199684129871477,0.1965804839448126,-0.4112482139938643,-2.026910034791593,-0.6876849397127831,-1.1226279320577794,-1.3183573694113604,-1.0155724616555522,2.0645981446801467,0.4779959870785905,1.400345043136658,1.0883562937618656,-1.0716906581760843,0.525468011519798,0.6073792467767407,2.199684129871479,1.82074492261502,-0.7852926508502125,1.4517622707385982,1.2343603801814165,0.884134934875026,0.4163143916073593,0.3119190548203253,0.4112482139938643,0.1118451385279671,-0.3710837698778002,-1.031275009879428,-0.107166650845959,-0.2730866066364132,1.6530030581052302,0.3961121933896049,-0.2394448346237824,-1.4517622707385982,0.1399711994794717,-0.504229396049854,0.4469425897337917,-0.2251116819514788,0.8173487968777844,0.4418094672275395,-0.8569623777792261,2.105469450920689,0.467595041522105,0.9405436406054154,-0.4418094672275395,0.2924477009350161,-0.5796478267226205,0.0139520014707611,0.8044272335589819,-0.2490274894100124,-1.5522864776181842,-1.6530030581052302,0.1352764286523606,-1.6350392668017106,-1.3523845818311535,-1.1139372153566884,1.3759692008680082,1.0716906581760843,-0.4520875158696413,1.7307972047605154,-0.7789781621703243,-1.9918985578978008
GTEX-SNOS,-1.9918985578978008,0.6299046699224384,-0.0978166045653749,-0.2394448346237824,-1.1582715276653734,-0.810871091550414,-0.3611379974371059,-0.0372127170621942,-1.6906216295848977,-0.7054672908207708,0.3216987953648042,1.465233792685523,2.105469450920689,-1.3523845818311535,-1.2964944386804564,1.412851325289763,1.195450804572871,0.4779959870785905,-0.7602179716124495,-0.0838072954543562,0.3021690572528446,2.772318040028347,-0.0698144159426548,1.635039266801711,1.4930045626254098,-1.1053298282224613,1.82074492261502,1.7307972047605154,-1.5840930675378757,-1.5219770060190867,-1.1766578532028555,-1.0883562937618656,0.955118795069792,0.525468011519798,-1.1766578532028555,0.7980166062079388,-0.4675950415221049,1.4255825774365014,-0.5523552129489121,1.82074492261502,-0.7916386077433746,-0.9698997294331952,0.525468011519798,-1.899384692461367,-0.0884751021146149,-0.1165260755991406,1.5073326312512036,-1.9918985578978008,1.6530030581052302,2.105469450920689,1.023392193391522,-2.0645981446801454,0.0139520014707611,0.5523552129489121,0.381066386264334,-0.4264790471503241,-0.8173487968777844,0.0325593658056133,0.5095173924720495,1.195450804572871,0.2060719695833272,-1.3759692008680076,-1.1053298282224613
GTEX-SUCS,-1.131404276971706,0.4832158447606152,-1.899384692461367,1.899384692461367,-2.484125224707312,-1.6906216295848977,-0.904950425274544,-1.3759692008680076,-1.7739779942235536,-1.2050075920152503,0.596231764610585,1.9591709979048224,0.2730866066364132,-0.0838072954543562,-1.9284165128950652,0.6995152985526999,-0.5796478267226205,0.7174469963041701,-0.0046505330426104,0.7916386077433746,1.0155724616555522,1.3523845818311528,0.0465219385151119,0.5577802741991821,1.3640820484975271,-1.1582715276653734,1.6906216295848986,0.7054672908207708,-0.955118795069792,-0.8304082942029333,-1.61758811796741,0.4884489019738812,0.3710837698778,0.955118795069792,-1.3523845818311535,1.84570490292126,0.1823761141706538,0.0,-0.9119765235615476,0.65275435145221,-0.9261656018472316,-2.0645981446801454,0.6935879849651033,-1.82074492261502,-1.2050075920152503,0.2251116819514788,1.521977006019087,-0.2779170089683694,0.3021690572528446,1.1226279320577794,-0.0604935871747794,-1.1226279320577794,1.0799859809506631,1.6006161338119125,-1.3523845818311535,-1.9591709979048224,-1.3073477923443677,0.1446690574398205,0.462413546573279,1.465233792685523,0.4469425897337917,1.2146757214668782,1.2146757214668782
GTEX-T2YK,-1.7968702837153614,-0.3216987953648042,-0.229884117579232,0.6470103701484196,0.5577802741991821,-1.7307972047605154,-0.0651532940076319,0.5906857713824718,-1.2857916935144202,-0.3561785367094661,-0.2875974245860253,3.112470178603064,-0.8979687192568958,-0.962482977182896,-1.5369552544493164,1.0392224351527355,1.000116412316283,-0.1024905076914514,-0.6585199505483369,-0.7417216005233308,-0.3021690572528447,0.3413520209215255,-0.2251116819514788,2.4841252247073147,0.2682625678197607,-0.3070404075144982,3.112470178603064,2.199684129871479,-0.8436109784655275,-0.0139520014707611,-0.6701174349839331,-0.9405436406054154,0.933330502902325,-1.1766578532028555,-0.8704683159405441,0.6935879849651033,-0.2973048669834489,2.772318040028347,2.0645981446801467,3.112470178603064,0.462413546573279,-0.346285699342696,0.0931448373144652,-0.7916386077433746,0.5741553087945971,-1.5219770060190867,-0.3021690572528447,-0.7054672908207708,1.388054028556374,0.3611379974371059,0.9261656018472316,-1.023392193391521,0.546946359787327,-1.4003450431366584,0.201323959635,0.1918414273303961,-0.5095173924720496,2.6016947511653696,-1.2545353222880942,3.112470178603064,-0.904950425274544,1.6175881179674108,-0.6935879849651033
GTEX-T5JC,-1.1582715276653734,-0.3168051375343428,0.4163143916073593,0.977370221692195,1.1139372153566884,-1.3073477923443677,-0.0604935871747794,-0.0698144159426548,-1.2648170437118496,-0.3512278212462601,-0.2827539046344998,1.1402686438941925,3.112470178603064,-1.1226279320577794,-0.4264790471503241,2.6016947511653696,1.2648170437118502,-0.0931448373144652,-0.65275435145221,-0.7356124152439232,-0.2973048669834489,1.2964944386804569,-2.6016947511653714,3.112470178603064,0.7295305620669889,0.0884751021146148,2.772318040028347,1.6530030581052302,-1.167415358726977,0.3119190548203253,-0.664307523893006,-0.933330502902325,2.4841252247073147,-1.167415358726977,-0.8636956533670372,-0.5796478267226205,-1.4003450431366584,1.7307972047605154,0.8369913991407895,2.318757970977832,-0.6470103701484196,-0.0325593658056133,0.0978166045653749,-1.6906216295848977,0.6355858691140571,-1.388054028556375,0.962482977182896,-1.275234241104605,1.5840930675378757,0.3661063568005698,1.3640820484975271,-0.2924477009350161,0.6643075238930058,-1.388054028556375,0.9698997294331956,0.7916386077433746,-0.504229396049854,1.9918985578978008,-1.2443845388232115,1.82074492261502,-1.0716906581760843,0.9478060492911886,-1.5219770060190867
GTEX-T6MN,0.1587822354845152,-1.7519793109683373,0.8173487968777844,0.2203443680265389,0.1399711994794717,0.0791413141184694,1.7307972047605154,0.4779959870785905,0.2155820567040674,1.3759692008680082,-1.6906216295848977,1.2752342411046045,-0.4469425897337917,0.0884751021146148,-0.1024905076914514,0.4989554619580166,-0.1823761141706537,-1.4930045626254098,-2.0645981446801454,0.0978166045653749,-1.340869290880347,-0.4727891209922674,-0.7356124152439232,-0.2060719695833272,-0.1165260755991406,0.0931448373144652,1.2648170437118502,0.2973048669834491,-0.229884117579232,1.3295291071787323,0.962482977182896,-0.8173487968777844,0.3611379974371059,-1.2857916935144202,0.5851578873218706,-0.4213912770678052,-0.7234755745418949,0.3413520209215255,0.0558351934681737,0.7417216005233305,-0.0046505330426104,0.0418668742548894,-1.3759692008680076,0.5796478267226207,0.884134934875026,-1.6006161338119125,0.0418668742548894,0.4213912770678051,0.0604935871747794,2.0645981446801467,-0.6759500545663616,0.0931448373144652,1.224458743278325,-1.1492235271996152,0.1258957192703828,0.201323959635,0.4832158447606152,-0.0604935871747794,-3.112470178603051,1.031275009879428,-2.10546945092069,0.3413520209215255,-1.0883562937618656
GTEX-U3ZH,-1.5073326312512032,-0.1776496307692544,-1.0634684328718786,-0.0418668742548895,0.7417216005233305,-0.6017961577614439,0.0139520014707611,1.7739779942235527,-1.031275009879428,-0.2155820567040673,-0.1682084481374103,2.6016947511653696,1.5073326312512036,-0.9698997294331952,-1.5679914964717907,2.3932998646116808,2.4841252247073147,0.0325593658056133,-0.5469463597873272,-0.5361762663658064,-0.1305846375599525,-0.5741553087945971,0.8436109784655275,2.2552325088429965,1.7103643678208365,-0.4264790471503241,2.2552325088429965,2.4841252247073147,-0.1776496307692544,-1.2343603801814165,-0.4675950415221049,-0.7852926508502125,-0.0325593658056133,-1.031275009879428,-0.7726945818405243,-0.3910871229289391,0.9848956614915162,2.0645981446801467,0.9119765235615476,2.6016947511653696,-1.2443845388232115,-1.2964944386804564,0.1776496307692544,-1.5522864776181842,-1.5073326312512032,0.0978166045653749,0.6995152985526999,-1.2964944386804564,2.6016947511653696,0.3561785367094661,0.8636956533670372,-1.2050075920152503,-0.9478060492911888,-0.5632218016027938,0.6242437292362808,1.82074492261502,-0.3070404075144982,0.4418094672275395,-1.0968035620935137,2.6016947511653696,-0.9119765235615476,1.4930045626254098,-1.3073477923443677
GTEX-U3ZM,-0.7602179716124495,1.635039266801711,-0.9924772957033684,0.0511780111120515,-0.4832158447606152,-1.275234241104605,-0.2442333585910436,-0.520136471164208,-1.5840930675378757,-0.5741553087945971,2.2552325088429965,-0.0791413141184694,1.1226279320577794,-0.1024905076914514,-1.6350392668017106,0.0325593658056133,-0.2634447638039343,2.2552325088429965,0.6412876570233801,-0.596231764610585,2.772318040028347,1.4930045626254098,1.1860019705320748,0.3860719086350267,0.5523552129489121,-1.2648170437118496,-1.4255825774365014,-0.2442333585910436,-1.2343603801814165,-1.4255825774365014,-0.5095173924720496,0.6470103701484196,-0.7478585947633022,0.6701174349839331,-1.0553174817566977,1.9591709979048224,0.462413546573279,-0.8238609817031132,-0.6701174349839331,0.5686800575348554,-0.4727891209922674,-0.5523552129489121,2.318757970977832,-0.0279067194760659,0.381066386264334,0.5906857713824718,0.7726945818405243,-1.0716906581760843,0.3760703934941728,-0.0511780111120515,-0.0931448373144652,-0.962482977182896,-1.1766578532028555,0.9190479335937772,-0.4936953696832038,-1.2343603801814165,-0.7234755745418949,0.4163143916073593,1.4517622707385982,-1.2244587432783245,2.0269100347915936,-0.6412876570233803,-0.8369913991407895
GTEX-U412,0.2394448346237824,-0.0186031380810724,1.5522864776181842,1.0078143423127026,0.5851578873218706,-0.3961121933896049,0.023254677171407,-0.7234755745418949,-0.0931448373144652,0.0046505330426105,-1.195450804572871,-0.7726945818405243,-0.5686800575348554,-0.6935879849651033,-0.107166650845959,-1.2443845388232115,1.1582715276653734,-0.5632218016027938,-0.4779959870785905,0.5415534608499961,-0.0418668742548895,-1.4128513252897623,0.1540744667957507,0.7980166062079388,-0.5254680115197978,0.2394448346237824,-1.6715166841106104,-0.6129813329265346,0.7602179716124496,0.3760703934941728,-0.0511780111120515,-0.4418094672275395,-0.462413546573279,0.3021690572528446,-0.0186031380810724,0.1540744667957507,1.7519793109683377,-2.199684129871477,1.4789766045652544,-0.0791413141184694,-0.3070404075144982,0.2060719695833272,0.520136471164208,-0.4884489019738811,0.6935879849651033,0.6935879849651033,-1.275234241104605,0.2108246297118815,0.0791413141184694,-0.8304082942029333,1.1492235271996152,2.0645981446801467,0.7789781621703243,0.2538273506747331,-0.346285699342696,0.1587822354845152,0.1399711994794717,0.7295305620669889,-0.3961121933896049,-0.9478060492911888,-0.4011472862273942,1.0155724616555522,0.7726945818405243
GTEX-U4B1,-0.1212095673006743,0.8502677319367892,0.3910871229289391,0.962482977182896,-0.7540238855634623,-1.5840930675378757,-1.2964944386804564,-1.340869290880347,-0.8044272335589816,-1.6350392668017106,1.82074492261502,-0.107166650845959,0.8502677319367892,1.9918985578978008,-0.977370221692195,-0.8044272335589816,-0.0838072954543562,1.5840930675378757,0.8772811433566338,-0.2251116819514788,1.3523845818311528,-0.1352764286523604,0.4884489019738812,-0.4832158447606152,-0.9405436406054154,0.0838072954543562,-0.7602179716124495,-0.1446690574398205,-0.962482977182896,0.884134934875026,-0.220344368026539,1.82074492261502,-0.9698997294331952,0.884134934875026,-1.5219770060190867,0.8044272335589819,0.3611379974371059,-1.5369552544493164,-0.504229396049854,-0.5254680115197978,0.810871091550414,-0.3910871229289391,1.3640820484975271,1.7307972047605154,1.1139372153566884,0.1965804839448126,-1.7103643678208365,0.6412876570233801,-1.140268643894193,-1.2443845388232115,0.8238609817031132,-0.5415534608499959,0.8569623777792261,1.2443845388232115,-1.0968035620935137,-2.199684129871477,-1.6906216295848977,0.4989554619580166,0.5796478267226207,-0.5686800575348554,1.1402686438941925,0.3216987953648042,-0.0139520014707611
GTEX-U8T8,0.0651532940076319,-0.933330502902325,0.5906857713824718,2.1501937961635003,-0.2730866066364132,0.32660016939701,0.884134934875026,-1.031275009879428,0.9848956614915162,0.6129813329265346,-0.884134934875026,0.4418094672275395,1.2050075920152503,-1.5522864776181842,1.000116412316283,0.8436109784655275,0.6299046699224384,-0.6935879849651033,-1.2857916935144202,-1.5840930675378757,-1.023392193391521,0.2730866066364132,-1.1053298282224613,1.0155724616555522,-0.0698144159426548,0.9848956614915162,0.2538273506747331,0.0511780111120515,0.4061925696666297,0.187106675327825,0.1446690574398205,-1.6006161338119125,-0.0279067194760659,-1.0155724616555522,0.9698997294331956,-0.9119765235615476,1.224458743278325,-1.031275009879428,1.0078143423127026,0.6242437292362808,-0.1258957192703828,0.2779170089683694,-0.5469463597873272,-0.7789781621703243,0.3910871229289391,-1.3523845818311535,-0.2394448346237824,0.8304082942029329,-0.3710837698778002,-0.4112482139938643,0.9119765235615476,2.2552325088429965,-0.107166650845959,-1.3073477923443677,-0.1024905076914514,1.1766578532028555,1.1053298282224615,1.0799859809506631,-1.6715166841106104,-0.2924477009350161,-1.0155724616555522,1.438549182645292,1.84570490292126
GTEX-U8XE,-0.977370221692195,1.5840930675378757,-0.5686800575348554,0.8173487968777844,-0.7417216005233308,-1.9918985578978008,-1.140268643894193,-2.3187579709778325,-1.131404276971706,-0.520136471164208,1.635039266801711,0.1212095673006741,0.1258957192703828,0.514819675081733,-1.0799859809506631,-0.7295305620669889,1.023392193391522,1.4517622707385982,0.6759500545663616,0.0046505330426105,1.2752342411046045,0.6876849397127831,0.3168051375343427,1.1402686438941925,0.6129813329265346,-1.1226279320577794,0.1493701104165828,-0.0186031380810724,-0.624243729236281,-0.3364266374948575,-0.5361762663658064,0.2442333585910436,0.1965804839448126,0.2298841175792322,-0.7174469963041701,0.5577802741991821,-0.5741553087945971,-0.4779959870785905,-0.0139520014707611,1.224458743278325,0.0744770551717114,-1.0553174817566977,1.5679914964717907,0.1729271126904469,0.6073792467767407,1.0472360474261069,0.7114443807664012,-1.167415358726977,0.5577802741991821,0.4011472862273944,0.2251116819514788,-1.2146757214668782,-0.1823761141706537,0.6412876570233801,-1.3759692008680076,-3.112470178603051,-0.3119190548203253,1.5073326312512036,1.1139372153566884,-0.977370221692195,1.3759692008680082,-2.7723180400283463,-1.5369552544493164
GTEX-UJMC,-1.1492235271996152,0.7417216005233305,-1.7739779942235536,0.7054672908207708,-0.6355858691140569,-0.3561785367094661,-0.8369913991407895,1.1053298282224615,-0.6585199505483369,-0.7478585947633022,1.0472360474261069,-0.6935879849651033,1.1402686438941925,0.1446690574398205,-0.5632218016027938,1.2752342411046045,-2.7723180400283463,1.2050075920152503,0.5095173924720495,0.0838072954543562,1.0553174817566977,2.2552325088429965,0.2875974245860253,0.1446690574398205,1.3759692008680082,-0.6299046699224384,1.465233792685523,0.023254677171407,-1.82074492261502,-0.0978166045653749,-0.7602179716124495,0.4727891209922672,0.4366879596755643,0.8173487968777844,-1.2648170437118496,2.2552325088429965,-1.7739779942235536,0.7540238855634623,-1.1492235271996152,0.7295305620669889,-0.3961121933896049,-0.8044272335589816,1.023392193391522,-0.7114443807664012,-0.6935879849651033,0.5415534608499961,0.6701174349839331,-0.3760703934941728,0.0186031380810724,0.1587822354845152,-0.0186031380810724,-1.6350392668017106,-0.8173487968777844,1.7968702837153605,-0.4061925696666297,-1.0553174817566977,-1.2343603801814165,-0.4163143916073592,0.8569623777792261,-0.7356124152439232,1.000116412316283,-1.1860019705320748,-0.462413546573279
GTEX-UPJH,0.4213912770678051,-0.2108246297118815,1.195450804572871,-0.3710837698778002,1.1582715276653734,0.3611379974371059,0.810871091550414,-0.8436109784655275,-0.2155820567040673,0.6935879849651033,-0.2682625678197609,-0.0139520014707611,-0.6818057608465092,-0.3216987953648042,-0.4884489019738811,-0.955118795069792,0.7789781621703243,0.009301166667146,0.5686800575348554,0.7234755745418949,-0.1682084481374103,0.2203443680265389,-1.0716906581760843,-0.1165260755991406,-0.7478585947633022,0.6759500545663616,-0.3961121933896049,-0.7478585947633022,0.4418094672275395,0.2875974245860253,0.2730866066364132,0.1165260755991407,0.2203443680265389,-0.5361762663658064,0.0046505330426105,0.3462856993426961,0.2538273506747331,-0.6017961577614439,-1.3523845818311535,-0.6701174349839331,-0.0325593658056133,-0.0186031380810724,-0.0511780111120515,-0.664307523893006,0.4264790471503241,-0.3315094021268153,-0.2730866066364132,-0.2013239596350001,-0.0511780111120515,0.0511780111120515,0.381066386264334,1.0392224351527355,0.0791413141184694,-0.5796478267226205,-0.1305846375599525,0.2060719695833272,0.1493701104165828,1.2343603801814165,-0.6759500545663616,0.1493701104165828,-0.7478585947633022,0.6017961577614437,0.0279067194760658
GTEX-UPK5,1.7307972047605154,-0.3561785367094661,1.400345043136658,-0.1024905076914514,0.6073792467767407,1.1226279320577794,0.1540744667957507,-0.229884117579232,1.3408692908803477,0.4061925696666297,0.2346617948613113,-1.140268643894193,-0.9698997294331952,1.0155724616555522,-0.1212095673006743,-1.6715166841106104,0.5686800575348554,0.0931448373144652,0.0838072954543562,1.4255825774365014,-0.3611379974371059,-1.6906216295848977,0.546946359787327,-0.8979687192568958,-2.3932998646116794,0.7174469963041701,-1.4517622707385982,-1.5219770060190867,-0.0418668742548895,0.6355858691140571,0.7980166062079388,0.8636956533670372,-0.8910305119824391,0.8979687192568956,1.1402686438941925,-1.5219770060190867,0.520136471164208,-1.3073477923443677,-0.3168051375343428,-1.2244587432783245,0.1540744667957507,1.2752342411046045,-1.3295291071787323,1.2752342411046045,0.4011472862273944,-0.0651532940076319,-1.6906216295848977,-0.107166650845959,-0.5254680115197978,-1.2146757214668782,0.4469425897337917,1.7968702837153605,0.2682625678197607,0.1446690574398205,0.0,0.0,0.4989554619580166,-1.0392224351527355,-0.2108246297118815,-2.255232508842998,0.3910871229289391,0.5523552129489121,0.5308145305532521
GTEX-UTHO,1.1053298282224615,-0.4213912770678052,1.1674153587269775,-1.9918985578978008,0.596231764610585,1.438549182645292,0.2203443680265389,1.1860019705320748,0.7540238855634623,0.2875974245860253,-0.1823761141706537,0.0325593658056133,0.6299046699224384,-0.0279067194760659,0.7602179716124496,-0.4112482139938643,1.5522864776181842,-1.1226279320577794,-0.3611379974371059,1.2050075920152503,-1.5840930675378757,-0.9190479335937772,0.933330502902325,0.0978166045653749,-1.4789766045652544,-1.023392193391521,-2.199684129871477,1.0553174817566977,0.6242437292362808,-0.32660016939701,0.65275435145221,-0.3710837698778002,-0.7980166062079388,-0.0372127170621942,0.8569623777792261,-1.2443845388232115,0.3021690572528446,-0.2730866066364132,-1.6530030581052302,0.381066386264334,-1.3640820484975271,0.2251116819514788,-0.977370221692195,0.6186027229558674,0.2682625678197607,0.2634447638039344,0.4520875158696414,-0.0884751021146149,1.2752342411046045,1.224458743278325,1.0634684328718786,-0.0884751021146149,-0.1587822354845152,0.5851578873218706,1.195450804572871,0.6995152985526999,0.6129813329265346,-1.7968702837153614,-0.7478585947633022,1.023392193391522,-0.7174469963041701,0.6242437292362808,-0.3561785367094661
GTEX-V1D1,0.1918414273303961,-0.1352764286523604,-1.0472360474261069,0.1493701104165828,0.9405436406054154,1.2752342411046045,0.9848956614915162,0.5095173924720495,1.0472360474261069,0.8772811433566338,-0.624243729236281,-0.5469463597873272,-1.0883562937618656,0.3462856993426961,0.4520875158696414,-0.1399711994794718,1.0078143423127026,-0.8044272335589816,0.4418094672275395,-1.7519793109683373,-0.7054672908207708,-0.107166650845959,1.7103643678208365,-1.3523845818311535,-0.624243729236281,0.3760703934941728,-1.2050075920152503,0.3512278212462599,1.000116412316283,0.0325593658056133,0.7540238855634623,0.5095173924720495,-0.8044272335589816,0.1446690574398205,1.84570490292126,-0.5906857713824718,0.7295305620669889,-0.1399711994794718,-0.4936953696832038,-0.2924477009350161,1.224458743278325,-0.6995152985526998,-0.2779170089683694,0.7054672908207708,-0.2730866066364132,1.2146757214668782,-1.0392224351527355,0.1305846375599525,1.0968035620935137,-0.5361762663658064,-0.2060719695833272,-0.8979687192568958,-1.1226279320577794,0.0558351934681737,-0.8704683159405441,-0.3611379974371059,1.7103643678208365,0.955118795069792,0.2155820567040674,0.0139520014707611,0.2682625678197607,0.2875974245860253,-1.9591709979048224
GTEX-V955,-0.0791413141184694,0.7356124152439232,-0.1682084481374103,-0.8369913991407895,-0.0604935871747794,-0.3910871229289391,-0.32660016939701,0.3364266374948573,-0.4884489019738811,-0.4469425897337917,1.1314042769717068,0.3961121933896049,-0.3070404075144982,0.8569623777792261,-0.596231764610585,-0.1352764286523604,-1.0634684328718786,1.1492235271996152,0.187106675327825,0.4011472862273944,1.1582715276653734,0.2060719695833272,-0.3021690572528447,-0.1446690574398205,0.32660016939701,-1.465233792685523,0.4572444368663246,-1.023392193391521,-0.2442333585910436,-0.0744770551717116,-0.2108246297118815,0.5906857713824718,-0.3315094021268153,0.7114443807664012,-0.3760703934941728,1.000116412316283,0.0186031380810724,0.0931448373144652,-1.5073326312512032,-0.3216987953648042,-0.2924477009350161,-0.514819675081733,0.7726945818405243,0.3413520209215255,0.1729271126904469,0.2155820567040674,0.7540238855634623,-0.596231764610585,-0.4366879596755644,0.525468011519798,-2.199684129871477,-0.8044272335589816,-0.6585199505483369,0.8979687192568956,-0.5741553087945971,-0.8704683159405441,-0.514819675081733,-0.6995152985526998,0.1776496307692544,-1.465233792685523,0.6643075238930058,-1.2343603801814165,-0.9848956614915162
GTEX-VJYA,-0.9478060492911888,0.7916386077433746,-0.6186027229558672,-0.7540238855634623,-0.1212095673006743,-0.7789781621703243,-0.7234755745418949,-0.6759500545663616,-2.026910034791593,-1.0634684328718786,0.8173487968777844,-0.2251116819514788,1.0968035620935137,-0.6355858691140569,-0.7417216005233308,1.400345043136658,-0.32660016939701,0.9478060492911886,-0.5632218016027938,-1.8457049029212595,0.9698997294331956,2.105469450920689,0.3961121933896049,0.2251116819514788,1.521977006019087,-1.5679914964717907,1.9591709979048224,1.1492235271996152,-0.3661063568005696,-0.2586330669514177,-0.4163143916073592,-0.2875974245860253,1.5369552544493164,0.3364266374948573,-0.7980166062079388,1.5840930675378757,-1.1139372153566884,1.2752342411046045,-1.0634684328718786,1.2648170437118502,-0.0651532940076319,-0.3561785367094661,0.7852926508502123,-0.9190479335937772,0.023254677171407,-0.6017961577614439,0.9119765235615476,-1.3640820484975271,0.4727891209922672,0.4779959870785905,0.7114443807664012,-1.2244587432783245,-0.2060719695833272,0.810871091550414,-0.6935879849651033,-0.2346617948613114,-0.5469463597873272,0.3119190548203253,0.4727891209922672,0.962482977182896,0.381066386264334,-0.6935879849651033,-1.388054028556375
GTEX-VUSG,0.5415534608499961,0.4520875158696414,0.1399711994794717,-1.899384692461367,0.6585199505483372,-0.0279067194760659,-1.5073326312512032,0.4163143916073593,0.0558351934681737,-0.5308145305532522,0.3315094021268154,-1.4255825774365014,-0.1258957192703828,0.4213912770678051,0.0279067194760658,-0.4264790471503241,0.3760703934941728,0.4418094672275395,-0.4884489019738811,0.6585199505483372,1.2050075920152503,-0.5577802741991821,1.84570490292126,-0.6759500545663616,-0.6701174349839331,-0.977370221692195,-1.5369552544493164,0.0279067194760658,1.1492235271996152,-0.9478060492911888,-0.0791413141184694,0.2490274894100126,-1.2050075920152503,1.4255825774365014,-0.1258957192703828,1.7739779942235527,1.1766578532028555,-0.810871091550414,-0.3910871229289391,-0.7540238855634623,-1.1860019705320748,-0.2346617948613114,0.4366879596755643,0.2155820567040674,-0.4469425897337917,1.2964944386804569,0.0884751021146148,-0.3860719086350268,0.6470103701484196,1.1860019705320748,-1.7739779942235536,-0.462413546573279,-0.6129813329265346,1.7739779942235527,-0.4727891209922674,-0.7114443807664012,-0.2924477009350161,-0.8304082942029333,0.3860719086350267,-0.0093011666671462,0.1729271126904469,0.8910305119824391,0.0651532940076319
GTEX-WFG7,-0.6701174349839331,2.3932998646116808,-1.3295291071787323,0.4989554619580166,-0.4366879596755644,0.3910871229289391,-1.131404276971706,-0.462413546573279,-0.8704683159405441,-1.4517622707385982,1.412851325289763,0.7174469963041701,0.7980166062079388,-0.5361762663658064,-1.023392193391521,0.3961121933896049,0.4264790471503241,0.6701174349839331,-1.3183573694113604,0.1071666508459588,1.84570490292126,0.9698997294331956,1.899384692461367,0.6186027229558674,1.2050075920152503,-0.7726945818405243,0.0325593658056133,0.0418668742548894,-0.7789781621703243,-1.3640820484975271,-1.899384692461367,-0.1587822354845152,-2.255232508842998,1.84570490292126,-0.8569623777792261,0.7054672908207708,1.031275009879428,-0.0604935871747794,-0.7726945818405243,1.2050075920152503,-0.6876849397127831,-1.7307972047605154,1.1226279320577794,0.0604935871747794,0.5686800575348554,2.6016947511653696,1.3759692008680082,-1.82074492261502,0.933330502902325,-1.1226279320577794,-0.977370221692195,-0.2973048669834489,-2.6016947511653714,0.546946359787327,-2.026910034791593,-0.5095173924720496,-1.0392224351527355,0.962482977182896,2.199684129871479,-0.0372127170621942,1.7739779942235527,-0.2586330669514177,-0.2155820567040673
GTEX-WFG8,-1.4003450431366584,1.2857916935144202,-0.8979687192568958,0.201323959635,-0.8436109784655275,-0.8173487968777844,-2.3932998646116794,-0.5095173924720496,-0.8772811433566338,-2.6016947511653714,0.8369913991407895,0.4112482139938643,0.2490274894100126,-0.810871091550414,-1.1766578532028555,0.4727891209922672,-0.0558351934681735,0.8772811433566338,-0.2586330669514177,0.2251116819514788,1.0078143423127026,1.0078143423127026,0.2155820567040674,0.0558351934681737,1.1582715276653734,-0.955118795069792,0.5577802741991821,0.1118451385279671,-0.3810663862643338,0.0465219385151119,-2.255232508842998,-0.3413520209215255,0.7054672908207708,0.1918414273303961,-0.7789781621703243,0.2442333585910436,0.3661063568005698,0.6242437292362808,-0.5415534608499959,0.6355858691140571,-0.0604935871747794,-1.140268643894193,1.0392224351527355,-0.596231764610585,0.0791413141184694,1.388054028556374,0.9405436406054154,-0.933330502902325,0.6412876570233801,1.3295291071787323,-1.1582715276653734,-0.5361762663658064,-0.7726945818405243,0.0604935871747794,-0.5906857713824718,-0.8238609817031132,-0.3413520209215255,0.7540238855634623,1.3073477923443682,-0.32660016939701,0.933330502902325,-0.9119765235615476,-1.5840930675378757
GTEX-WFON,-0.5906857713824718,1.4930045626254098,-0.9698997294331952,-0.0604935871747794,-1.1492235271996152,-0.596231764610585,-1.7968702837153614,-0.4264790471503241,-0.7356124152439232,-1.4255825774365014,1.2964944386804569,1.3759692008680082,0.2394448346237824,-0.0604935871747794,-0.933330502902325,0.3561785367094661,-0.1118451385279671,1.2545353222880942,-0.1258957192703828,0.2442333585910436,1.3295291071787323,1.2648170437118502,0.6355858691140571,0.1823761141706538,1.2752342411046045,-1.0883562937618656,1.0799859809506631,-0.1587822354845152,-0.5577802741991821,-1.3183573694113604,-1.2343603801814165,0.1024905076914515,0.4832158447606152,1.000116412316283,-0.8044272335589816,0.6186027229558674,-0.346285699342696,0.1729271126904469,-0.7114443807664012,-0.4264790471503241,-0.6412876570233803,-0.520136471164208,1.3183573694113604,-0.6129813329265346,0.0604935871747794,0.4779959870785905,1.9918985578978008,-1.2050075920152503,-0.220344368026539,-1.0553174817566977,-0.346285699342696,-1.465233792685523,-0.9261656018472316,0.5686800575348554,-1.1226279320577794,-0.850267731936789,-2.255232508842998,-0.4727891209922674,1.1226279320577794,0.4727891209922672,1.1139372153566884,-0.8044272335589816,-0.4163143916073592
GTEX-WH7G,0.4264790471503241,0.8436109784655275,0.5308145305532521,-0.6995152985526998,-0.2251116819514788,-0.0558351934681735,-0.4315778808977973,0.3462856993426961,-0.6935879849651033,-0.7602179716124495,0.7540238855634623,-0.2634447638039343,-0.6355858691140569,0.5361762663658064,-0.8704683159405441,0.023254677171407,1.388054028556374,0.4112482139938643,-0.0186031380810724,-0.1165260755991406,0.7114443807664012,0.3710837698778,0.8369913991407895,0.3168051375343427,0.4366879596755643,0.2251116819514788,-1.3523845818311535,-0.4884489019738811,-0.5308145305532522,-0.6995152985526998,-0.3216987953648042,0.5851578873218706,-1.7103643678208365,0.7478585947633022,-0.6186027229558672,0.7234755745418949,1.7307972047605154,-1.2443845388232115,0.6017961577614437,0.1071666508459588,-1.2648170437118496,-0.1729271126904469,0.4989554619580166,0.2634447638039344,0.977370221692195,0.8436109784655275,0.3168051375343427,-0.7114443807664012,0.1165260755991407,-0.2634447638039343,-0.0093011666671462,1.0799859809506631,-1.0883562937618656,0.6355858691140571,-0.4832158447606152,0.2155820567040674,-0.4264790471503241,-1.0001164123162831,0.6186027229558674,-1.3183573694113604,0.5523552129489121,-0.4989554619580166,0.2060719695833272
GTEX-WHPG,-0.4163143916073592,0.9405436406054154,0.7356124152439232,-1.3759692008680076,0.4418094672275395,-0.6876849397127831,-0.8910305119824391,0.9848956614915162,-1.4517622707385982,-1.1860019705320748,0.8569623777792261,0.3216987953648042,0.4989554619580166,0.3216987953648042,-1.3523845818311535,1.224458743278325,1.4930045626254098,0.6759500545663616,-0.1682084481374103,0.7602179716124496,0.7916386077433746,0.3910871229289391,0.4264790471503241,0.3119190548203253,0.1258957192703828,-0.9698997294331952,0.9848956614915162,0.1965804839448126,-1.899384692461367,-0.8436109784655275,-1.6006161338119125,0.4315778808977973,0.681805760846509,0.2682625678197607,-1.340869290880347,0.2251116819514788,-0.7478585947633022,0.681805760846509,-0.904950425274544,1.1582715276653734,-0.32660016939701,-0.0279067194760659,0.9698997294331956,0.1446690574398205,1.0553174817566977,0.9405436406054154,0.6186027229558674,-2.199684129871477,1.2648170437118502,-0.2973048669834489,-0.664307523893006,-0.955118795069792,-0.346285699342696,0.3860719086350267,0.3611379974371059,0.4315778808977973,-1.2857916935144202,0.1776496307692544,0.7726945818405243,0.5906857713824718,0.7478585947633022,-0.6129813329265346,-2.484125224707312
GTEX-WHSE,0.381066386264334,-0.8636956533670372,0.9924772957033684,0.2108246297118815,-0.1729271126904469,0.4936953696832036,1.3523845818311528,-1.7307972047605154,0.6935879849651033,1.2343603801814165,-0.0372127170621942,-0.8436109784655275,0.9190479335937772,1.1582715276653734,-0.6470103701484196,0.4936953696832036,0.2973048669834491,-0.6355858691140569,0.4779959870785905,-0.2155820567040673,-0.9478060492911888,0.4832158447606152,-1.2050075920152503,0.546946359787327,-0.8304082942029333,-0.2538273506747333,0.32660016939701,-0.8636956533670372,-0.0372127170621942,1.0799859809506631,1.2857916935144202,0.4264790471503241,0.0465219385151119,-0.7789781621703243,0.2634447638039344,-1.6530030581052302,-1.5679914964717907,0.3364266374948573,-0.2634447638039343,-0.8436109784655275,0.8569623777792261,-0.1493701104165827,-0.955118795069792,1.388054028556374,2.1501937961635003,-0.4469425897337917,-0.2251116819514788,0.2155820567040674,-1.7103643678208365,1.0968035620935137,-0.2155820567040673,0.8910305119824391,0.8910305119824391,-2.484125224707312,0.546946359787327,0.1823761141706538,0.4163143916073593,0.0791413141184694,-0.904950425274544,-0.6017961577614439,0.1776496307692544,-0.504229396049854,-1.4255825774365014
GTEX-WHWD,0.8704683159405441,0.6585199505483372,0.1258957192703828,-2.255232508842998,0.1634935259298645,-0.1399711994794718,-1.388054028556375,0.4469425897337917,-0.229884117579232,-0.3070404075144982,0.6017961577614437,0.2108246297118815,0.2538273506747331,0.9698997294331956,-0.462413546573279,-0.3021690572528447,0.8304082942029329,0.32660016939701,0.3413520209215255,1.400345043136658,0.6701174349839331,0.1587822354845152,1.3408692908803477,0.1352764286523606,-0.7664413630494566,-0.6759500545663616,-0.7789781621703243,-0.6470103701484196,-0.9924772957033684,-0.5741553087945971,-0.0232546771714069,1.0883562937618656,-1.6350392668017106,1.2146757214668782,-0.4520875158696413,0.2682625678197607,0.546946359787327,0.1918414273303961,-0.6017961577614439,0.2346617948613113,-1.0799859809506631,-0.1258957192703828,0.467595041522105,0.4366879596755643,-0.3661063568005696,0.5796478267226207,0.7417216005233305,-0.7356124152439232,0.1965804839448126,-1.340869290880347,-0.5308145305532522,-0.1965804839448126,-0.4779959870785905,1.2146757214668782,-0.1871066753278251,-0.8304082942029333,-1.2648170437118496,-0.7356124152439232,0.2490274894100126,-0.9924772957033684,0.5042293960498542,-0.0465219385151119,0.1165260755991407
GTEX-WK11,-0.7114443807664012,-0.5632218016027938,0.65275435145221,-0.3810663862643338,2.105469450920689,-1.6530030581052302,0.0325593658056133,1.3408692908803477,-0.7478585947633022,-0.0604935871747794,-0.5523552129489121,1.9918985578978008,1.5679914964717907,-1.2648170437118496,-0.6355858691140569,1.3295291071787323,2.199684129871479,-0.3364266374948575,-0.9119765235615476,-1.1766578532028555,-0.6186027229558672,0.5577802741991821,-0.3070404075144982,1.6006161338119125,0.4469425897337917,1.5522864776181842,1.3073477923443682,1.3759692008680082,-1.7307972047605154,0.4366879596755643,-0.1823761141706537,-1.2343603801814165,1.1582715276653734,-1.6006161338119125,-0.9478060492911888,-0.1587822354845152,0.6701174349839331,0.933330502902325,2.3932998646116808,1.9918985578978008,0.3462856993426961,0.7602179716124496,-0.2060719695833272,-1.0392224351527355,1.7968702837153605,-1.9918985578978008,-0.6186027229558672,-0.2108246297118815,1.928416512895066,-0.1024905076914514,2.0269100347915936,0.810871091550414,0.3119190548203253,-1.0634684328718786,1.0078143423127026,0.546946359787327,-0.6186027229558672,2.772318040028347,-1.7307972047605154,1.1402686438941925,-1.4255825774365014,-0.7174469963041701,-0.5254680115197978
GTEX-WL46,1.7103643678208365,-0.3661063568005696,2.4841252247073147,-0.4727891209922674,1.6175881179674108,1.3759692008680082,0.8569623777792261,0.1918414273303961,0.5741553087945971,0.7980166062079388,-1.1139372153566884,-0.7114443807664012,-0.0978166045653749,-0.0232546771714069,0.2298841175792322,-0.7356124152439232,1.7307972047605154,-0.962482977182896,-1.5219770060190867,-0.2108246297118815,-0.8173487968777844,-0.850267731936789,-0.520136471164208,-0.2490274894100124,-1.3640820484975271,0.5851578873218706,-0.9405436406054154,-0.1212095673006743,0.3070404075144982,0.2586330669514177,0.7664413630494566,-1.0078143423127026,0.4779959870785905,-0.4418094672275395,1.1582715276653734,-0.2251116819514788,-1.0472360474261069,-0.2251116819514788,-0.1352764286523604,-0.3168051375343428,-0.2013239596350001,1.438549182645292,-0.8238609817031132,0.7114443807664012,0.933330502902325,0.2298841175792322,-1.167415358726977,-0.1446690574398205,0.2827539046344999,-0.7295305620669889,1.2752342411046045,0.3462856993426961,0.7602179716124496,-0.1918414273303961,0.7664413630494566,0.8502677319367892,1.0716906581760843,-0.2586330669514177,-0.5851578873218707,0.1776496307692544,-1.6530030581052302,1.0799859809506631,0.4936953696832036
GTEX-WOFL,3.112470178603064,-0.3961121933896049,2.6016947511653696,-0.9698997294331952,0.8173487968777844,2.772318040028347,-0.1258957192703828,2.3932998646116808,0.3611379974371059,-0.4213912770678052,-0.3561785367094661,0.0604935871747794,1.0634684328718786,-1.2443845388232115,-0.664307523893006,0.4061925696666297,2.772318040028347,-0.1634935259298645,-0.7114443807664012,2.3932998646116808,-0.4112482139938643,-0.6818057608465092,2.3932998646116808,0.3661063568005698,-0.5095173924720496,-0.8979687192568958,-0.2875974245860253,2.772318040028347,-0.1965804839448126,-1.438549182645292,-0.7980166062079388,-1.023392193391521,-1.2146757214668782,0.1682084481374105,0.8304082942029329,-0.6701174349839331,-0.4936953696832038,0.6935879849651033,-0.6355858691140569,0.3413520209215255,-1.4255825774365014,1.82074492261502,0.0046505330426105,0.1634935259298645,-0.6759500545663616,0.6129813329265346,-0.4061925696666297,-1.4128513252897623,1.9918985578978008,0.1305846375599525,2.318757970977832,0.3910871229289391,0.3512278212462599,0.7234755745418949,2.1501937961635003,1.5840930675378757,-0.1634935259298645,-1.9591709979048224,-0.2394448346237824,0.933330502902325,-1.0001164123162831,0.8569623777792261,-1.7103643678208365
GTEX-WOFM,-1.1053298282224613,1.0799859809506631,-0.7174469963041701,-0.3512278212462601,-0.8369913991407895,-1.7739779942235536,-0.6701174349839331,-0.7356124152439232,-1.0799859809506631,-0.9848956614915162,0.810871091550414,1.899384692461367,0.5906857713824718,-0.0558351934681735,-2.6016947511653714,1.7968702837153605,0.0604935871747794,0.7602179716124496,0.1305846375599525,-0.7726945818405243,0.6876849397127831,1.2443845388232115,0.7664413630494566,-0.5906857713824718,1.6175881179674108,-1.0392224351527355,1.7103643678208365,1.1226279320577794,-2.199684129871477,-0.2779170089683694,-1.4255825774365014,0.6876849397127831,1.7307972047605154,0.2442333585910436,-1.438549182645292,-0.1823761141706537,-1.0968035620935137,1.899384692461367,-0.32660016939701,0.8704683159405441,-0.3216987953648042,-0.4779959870785905,0.9261656018472316,-0.4469425897337917,-0.3364266374948575,-0.2155820567040673,0.7174469963041701,-1.6006161338119125,1.1053298282224615,1.1139372153566884,-0.0511780111120515,-1.5369552544493164,-0.850267731936789,0.7916386077433746,-0.462413546573279,-0.2634447638039343,-1.0968035620935137,1.0553174817566977,0.884134934875026,1.7103643678208365,0.6186027229558674,-1.2545353222880942,-2.255232508842998
GTEX-WQUQ,0.0,-0.2827539046344998,-0.1729271126904469,0.9190479335937772,-0.6470103701484196,-0.0465219385151119,0.0978166045653749,-0.4163143916073592,0.023254677171407,0.3760703934941728,-0.810871091550414,-0.3710837698778002,-0.7114443807664012,-0.2251116819514788,0.8636956533670372,0.514819675081733,-0.8369913991407895,-0.6186027229558672,1.0634684328718786,0.5361762663658064,-0.5577802741991821,-0.5095173924720496,-1.5840930675378757,-0.3910871229289391,0.0139520014707611,1.000116412316283,0.4366879596755643,0.3070404075144982,0.8173487968777844,0.2060719695833272,0.1493701104165828,0.2346617948613113,0.0139520014707611,-0.2973048669834489,1.0392224351527355,-1.2050075920152503,1.0883562937618656,-0.955118795069792,-0.4884489019738811,-1.7968702837153614,-0.5361762663658064,-0.7054672908207708,-0.4884489019738811,-1.167415358726977,-2.199684129871477,0.201323959635,-0.5632218016027938,1.2146757214668782,-1.2050075920152503,-0.3561785367094661,0.1540744667957507,2.3932998646116808,1.8718707308672449,-0.2538273506747333,0.6073792467767407,1.6906216295848986,2.4841252247073147,-1.2050075920152503,-0.7417216005233308,-0.7295305620669889,-1.3295291071787323,2.4841252247073147,2.6016947511653696
GTEX-WVJS,-0.7054672908207708,-0.5469463597873272,-0.5308145305532522,0.4112482139938643,0.1024905076914515,0.2394448346237824,1.224458743278325,0.187106675327825,-0.1871066753278251,1.6175881179674108,-0.229884117579232,-0.1399711994794718,-0.3512278212462601,1.3183573694113604,1.1766578532028555,-0.0931448373144652,0.0558351934681737,-0.32660016939701,1.9591709979048224,0.3216987953648042,0.023254677171407,-1.0883562937618656,-0.7726945818405243,-0.904950425274544,-1.195450804572871,-0.7852926508502125,-0.7726945818405243,1.1053298282224615,1.400345043136658,0.8436109784655275,1.388054028556374,1.899384692461367,-0.0838072954543562,-1.5679914964717907,-0.2394448346237824,-0.65275435145221,-0.1024905076914514,-0.2682625678197609,-1.5219770060190867,-1.0968035620935137,0.4163143916073593,-0.5577802741991821,-0.1729271126904469,0.7174469963041701,-0.4675950415221049,-0.7789781621703243,-0.6073792467767407,1.6175881179674108,0.520136471164208,-0.0884751021146149,0.5906857713824718,-0.6299046699224384,1.7103643678208365,-0.8704683159405441,0.7478585947633022,-0.2108246297118815,0.884134934875026,-0.6186027229558672,-1.1860019705320748,1.400345043136658,-0.5906857713824718,1.6530030581052302,-0.933330502902325
GTEX-WVLH,0.5095173924720495,-1.4003450431366584,0.6935879849651033,-0.5308145305532522,1.0883562937618656,0.1118451385279671,1.7739779942235527,-0.3710837698778002,0.381066386264334,1.2648170437118502,-1.3073477923443677,1.5679914964717907,-0.7174469963041701,0.0931448373144652,0.1305846375599525,-0.5308145305532522,1.0472360474261069,-1.140268643894193,-0.7478585947633022,0.0279067194760658,-0.977370221692195,-0.4884489019738811,-1.0968035620935137,0.7602179716124496,-0.7054672908207708,-0.7417216005233308,1.4255825774365014,-0.5523552129489121,-0.3611379974371059,1.3640820484975271,0.977370221692195,-2.10546945092069,1.2343603801814165,-1.9918985578978008,0.6585199505483372,-1.2545353222880942,-0.2779170089683694,1.4930045626254098,0.5308145305532521,1.2964944386804569,1.7968702837153605,0.7664413630494566,-0.9924772957033684,0.810871091550414,0.4727891209922672,-1.1766578532028555,-0.8910305119824391,0.1024905076914515,0.0465219385151119,-0.9261656018472316,0.0139520014707611,-0.810871091550414,0.5308145305532521,-1.1139372153566884,0.8238609817031132,0.4469425897337917,0.6186027229558674,0.7980166062079388,-0.9190479335937772,1.3759692008680082,-0.664307523893006,-0.1965804839448126,-2.7723180400283463
GTEX-WWTW,0.3364266374948573,-0.6299046699224384,-0.1776496307692544,0.2634447638039344,-0.1399711994794718,2.1501937961635003,0.6643075238930058,1.6530030581052302,1.0968035620935137,0.1918414273303961,-0.6129813329265346,-0.1823761141706537,-2.199684129871477,-1.3183573694113604,1.4517622707385982,0.4011472862273944,0.4315778808977973,-0.3860719086350268,-0.9698997294331952,2.4841252247073147,-0.6876849397127831,-1.1582715276653734,0.0046505330426105,-1.7307972047605154,-1.2443845388232115,0.0186031380810724,0.1776496307692544,1.4517622707385982,1.7103643678208365,-0.6759500545663616,0.3119190548203253,-1.2857916935144202,-1.4517622707385982,-1.3523845818311535,2.318757970977832,-0.7054672908207708,0.0698144159426549,0.7478585947633022,-0.8910305119824391,-1.023392193391521,0.1729271126904469,0.1682084481374105,-0.2586330669514177,0.0558351934681737,-1.2343603801814165,-0.2730866066364132,-0.664307523893006,1.000116412316283,1.7968702837153605,-0.1540744667957508,-0.1399711994794718,0.8636956533670372,0.7664413630494566,-0.1776496307692544,1.6906216295848986,2.199684129871479,1.82074492261502,-0.8979687192568958,-1.8457049029212595,2.3932998646116808,-1.5073326312512032,2.0269100347915936,-0.0558351934681735
GTEX-WY7C,-0.4832158447606152,-0.0698144159426548,-0.9119765235615476,1.6715166841106104,0.7980166062079388,-0.3810663862643338,-0.0418668742548895,-0.2730866066364132,-0.4315778808977973,-0.32660016939701,-0.2586330669514177,0.1399711994794717,-0.7916386077433746,-1.0883562937618656,-0.5686800575348554,0.9698997294331956,-0.0698144159426548,-0.0604935871747794,-0.6299046699224384,-0.4989554619580166,0.2538273506747331,-0.3910871229289391,0.955118795069792,0.32660016939701,-0.0511780111120515,0.4213912770678051,-0.955118795069792,1.2545353222880942,0.5851578873218706,-1.340869290880347,-0.6299046699224384,-0.904950425274544,-1.9284165128950652,0.9698997294331956,-0.3710837698778002,0.6585199505483372,2.0269100347915936,-1.5522864776181842,-0.2108246297118815,0.5308145305532521,-0.6186027229558672,-0.4112482139938643,0.1212095673006741,-0.5415534608499959,-0.664307523893006,3.112470178603064,-0.2490274894100124,0.3413520209215255,0.962482977182896,0.2298841175792322,0.2108246297118815,0.7540238855634623,0.2060719695833272,0.5577802741991821,-1.5522864776181842,0.5523552129489121,0.4112482139938643,1.0472360474261069,0.5523552129489121,1.9591709979048224,0.0186031380810724,2.772318040028347,1.8718707308672449
GTEX-WYJK,-0.0232546771714069,-0.1729271126904469,0.3710837698778,0.4163143916073593,0.3413520209215255,-0.3860719086350268,0.681805760846509,-0.5796478267226205,0.1587822354845152,0.681805760846509,0.0838072954543562,-1.0968035620935137,-0.4315778808977973,1.2050075920152503,0.5906857713824718,-1.1766578532028555,-0.8910305119824391,0.0604935871747794,1.4789766045652544,-0.4366879596755644,0.1399711994794717,0.1212095673006741,-1.4789766045652544,-0.6470103701484196,-2.3187579709778325,0.2203443680265389,-1.0001164123162831,-0.1024905076914514,0.8979687192568956,1.5522864776181842,0.5851578873218706,1.3073477923443682,-0.2013239596350001,-0.4727891209922674,-0.1682084481374103,0.4779959870785905,-0.7664413630494566,-1.438549182645292,-0.0093011666671462,-1.1053298282224613,1.1582715276653734,0.7916386077433746,0.0558351934681737,0.7852926508502123,0.2394448346237824,-0.4779959870785905,-0.5361762663658064,1.3523845818311528,-1.5369552544493164,-0.596231764610585,0.9698997294331956,0.0139520014707611,1.0968035620935137,-0.5095173924720496,-0.1918414273303961,-0.8772811433566338,0.5308145305532521,-0.0838072954543562,-0.7356124152439232,-1.2050075920152503,-0.6355858691140569,0.6073792467767407,0.6585199505483372
GTEX-WZTO,0.3561785367094661,-0.0744770551717116,0.8502677319367892,-2.0645981446801454,0.7174469963041701,-0.4884489019738811,1.000116412316283,-0.8304082942029333,0.0744770551717114,1.1492235271996152,0.4572444368663246,1.5522864776181842,-1.0968035620935137,1.8718707308672449,-0.0838072954543562,-0.7540238855634623,1.3183573694113604,0.3710837698778,0.8238609817031132,-0.3168051375343428,-0.1634935259298645,-0.346285699342696,-0.5523552129489121,-0.0744770551717116,-1.9284165128950652,-0.7295305620669889,0.8044272335589819,-1.2443845388232115,-0.6818057608465092,0.0884751021146148,1.1314042769717068,1.6175881179674108,0.3168051375343427,-0.6412876570233803,-0.0838072954543562,-0.7417216005233308,-1.5840930675378757,1.1402686438941925,-0.2060719695833272,0.0511780111120515,0.467595041522105,0.2490274894100126,-1.0472360474261069,1.4930045626254098,1.2857916935144202,-1.2443845388232115,-0.2634447638039343,-0.0232546771714069,0.4011472862273944,0.9119765235615476,-0.0325593658056133,-1.7519793109683373,-0.2346617948613114,-1.1582715276653734,-0.514819675081733,-1.2648170437118496,-0.1352764286523604,0.1258957192703828,-0.596231764610585,-0.3512278212462601,0.2973048669834491,-0.955118795069792,-2.1501937961635003
GTEX-X261,0.4112482139938643,-0.229884117579232,-1.2443845388232115,0.0978166045653749,-0.1258957192703828,1.7103643678208365,0.0,0.5523552129489121,0.5308145305532521,-0.1540744667957508,-0.2108246297118815,0.4884489019738812,-3.112470178603051,-1.031275009879428,1.4930045626254098,0.1305846375599525,-0.1399711994794718,0.0,-0.5686800575348554,1.5679914964717907,-0.1823761141706537,-0.6299046699224384,1.4930045626254098,1.000116412316283,-0.596231764610585,-0.9261656018472316,-0.8369913991407895,0.7852926508502123,0.4936953696832036,-1.2648170437118496,-0.504229396049854,-0.8238609817031132,-0.6759500545663616,-0.0838072954543562,2.772318040028347,-0.4418094672275395,0.7980166062079388,0.8304082942029329,-1.6906216295848977,-0.2108246297118815,-1.0553174817566977,-1.4255825774365014,0.1587822354845152,-1.1582715276653734,-1.5840930675378757,1.7968702837153605,-0.1729271126904469,1.0883562937618656,0.6643075238930058,0.2924477009350161,-3.112470178603051,0.2394448346237824,1.1053298282224615,-0.9405436406054154,1.2857916935144202,1.8718707308672449,2.772318040028347,-1.5369552544493164,-0.6017961577614439,2.4841252247073147,-0.7417216005233308,3.112470178603064,1.5679914964717907
GTEX-X3Y1,-1.3640820484975271,-0.2538273506747333,0.3611379974371059,-0.7789781621703243,0.1587822354845152,-0.5741553087945971,-0.0139520014707611,0.962482977182896,-1.1492235271996152,-0.2634447638039343,-0.2251116819514788,1.4930045626254098,2.1501937961635003,-1.0553174817566977,-1.6530030581052302,2.1501937961635003,2.0269100347915936,-0.0139520014707611,-0.5851578873218707,-0.6299046699224384,-0.2155820567040673,1.928416512895066,-1.3523845818311535,1.4930045626254098,0.8044272335589819,-1.3640820484975271,1.4789766045652544,2.2552325088429965,-1.2857916935144202,0.2682625678197607,-0.5469463597873272,-0.8636956533670372,2.1501937961635003,-1.0968035620935137,-0.4832158447606152,0.0698144159426549,-1.2857916935144202,3.112470178603064,-0.8044272335589816,1.521977006019087,0.2203443680265389,-0.0093011666671462,0.1493701104165828,-1.5840930675378757,-0.220344368026539,-1.2857916935144202,2.6016947511653696,-1.4003450431366584,3.112470178603064,2.6016947511653696,2.3932998646116808,-1.6530030581052302,-0.1212095673006743,-1.2443845388232115,1.6715166841106104,-0.0838072954543562,-0.4366879596755644,-1.6006161338119125,-1.1766578532028555,2.318757970977832,-0.9924772957033684,-0.9190479335937772,-1.1766578532028555
GTEX-X4XX,0.4779959870785905,-0.7916386077433746,-0.4061925696666297,1.400345043136658,0.7540238855634623,1.400345043136658,-0.4884489019738811,1.1226279320577794,1.000116412316283,-0.5469463597873272,-0.7664413630494566,-0.3364266374948575,-2.7723180400283463,-0.6186027229558672,0.5632218016027939,-1.5369552544493164,0.7916386077433746,-0.5415534608499959,-1.140268643894193,1.0553174817566977,-0.8636956533670372,-1.388054028556375,0.0698144159426549,-1.6006161338119125,-0.3364266374948575,0.2538273506747331,-0.8772811433566338,0.2490274894100126,0.681805760846509,0.1729271126904469,-0.3413520209215255,-0.6935879849651033,1.1766578532028555,-0.3561785367094661,1.9591709979048224,-0.810871091550414,0.1118451385279671,0.0838072954543562,0.8173487968777844,-1.7519793109683373,0.5741553087945971,0.4315778808977973,-0.4213912770678052,-0.32660016939701,-0.9119765235615476,1.3759692008680082,-0.8238609817031132,1.412851325289763,1.1314042769717068,-0.3070404075144982,0.4061925696666297,0.3561785367094661,1.82074492261502,-0.6701174349839331,1.1860019705320748,1.0155724616555522,2.105469450920689,-0.346285699342696,-0.4112482139938643,1.7307972047605154,-0.5741553087945971,2.2552325088429965,0.514819675081733
GTEX-X4XY,0.6073792467767407,0.4884489019738812,0.4061925696666297,0.7980166062079388,-0.5796478267226205,0.0186031380810724,0.3710837698778,0.1258957192703828,0.5042293960498542,0.4779959870785905,0.1118451385279671,-1.82074492261502,-0.977370221692195,0.009301166667146,0.5308145305532521,-1.7739779942235536,-0.8979687192568958,0.1071666508459588,0.7174469963041701,1.3523845818311528,-0.3860719086350268,-0.0418668742548895,-0.8772811433566338,-0.4366879596755644,-0.32660016939701,0.1212095673006741,-1.3759692008680076,-1.3640820484975271,0.4884489019738812,-0.1305846375599525,0.3910871229289391,0.1493701104165828,-1.2648170437118496,0.2586330669514177,0.5796478267226207,-1.8457049029212595,0.6585199505483372,-1.9284165128950652,0.6299046699224384,-0.4989554619580166,0.0372127170621943,0.6017961577614437,0.1258957192703828,0.0651532940076319,-0.346285699342696,0.3561785367094661,-0.2442333585910436,0.520136471164208,-1.2648170437118496,-1.1053298282224613,-0.7664413630494566,1.2545353222880942,-0.3070404075144982,-0.5906857713824718,0.1305846375599525,-0.3021690572528447,0.9848956614915162,-0.7540238855634623,0.1540744667957507,-2.1501937961635003,0.0791413141184694,0.6876849397127831,1.2443845388232115
GTEX-X585,1.0799859809506631,-0.5851578873218707,1.9591709979048224,-0.5469463597873272,1.465233792685523,1.6906216295848986,-0.2973048669834489,1.521977006019087,-0.1634935259298645,-0.6355858691140569,-0.5741553087945971,0.5308145305532521,0.3364266374948573,-1.61758811796741,2.1501937961635003,0.7664413630494566,0.5577802741991821,-0.3561785367094661,-0.9405436406054154,1.1674153587269775,-0.6412876570233803,-1.1139372153566884,-0.4989554619580166,0.1918414273303961,-0.220344368026539,-0.4366879596755644,0.7478585947633022,2.3932998646116808,1.1582715276653734,-0.2394448346237824,-0.4520875158696413,-1.2545353222880942,1.3640820484975271,-1.6530030581052302,0.884134934875026,0.201323959635,-0.462413546573279,1.7103643678208365,0.8044272335589819,-0.3611379974371059,-0.5686800575348554,1.2343603801814165,-0.2251116819514788,-1.3073477923443677,-0.8704683159405441,-1.6530030581052302,0.32660016939701,-0.220344368026539,0.7054672908207708,-0.1165260755991406,1.635039266801711,0.4264790471503241,1.7739779942235527,-0.32660016939701,2.3932998646116808,1.3759692008680082,0.7726945818405243,-0.3860719086350268,-1.7968702837153614,1.4789766045652544,-1.465233792685523,0.2442333585910436,-0.7789781621703243
GTEX-X5EB,0.4520875158696414,0.8569623777792261,0.8304082942029329,0.2682625678197607,0.2394448346237824,-0.3070404075144982,-1.6715166841106104,-0.8173487968777844,-0.8910305119824391,-2.0645981446801454,1.0883562937618656,-1.5522864776181842,-0.0325593658056133,1.4930045626254098,-1.7968702837153614,-0.8704683159405441,-0.2875974245860253,1.1766578532028555,1.224458743278325,1.2443845388232115,0.904950425274544,0.0325593658056133,0.3364266374948573,0.7852926508502123,-0.4779959870785905,0.6585199505483372,-2.7723180400283463,-1.7307972047605154,-1.4255825774365014,0.65275435145221,-0.8979687192568958,1.6906216295848986,-0.9848956614915162,1.1314042769717068,-1.7739779942235536,0.2155820567040674,0.1258957192703828,-1.6350392668017106,0.884134934875026,-0.0931448373144652,0.4264790471503241,0.3021690572528446,1.0634684328718786,1.195450804572871,1.2648170437118502,1.412851325289763,-0.1634935259298645,-0.346285699342696,-0.3070404075144982,-1.61758811796741,0.0651532940076319,0.2827539046344999,0.4936953696832036,0.6585199505483372,-1.0553174817566977,-0.624243729236281,-2.0645981446801454,-0.2060719695833272,0.7054672908207708,-2.7723180400283463,0.8173487968777844,0.4469425897337917,0.3760703934941728
GTEX-X62O,0.7054672908207708,-1.2050075920152503,1.1402686438941925,-1.7968702837153614,1.412851325289763,0.6701174349839331,0.5632218016027939,0.6186027229558674,0.8304082942029329,0.4989554619580166,-1.131404276971706,1.3073477923443682,1.031275009879428,-0.2586330669514177,-0.0465219385151119,1.1582715276653734,1.928416512895066,-0.9848956614915162,-1.5679914964717907,0.3611379974371059,-1.3759692008680076,-0.3860719086350268,0.5796478267226207,-0.1965804839448126,-1.388054028556375,0.1729271126904469,1.224458743278325,1.1139372153566884,-1.0968035620935137,0.9478060492911886,0.7602179716124496,-1.899384692461367,1.9918985578978008,-2.3932998646116794,0.2730866066364132,0.2875974245860253,-1.0634684328718786,1.8718707308672449,0.8910305119824391,-0.1871066753278251,1.4517622707385982,0.7295305620669889,-0.8436109784655275,1.031275009879428,1.412851325289763,-3.112470178603051,-1.1766578532028555,0.0698144159426549,0.8044272335589819,0.7602179716124496,1.224458743278325,-1.2964944386804564,0.4779959870785905,-1.5073326312512032,0.955118795069792,0.4936953696832036,0.2060719695833272,1.224458743278325,-2.484125224707312,1.3408692908803477,-1.131404276971706,-0.3661063568005696,-1.2648170437118496
GTEX-XAJ8,-0.6585199505483369,1.1053298282224615,-0.4469425897337917,1.1674153587269775,-0.2924477009350161,-0.7602179716124495,-1.465233792685523,-0.8772811433566338,-0.5254680115197978,-1.82074492261502,0.8979687192568956,-0.7540238855634623,0.8910305119824391,0.6073792467767407,-0.955118795069792,0.2155820567040674,0.2875974245860253,0.4213912770678051,-0.1965804839448126,-0.3119190548203253,1.0634684328718786,0.9261656018472316,0.3760703934941728,1.521977006019087,0.4936953696832036,-0.5523552129489121,-0.5523552129489121,-0.8044272335589816,-1.2443845388232115,0.201323959635,-1.0883562937618656,0.3070404075144982,-0.3512278212462601,1.2050075920152503,-0.955118795069792,0.955118795069792,0.1634935259298645,-1.2244587432783245,-0.6186027229558672,0.1776496307692544,0.2875974245860253,-0.4520875158696413,0.6470103701484196,0.4315778808977973,1.0078143423127026,1.1674153587269775,0.8636956533670372,-0.2682625678197609,0.1918414273303961,-0.1118451385279671,-0.2827539046344998,-0.5469463597873272,-0.5415534608499959,1.3295291071787323,-1.899384692461367,-2.1501937961635003,-0.7540238855634623,0.4936953696832036,0.9478060492911886,-0.5851578873218707,0.9924772957033684,-0.7916386077433746,-0.4884489019738811
GTEX-XBEC,-0.6935879849651033,-0.9698997294331952,-0.7916386077433746,0.7295305620669889,-0.4163143916073592,-0.7174469963041701,0.1776496307692544,-1.7968702837153614,0.7417216005233305,0.4264790471503241,-0.2155820567040673,1.0716906581760843,-1.3183573694113604,0.5741553087945971,1.7103643678208365,-1.4930045626254098,-0.977370221692195,-1.2964944386804564,0.6073792467767407,1.0968035620935137,-0.0604935871747794,-0.7664413630494566,-0.5577802741991821,-1.0001164123162831,-2.0645981446801454,0.7356124152439232,0.6935879849651033,0.3611379974371059,1.928416512895066,1.224458743278325,0.6073792467767407,0.5686800575348554,0.1071666508459588,-0.4469425897337917,0.1918414273303961,0.6643075238930058,-0.1165260755991406,-0.4112482139938643,-0.5851578873218707,-0.7356124152439232,1.3183573694113604,-0.4264790471503241,-1.1492235271996152,0.7726945818405243,-0.0186031380810724,0.0698144159426549,-1.5073326312512032,1.9918985578978008,-1.2343603801814165,-1.0472360474261069,0.4989554619580166,-0.0744770551717116,0.8979687192568956,-0.229884117579232,-1.3073477923443677,-0.6818057608465092,0.810871091550414,0.3168051375343427,-0.4163143916073592,0.4779959870785905,-0.2251116819514788,1.521977006019087,0.5361762663658064
GTEX-XBED,-0.5741553087945971,0.4779959870785905,-0.7852926508502125,1.1860019705320748,-1.5369552544493164,-0.5796478267226205,-1.0968035620935137,-3.112470178603051,0.4989554619580166,-0.3961121933896049,0.5577802741991821,1.1314042769717068,0.462413546573279,-0.2346617948613114,0.5415534608499961,0.2394448346237824,-0.9119765235615476,0.4936953696832036,-0.1024905076914514,0.6935879849651033,0.4213912770678051,0.462413546573279,-1.0799859809506631,-0.3315094021268153,0.4884489019738812,-0.4213912770678052,0.6412876570233801,-1.6006161338119125,0.0,0.7789781621703243,-0.229884117579232,-0.0884751021146149,-0.5523552129489121,0.3760703934941728,0.1965804839448126,0.32660016939701,-0.7114443807664012,-0.5577802741991821,-1.023392193391521,-0.7664413630494566,0.4520875158696414,-0.6299046699224384,0.6017961577614437,-0.1682084481374103,-0.6818057608465092,0.187106675327825,0.8569623777792261,1.1582715276653734,-1.7519793109683373,-2.199684129871477,-1.871870730867245,-0.5906857713824718,0.6701174349839331,0.1493701104165828,-0.7852926508502125,-1.2545353222880942,0.7295305620669889,-0.2108246297118815,0.2682625678197607,-0.3315094021268153,0.5577802741991821,0.6186027229558674,0.4061925696666297
GTEX-XBEW,-0.0978166045653749,0.6876849397127831,0.3168051375343427,-1.82074492261502,-0.2108246297118815,-0.4061925696666297,-0.1212095673006743,0.0604935871747794,-0.664307523893006,-0.0651532940076319,0.8772811433566338,1.0799859809506631,-0.904950425274544,0.4469425897337917,-0.2827539046344998,-0.220344368026539,1.2146757214668782,0.8436109784655275,0.8044272335589819,0.4727891209922672,0.4418094672275395,0.6129813329265346,0.0279067194760658,1.0634684328718786,-0.0186031380810724,-1.3523845818311535,0.5095173924720495,-0.7980166062079388,-0.1918414273303961,-1.5840930675378757,-0.3860719086350268,0.3661063568005698,-0.9405436406054154,0.0558351934681737,-0.6299046699224384,-0.3561785367094661,0.1305846375599525,0.2394448346237824,0.4727891209922672,0.7356124152439232,-1.0155724616555522,-0.4832158447606152,0.977370221692195,-0.1024905076914514,0.3561785367094661,0.6701174349839331,0.5415534608499961,-1.131404276971706,0.6129813329265346,-0.0232546771714069,-1.0001164123162831,-2.484125224707312,-0.7789781621703243,0.4779959870785905,-0.1540744667957508,-0.7664413630494566,-0.4884489019738811,0.009301166667146,0.4011472862273944,-0.7540238855634623,0.5361762663658064,-0.7478585947633022,-0.7726945818405243
GTEX-XGQ4,-0.1682084481374103,0.9924772957033684,-0.5254680115197978,0.7234755745418949,-2.3932998646116794,-0.9261656018472316,-1.2857916935144202,-1.2343603801814165,-0.4418094672275395,-1.61758811796741,0.7356124152439232,0.3512278212462599,-0.6935879849651033,1.0799859809506631,-0.4011472862273942,0.8569623777792261,-1.9918985578978008,1.1674153587269775,0.5851578873218706,-1.1226279320577794,1.438549182645292,0.6995152985526999,-0.4213912770678052,0.3561785367094661,0.7114443807664012,-2.3932998646116794,0.9119765235615476,0.0884751021146148,-0.2394448346237824,-0.1399711994794718,-0.4727891209922674,0.9478060492911886,-0.7602179716124495,1.023392193391522,-0.7852926508502125,1.4789766045652544,0.9190479335937772,-0.3910871229289391,-1.7103643678208365,0.596231764610585,-2.1501937961635003,-1.3295291071787323,1.5073326312512036,-0.0232546771714069,-1.3759692008680076,1.0799859809506631,1.224458743278325,0.3512278212462599,-0.8238609817031132,-0.6701174349839331,-1.899384692461367,-0.4469425897337917,0.4572444368663246,1.0553174817566977,-0.3364266374948575,-0.1352764286523604,-1.195450804572871,-0.850267731936789,0.8304082942029329,0.5851578873218706,0.3070404075144982,1.1314042769717068,1.5522864776181842
GTEX-XK95,-0.5095173924720496,-1.4255825774365014,1.0968035620935137,1.2146757214668782,0.904950425274544,0.2538273506747331,0.6129813329265346,-0.2346617948613114,0.596231764610585,0.7174469963041701,-1.3183573694113604,-0.8636956533670372,0.0884751021146148,-0.8436109784655275,0.1493701104165828,-0.7664413630494566,0.3021690572528446,-1.1492235271996152,-0.1352764286523604,0.8436109784655275,-1.61758811796741,-0.1165260755991406,-2.255232508842998,1.1139372153566884,-0.3119190548203253,1.2443845388232115,0.0791413141184694,-0.5851578873218707,0.2875974245860253,1.2050075920152503,0.4315778808977973,-0.7916386077433746,0.2346617948613113,-2.026910034791593,0.3119190548203253,-1.275234241104605,0.2634447638039344,0.0791413141184694,1.1674153587269775,0.5577802741991821,0.7980166062079388,0.0791413141184694,-1.0078143423127026,-0.2490274894100124,0.9924772957033684,-2.3187579709778325,0.009301166667146,0.6299046699224384,-0.977370221692195,1.2146757214668782,0.5361762663658064,1.6530030581052302,0.5577802741991821,-1.1226279320577794,0.4366879596755643,0.9698997294331956,-0.0604935871747794,0.6355858691140571,-1.1139372153566884,-0.0558351934681735,-2.6016947511653714,0.6643075238930058,0.8369913991407895
GTEX-XLM4,0.7916386077433746,-0.5523552129489121,0.5095173924720495,-1.1766578532028555,-0.6129813329265346,0.1965804839448126,1.6175881179674108,-0.7540238855634623,1.438549182645292,1.5840930675378757,-1.7739779942235536,0.0558351934681737,-0.0139520014707611,1.0472360474261069,0.8569623777792261,-0.2060719695833272,-0.6759500545663616,-1.0001164123162831,0.009301166667146,1.7103643678208365,-2.0645981446801454,0.3661063568005698,-0.8979687192568958,-0.5686800575348554,-0.9848956614915162,0.7054672908207708,0.8304082942029329,-0.1352764286523604,0.7664413630494566,0.5851578873218706,1.928416512895066,-0.1965804839448126,0.8044272335589819,-0.5095173924720496,0.7852926508502123,-0.5632218016027938,-1.275234241104605,0.2586330669514177,-1.465233792685523,-0.4213912770678052,0.5577802741991821,0.4572444368663246,-0.1776496307692544,1.4517622707385982,0.2155820567040674,-0.4315778808977973,-1.8457049029212595,1.0799859809506631,-1.6715166841106104,0.955118795069792,-0.7478585947633022,-0.2730866066364132,0.2730866066364132,-0.9924772957033684,0.0511780111120515,0.0465219385151119,1.224458743278325,-1.0799859809506631,-0.7916386077433746,-0.220344368026539,-0.4727891209922674,-0.0838072954543562,-0.0279067194760659
GTEX-XMD1,2.1501937961635003,-0.6470103701484196,0.6470103701484196,-1.5679914964717907,0.4315778808977973,1.899384692461367,1.82074492261502,1.6006161338119125,1.6006161338119125,1.6530030581052302,-0.9405436406054154,-0.514819675081733,-2.0645981446801454,0.0698144159426549,2.318757970977832,-0.6759500545663616,-0.2108246297118815,-0.7726945818405243,-0.2490274894100124,0.3413520209215255,-1.1226279320577794,-1.5840930675378757,0.2108246297118815,-2.0645981446801454,-1.5840930675378757,0.9478060492911886,-1.5679914964717907,0.0,1.5073326312512036,0.1212095673006741,2.0269100347915936,-0.0698144159426548,-1.031275009879428,-0.0651532940076319,1.928416512895066,-0.9848956614915162,-0.4727891209922674,0.3860719086350267,-0.884134934875026,-2.0645981446801454,0.2730866066364132,2.199684129871479,-0.624243729236281,0.381066386264334,-1.5219770060190867,0.7726945818405243,-1.0155724616555522,2.0645981446801467,0.3216987953648042,-0.504229396049854,0.7602179716124496,0.7602179716124496,1.1314042769717068,0.2394448346237824,1.2752342411046045,1.1860019705320748,1.438549182645292,-1.5840930675378757,0.2346617948613113,-1.2443845388232115,-1.0799859809506631,-0.1871066753278251,-1.140268643894193
GTEX-XMK1,-0.2346617948613114,2.0645981446801467,-0.8238609817031132,-0.1776496307692544,-1.7968702837153614,-0.0186031380810724,-0.6585199505483369,0.2442333585910436,-0.7295305620669889,-0.977370221692195,1.6530030581052302,-0.5577802741991821,1.2752342411046045,0.1118451385279671,-0.8304082942029333,0.7980166062079388,-0.7980166062079388,1.6715166841106104,0.0558351934681737,0.0418668742548894,1.7307972047605154,2.199684129871479,1.2343603801814165,0.2586330669514177,1.438549182645292,-1.0634684328718786,-0.2442333585910436,-0.8910305119824391,-1.195450804572871,-1.0553174817566977,-0.6818057608465092,0.2634447638039344,-1.2443845388232115,1.1139372153566884,-0.7295305620669889,1.2964944386804569,-0.4061925696666297,-0.2924477009350161,-0.2875974245860253,-0.0511780111120515,-0.8772811433566338,-0.4727891209922674,1.9591709979048224,-0.6935879849651033,0.1118451385279671,0.9848956614915162,1.400345043136658,-1.1766578532028555,-0.1493701104165827,-0.5577802741991821,-0.1823761141706537,-0.1776496307692544,-2.255232508842998,1.400345043136658,-1.61758811796741,-0.5308145305532522,-1.0883562937618656,-0.5523552129489121,2.105469450920689,-1.7519793109683373,1.928416512895066,-1.6530030581052302,-0.0651532940076319
GTEX-XOTO,0.0698144159426549,0.4315778808977973,0.201323959635,0.5796478267226207,-1.5073326312512032,-0.4264790471503241,0.381066386264334,-1.5679914964717907,0.8979687192568956,0.4418094672275395,0.520136471164208,0.32660016939701,0.2634447638039344,1.2343603801814165,0.6759500545663616,-1.4789766045652544,-0.9405436406054154,0.2827539046344999,0.462413546573279,-2.484125224707312,0.2586330669514177,0.2586330669514177,-1.6350392668017106,0.1305846375599525,-1.0001164123162831,-0.6129813329265346,0.023254677171407,-1.2146757214668782,1.0716906581760843,1.3759692008680082,0.5632218016027939,0.596231764610585,-1.131404276971706,0.8772811433566338,0.6643075238930058,0.187106675327825,-1.899384692461367,-0.624243729236281,-2.10546945092069,-0.9924772957033684,-0.1024905076914514,-0.504229396049854,0.2634447638039344,1.1226279320577794,0.5042293960498542,0.3462856993426961,-0.4366879596755644,0.8173487968777844,-0.5523552129489121,0.6299046699224384,-1.4789766045652544,0.1165260755991407,0.32660016939701,0.6470103701484196,-0.4213912770678052,-1.3759692008680076,0.8436109784655275,-0.9478060492911888,-0.0372127170621942,-0.904950425274544,0.6129813329265346,-0.3760703934941728,-0.32660016939701
GTEX-XPT6,-1.82074492261502,-0.346285699342696,-1.3523845818311535,0.5741553087945971,-0.664307523893006,-2.3932998646116794,-0.2394448346237824,-1.140268643894193,-1.5679914964717907,-0.5686800575348554,0.023254677171407,1.8718707308672449,2.0269100347915936,-0.7540238855634623,-1.0001164123162831,2.105469450920689,-1.4930045626254098,0.1823761141706538,-0.32660016939701,-0.810871091550414,-0.3364266374948575,2.0269100347915936,-1.9591709979048224,1.8718707308672449,1.0392224351527355,0.1587822354845152,2.6016947511653696,1.6006161338119125,-0.0465219385151119,0.2973048669834491,-1.0078143423127026,-0.4936953696832038,2.199684129871479,-1.4930045626254098,-1.0472360474261069,1.7103643678208365,0.0791413141184694,1.4517622707385982,-0.1871066753278251,2.0269100347915936,1.2146757214668782,-0.955118795069792,0.3168051375343427,-0.9478060492911888,-0.0093011666671462,-1.1226279320577794,1.2648170437118502,-0.2394448346237824,0.3119190548203253,1.928416512895066,-0.7789781621703243,-2.026910034791593,0.6412876570233801,-0.4315778808977973,0.0744770551717114,0.0511780111120515,-0.7174469963041701,1.2146757214668782,-1.023392193391521,1.8718707308672449,-0.1965804839448126,0.023254677171407,-0.2346617948613114
GTEX-XPVG,0.1493701104165828,-0.2394448346237824,0.7234755745418949,2.0645981446801467,-1.9591709979048224,-0.7054672908207708,-0.4418094672275395,-1.1492235271996152,-0.3216987953648042,-0.7726945818405243,-0.4366879596755644,1.7103643678208365,1.1766578532028555,-1.0392224351527355,-0.3611379974371059,1.4789766045652544,-1.5073326312512032,-0.4936953696832038,-1.0799859809506631,1.2545353222880942,0.2875974245860253,0.8910305119824391,-0.7664413630494566,1.0472360474261069,0.5906857713824718,-1.7519793109683373,1.7307972047605154,0.8979687192568956,-0.1634935259298645,0.8502677319367892,-1.2648170437118496,-1.4003450431366584,0.7602179716124496,1.6175881179674108,-0.3364266374948575,0.6759500545663616,-0.7540238855634623,0.5741553087945971,-1.2050075920152503,-0.6470103701484196,-0.884134934875026,-0.664307523893006,-0.3661063568005696,-0.6470103701484196,-0.1682084481374103,0.4061925696666297,1.3523845818311528,-0.2346617948613114,-2.199684129871477,0.0279067194760658,0.681805760846509,0.6935879849651033,1.2857916935144202,1.3408692908803477,0.3661063568005698,-0.2251116819514788,-0.8910305119824391,-0.8636956533670372,0.2060719695833272,1.5840930675378757,0.8369913991407895,1.2964944386804569,1.0155724616555522
GTEX-XQ3S,-1.0472360474261069,-0.5308145305532522,0.2586330669514177,1.2648170437118502,0.5042293960498542,-1.195450804572871,-0.107166650845959,-0.7054672908207708,-0.8436109784655275,-0.4011472862273942,-0.520136471164208,1.6006161338119125,1.388054028556374,-0.7852926508502125,-0.3810663862643338,0.2634447638039344,1.7519793109683377,-0.2973048669834489,-0.8772811433566338,-1.1492235271996152,-0.5851578873218707,1.1860019705320748,-1.7103643678208365,2.772318040028347,0.3021690572528446,0.7664413630494566,0.6585199505483372,0.5361762663658064,-0.7540238855634623,1.7307972047605154,-0.3315094021268153,-0.520136471164208,1.1139372153566884,-1.5522864776181842,-0.2973048669834489,-0.3364266374948575,-1.1582715276653734,0.0511780111120515,2.199684129871479,1.465233792685523,1.400345043136658,0.32660016939701,-0.1352764286523604,-0.4675950415221049,3.112470178603064,-1.1582715276653734,0.4112482139938643,0.0791413141184694,-0.7726945818405243,1.7739779942235527,1.9918985578978008,0.1823761141706538,0.4366879596755643,-1.9284165128950652,-0.1965804839448126,-0.346285699342696,-0.1776496307692544,1.7968702837153605,-1.3640820484975271,0.7054672908207708,-1.3759692008680076,-0.6759500545663616,-1.0078143423127026
GTEX-XQ8I,0.2827539046344999,-1.1053298282224613,-0.0139520014707611,1.5522864776181842,-0.32660016939701,0.884134934875026,-0.7789781621703243,-0.4779959870785905,0.4264790471503241,-1.1226279320577794,-1.0392224351527355,-0.6876849397127831,0.962482977182896,-1.195450804572871,0.1024905076914515,0.2442333585910436,0.7478585947633022,-0.8979687192568958,-1.4517622707385982,-0.850267731936789,-1.2857916935144202,0.0604935871747794,-0.8569623777792261,0.4112482139938643,-0.107166650845959,1.195450804572871,0.4418094672275395,0.4520875158696414,0.3611379974371059,1.412851325289763,-1.2244587432783245,-0.9924772957033684,0.8704683159405441,-0.5796478267226205,0.4936953696832036,-0.2108246297118815,0.7540238855634623,-0.0046505330426104,0.5415534608499961,0.4366879596755643,0.8044272335589819,0.2827539046344999,-0.7602179716124495,-0.4572444368663248,0.8436109784655275,0.3216987953648042,-0.7114443807664012,0.7174469963041701,0.023254677171407,2.199684129871479,0.7664413630494566,1.6175881179674108,1.0155724616555522,-0.3611379974371059,0.1024905076914515,0.2298841175792322,0.3710837698778,0.2538273506747331,-0.5796478267226205,0.6935879849651033,-0.3561785367094661,0.4264790471503241,0.6701174349839331
GTEX-XXEK,-0.5686800575348554,0.4264790471503241,1.4789766045652544,0.32660016939701,0.1446690574398205,-0.5361762663658064,-1.4930045626254098,0.2251116819514788,-2.6016947511653714,-1.871870730867245,0.0884751021146148,0.2827539046344999,0.810871091550414,-0.1446690574398205,-1.5073326312512032,1.0553174817566977,0.2682625678197607,-0.1918414273303961,-0.3661063568005696,-0.4572444368663248,0.0372127170621943,1.1402686438941925,-1.4517622707385982,1.7519793109683377,0.5632218016027939,0.009301166667146,1.195450804572871,-0.0325593658056133,-1.2648170437118496,-0.0604935871747794,-1.0968035620935137,-0.2827539046344998,1.1492235271996152,0.0651532940076319,-1.61758811796741,0.1965804839448126,-0.3364266374948575,0.2538273506747331,0.3760703934941728,1.0078143423127026,0.2682625678197607,0.4264790471503241,0.2346617948613113,-0.6073792467767407,1.1582715276653734,0.3910871229289391,1.388054028556374,-0.9190479335937772,-0.2442333585910436,2.1501937961635003,0.5095173924720495,-0.2251116819514788,0.9924772957033684,0.0372127170621943,0.5632218016027939,-0.5415534608499959,-1.899384692461367,0.5042293960498542,-0.2538273506747333,0.3910871229289391,-0.0465219385151119,-0.7417216005233308,-0.810871091550414
GTEX-Y111,-0.955118795069792,-1.82074492261502,-1.167415358726977,0.3119190548203253,-0.3760703934941728,-0.4572444368663248,1.1860019705320748,-0.4727891209922674,1.0155724616555522,1.2050075920152503,-0.5415534608499959,0.4011472862273944,0.1212095673006741,0.3760703934941728,1.224458743278325,-0.2924477009350161,0.7234755745418949,-1.5679914964717907,-0.3315094021268153,0.9405436406054154,-1.388054028556375,-0.1399711994794718,0.5361762663658064,-0.520136471164208,-0.5741553087945971,0.5686800575348554,0.462413546573279,0.2586330669514177,1.2343603801814165,0.2203443680265389,1.2343603801814165,-0.2346617948613114,-0.2634447638039343,-0.2924477009350161,0.2442333585910436,0.0186031380810724,0.4264790471503241,-0.4727891209922674,0.1024905076914515,-0.220344368026539,0.962482977182896,-0.9405436406054154,-0.1682084481374103,0.962482977182896,1.0968035620935137,-0.5523552129489121,-1.2050075920152503,1.0155724616555522,0.1540744667957507,-0.7602179716124495,0.1165260755991407,-0.7602179716124495,-0.2490274894100124,-0.0046505330426104,-1.7968702837153614,-0.3315094021268153,-0.0931448373144652,2.2552325088429965,-0.3860719086350268,0.0558351934681737,0.023254677171407,0.5632218016027939,0.7916386077433746
GTEX-Y8E4,-0.3810663862643338,1.3759692008680082,-0.3910871229289391,-0.1823761141706537,-0.9190479335937772,-1.4255825774365014,-0.8238609817031132,-1.2244587432783245,-0.9848956614915162,-0.3021690572528447,1.5522864776181842,0.1493701104165828,0.6129813329265346,1.1226279320577794,-0.9119765235615476,0.2298841175792322,-0.4011472862273942,1.635039266801711,1.3408692908803477,0.8304082942029329,1.0883562937618656,0.7540238855634623,-0.6129813329265346,0.4989554619580166,0.0744770551717114,-0.6701174349839331,0.2203443680265389,-1.4255825774365014,-1.7968702837153614,-0.1918414273303961,-0.346285699342696,1.1674153587269775,0.381066386264334,0.1493701104165828,-0.9119765235615476,0.4832158447606152,-0.6759500545663616,-0.2973048669834489,-0.2538273506747333,-0.3512278212462601,0.1823761141706538,-0.5415534608499959,1.2857916935144202,0.6935879849651033,1.1402686438941925,0.5361762663658064,0.4727891209922672,-0.65275435145221,-1.3759692008680076,-0.6935879849651033,-0.9119765235615476,-0.8772811433566338,-0.2682625678197609,0.520136471164208,-0.5308145305532522,-0.955118795069792,-1.2244587432783245,0.4779959870785905,0.7980166062079388,-0.6412876570233803,1.3073477923443682,-0.962482977182896,-1.0001164123162831
GTEX-Y9LG,-1.61758811796741,2.1501937961635003,-2.3187579709778325,1.0472360474261069,-2.3187579709778325,-0.7980166062079388,-0.7540238855634623,-0.7602179716124495,-0.4832158447606152,-1.0968035620935137,2.4841252247073147,-0.6585199505483369,1.7103643678208365,0.0046505330426105,-0.229884117579232,1.031275009879428,-0.7478585947633022,2.105469450920689,0.3168051375343427,-0.4469425897337917,2.6016947511653696,2.1501937961635003,1.0392224351527355,-0.1823761141706537,1.195450804572871,-0.6585199505483369,0.681805760846509,0.1540744667957507,-0.8173487968777844,-0.5523552129489121,-1.5369552544493164,0.514819675081733,0.1823761141706538,1.2752342411046045,-1.2146757214668782,1.8718707308672449,-0.2538273506747333,-0.7664413630494566,-3.112470178603051,-0.4727891209922674,-0.9405436406054154,-1.8457049029212595,2.1501937961635003,-0.0838072954543562,-0.7295305620669889,0.9698997294331956,1.1860019705320748,0.0279067194760658,-0.3661063568005696,0.1776496307692544,-0.504229396049854,-1.2545353222880942,-1.1860019705320748,1.3640820484975271,-2.3932998646116794,-0.596231764610585,-1.1766578532028555,-0.2155820567040673,2.3932998646116808,0.0791413141184694,2.6016947511653696,-0.4572444368663248,0.3119190548203253
GTEX-YB5E,-0.3216987953648042,1.7519793109683377,-0.2586330669514177,-0.6935879849651033,-1.4930045626254098,-1.0968035620935137,-2.6016947511653714,-0.8704683159405441,-0.9924772957033684,-0.3364266374948575,1.224458743278325,0.7916386077433746,1.1314042769717068,-0.2155820567040673,-0.1258957192703828,0.5523552129489121,-1.7307972047605154,1.023392193391522,-0.3512278212462601,0.1587822354845152,1.2964944386804569,1.5522864776181842,-0.4112482139938643,0.6876849397127831,0.8704683159405441,-0.7478585947633022,0.7295305620669889,-1.0472360474261069,0.4011472862273944,-0.1258957192703828,-0.4779959870785905,-0.4520875158696413,0.6299046699224384,0.3661063568005698,-0.8304082942029333,1.0392224351527355,-0.6355858691140569,-0.0931448373144652,-1.6006161338119125,-0.5308145305532522,-0.2155820567040673,-0.5906857713824718,1.3408692908803477,0.0465219385151119,0.0931448373144652,0.7295305620669889,1.0553174817566977,-0.4315778808977973,-0.596231764610585,-1.7968702837153614,-1.2545353222880942,-1.4255825774365014,0.4213912770678051,0.7726945818405243,-0.5632218016027938,-0.7726945818405243,-0.5523552129489121,-1.0155724616555522,1.2648170437118502,-0.1729271126904469,1.2752342411046045,-0.2060719695833272,-0.1212095673006743
GTEX-YEC3,-1.3523845818311535,0.5523552129489121,-1.61758811796741,0.7726945818405243,-2.7723180400283463,-0.2924477009350161,-1.6006161338119125,-0.7114443807664012,-0.3119190548203253,-0.6701174349839331,0.4418094672275395,1.2443845388232115,0.5042293960498542,0.201323959635,-0.0744770551717116,1.2545353222880942,-2.484125224707312,0.5906857713824718,0.8173487968777844,0.6017961577614437,0.5361762663658064,1.195450804572871,-1.388054028556375,0.884134934875026,0.9119765235615476,-1.2050075920152503,2.0269100347915936,0.5906857713824718,-0.4675950415221049,0.3021690572528446,-0.3710837698778002,0.525468011519798,-0.1258957192703828,0.5906857713824718,-0.5796478267226205,1.4517622707385982,-1.6906216295848977,0.3661063568005698,-1.871870730867245,1.0155724616555522,-0.6935879849651033,-1.6006161338119125,0.4469425897337917,-1.0472360474261069,-0.962482977182896,-0.107166650845959,1.1139372153566884,0.2251116819514788,-0.4213912770678052,1.3759692008680082,-1.82074492261502,-1.1582715276653734,0.0651532940076319,0.8044272335589819,-0.4366879596755644,-0.5851578873218707,-1.3759692008680076,-1.031275009879428,0.3961121933896049,1.3073477923443682,0.1682084481374105,0.1965804839448126,-0.0046505330426104
GTEX-YECK,-0.1118451385279671,0.0465219385151119,-0.0511780111120515,-0.6818057608465092,-0.4213912770678052,-0.0325593658056133,0.8436109784655275,-0.0838072954543562,0.2442333585910436,0.7540238855634623,0.1446690574398205,1.0883562937618656,-0.6701174349839331,0.8502677319367892,0.5577802741991821,-0.514819675081733,-1.0392224351527355,0.2924477009350161,1.023392193391522,-0.7478585947633022,-0.0186031380810724,-0.0139520014707611,-0.9848956614915162,-1.0799859809506631,-0.7114443807664012,0.5523552129489121,0.7980166062079388,-0.850267731936789,1.1860019705320748,-0.4213912770678052,0.6470103701484196,0.6759500545663616,-0.2924477009350161,-0.1399711994794718,0.0372127170621943,-0.1212095673006743,-0.7356124152439232,-0.1258957192703828,-0.810871091550414,-1.167415358726977,0.0978166045653749,0.023254677171407,0.3021690572528446,0.2875974245860253,-0.2394448346237824,-0.0232546771714069,-2.026910034791593,0.381066386264334,-1.0472360474261069,-0.1823761141706537,-1.0799859809506631,-0.7356124152439232,0.1399711994794717,0.0465219385151119,0.32660016939701,0.2973048669834491,0.2634447638039344,-0.664307523893006,0.1634935259298645,-0.7602179716124495,0.0511780111120515,-0.1118451385279671,-0.0698144159426548
GTEX-YF7O,-0.4469425897337917,1.0078143423127026,-0.2730866066364132,-0.5741553087945971,-0.0418668742548895,-0.5851578873218707,-1.6906216295848977,0.4315778808977973,-2.3187579709778325,-2.10546945092069,1.4255825774365014,-1.6350392668017106,-0.1776496307692544,0.3168051375343427,-0.7916386077433746,-0.7417216005233308,1.0392224351527355,1.521977006019087,0.5361762663658064,0.8369913991407895,1.2343603801814165,0.7174469963041701,1.5679914964717907,0.4469425897337917,0.977370221692195,-1.0001164123162831,-0.4520875158696413,0.6876849397127831,-0.4213912770678052,-1.2050075920152503,-1.7968702837153614,0.7916386077433746,-0.8238609817031132,0.7234755745418949,-2.3932998646116794,0.7726945818405243,0.65275435145221,-0.0372127170621942,0.8979687192568956,0.5741553087945971,-0.6129813329265346,-0.3710837698778002,1.1492235271996152,-0.2586330669514177,0.1493701104165828,0.8238609817031132,0.884134934875026,-1.5073326312512032,1.438549182645292,-1.6530030581052302,0.3413520209215255,-1.6006161338119125,-0.884134934875026,0.933330502902325,-0.4572444368663248,-1.023392193391521,-2.10546945092069,0.681805760846509,1.2964944386804569,-0.3561785367094661,0.904950425274544,-0.8436109784655275,-0.5906857713824718
GTEX-YFCO,-1.195450804572871,0.7295305620669889,-1.3183573694113604,0.0931448373144652,-1.3523845818311535,-0.933330502902325,-0.8173487968777844,1.0968035620935137,-1.0553174817566977,-0.7417216005233308,0.9190479335937772,-0.0931448373144652,0.7054672908207708,-0.1118451385279671,-1.1226279320577794,1.0634684328718786,-1.2244587432783245,1.2752342411046045,0.2155820567040674,0.7478585947633022,0.9848956614915162,1.3759692008680082,-0.1587822354845152,0.8238609817031132,1.224458743278325,-0.2251116819514788,0.3512278212462599,-0.2346617948613114,-1.5522864776181842,-0.6073792467767407,-0.7540238855634623,0.4520875158696414,-0.4884489019738811,0.2060719695833272,-1.5369552544493164,0.7478585947633022,-0.4112482139938643,0.4884489019738812,-0.2924477009350161,0.8369913991407895,-0.5254680115197978,-0.9848956614915162,1.0155724616555522,-0.8979687192568958,-0.1446690574398205,-0.2346617948613114,0.9261656018472316,-0.9478060492911888,0.904950425274544,1.5840930675378757,-1.275234241104605,-1.4517622707385982,-0.9848956614915162,0.8436109784655275,-0.7478585947633022,-0.0791413141184694,-1.2146757214668782,-0.32660016939701,0.6759500545663616,0.0978166045653749,0.5308145305532521,-0.1729271126904469,0.4418094672275395
GTEX-YJ89,1.6906216295848986,-0.107166650845959,0.525468011519798,-0.4572444368663248,-0.9848956614915162,1.0968035620935137,0.0838072954543562,-0.4011472862273942,1.9918985578978008,0.1729271126904469,-0.0698144159426548,0.8979687192568956,0.5095173924720495,0.187106675327825,1.1314042769717068,0.4264790471503241,-0.884134934875026,-0.0651532940076319,-0.3760703934941728,0.7114443807664012,-0.2586330669514177,-1.5219770060190867,-2.484125224707312,-2.6016947511653714,-1.4930045626254098,0.1446690574398205,1.2857916935144202,0.2827539046344999,0.4315778808977973,-0.3070404075144982,0.3661063568005698,-0.5577802741991821,-0.1823761141706537,0.6355858691140571,1.2443845388232115,0.2634447638039344,-1.131404276971706,0.6299046699224384,-0.3070404075144982,-1.899384692461367,0.0465219385151119,1.7968702837153605,-0.0279067194760659,0.9478060492911886,-1.0968035620935137,0.2779170089683694,-1.388054028556375,1.5522864776181842,-2.6016947511653714,-0.962482977182896,0.0698144159426549,0.8569623777792261,1.6175881179674108,0.4061925696666297,1.1492235271996152,0.1776496307692544,0.6073792467767407,-1.9918985578978008,-0.1634935259298645,1.0078143423127026,-0.0372127170621942,0.5851578873218706,0.4989554619580166
GTEX-YJ8A,-0.4418094672275395,0.9848956614915162,0.4264790471503241,1.2343603801814165,-1.3073477923443677,-0.8704683159405441,-0.2538273506747333,-1.4930045626254098,-0.6701174349839331,-0.2924477009350161,1.0078143423127026,-0.6701174349839331,1.3073477923443682,0.7916386077433746,-1.3295291071787323,0.1729271126904469,-0.2060719695833272,0.7540238855634623,1.0553174817566977,-1.871870730867245,0.201323959635,1.5369552544493164,-0.8304082942029333,1.465233792685523,0.5741553087945971,-0.6935879849651033,-0.2155820567040673,-2.199684129871477,-2.3932998646116794,0.596231764610585,-1.023392193391521,0.7114443807664012,-0.5686800575348554,0.7789781621703243,-0.7114443807664012,-0.8569623777792261,-0.3021690572528447,-2.6016947511653714,0.596231764610585,0.4727891209922672,0.4779959870785905,-0.3961121933896049,0.7664413630494566,0.3611379974371059,0.8772811433566338,1.0392224351527355,0.7852926508502123,-0.5095173924720496,-0.962482977182896,0.1634935259298645,0.2634447638039344,-0.0465219385151119,0.884134934875026,0.0279067194760658,-0.4779959870785905,-0.7916386077433746,-1.6715166841106104,0.3070404075144982,1.3295291071787323,-1.3295291071787323,1.5369552544493164,-0.3168051375343428,-0.1165260755991406
GTEX-Z93S,0.7356124152439232,-0.8436109784655275,1.7103643678208365,-0.810871091550414,0.681805760846509,-0.2394448346237824,1.3183573694113604,-0.5632218016027938,0.4418094672275395,1.5522864776181842,-0.4989554619580166,0.6935879849651033,0.5523552129489121,1.5679914964717907,0.1258957192703828,-0.8910305119824391,1.2545353222880942,-0.6129813329265346,0.2634447638039344,1.9918985578978008,-0.9261656018472316,0.1165260755991407,-0.4727891209922674,-0.0418668742548895,-0.3910871229289391,0.7234755745418949,-1.438549182645292,-1.465233792685523,0.0279067194760658,0.7295305620669889,1.3759692008680082,0.3119190548203253,0.32660016939701,-0.7916386077433746,-0.1965804839448126,-1.195450804572871,-0.9698997294331952,-1.4003450431366584,-0.1729271126904469,-1.4255825774365014,0.8436109784655275,1.0968035620935137,-0.4832158447606152,1.6006161338119125,2.318757970977832,-0.6701174349839331,-0.850267731936789,0.6701174349839331,-0.3910871229289391,-0.3512278212462601,0.514819675081733,0.1399711994794717,-0.0884751021146149,-0.4884489019738811,-0.6412876570233803,-0.32660016939701,-0.1212095673006743,0.0978166045653749,-0.514819675081733,-1.2545353222880942,-0.2394448346237824,-0.3070404075144982,0.2346617948613113
GTEX-ZA64,-2.6016947511653714,0.6073792467767407,-1.1492235271996152,0.2490274894100126,-2.255232508842998,-1.2857916935144202,-0.7478585947633022,-0.810871091550414,-0.8304082942029333,-0.2346617948613114,2.3932998646116808,-0.65275435145221,1.3759692008680082,0.0511780111120515,-0.1165260755991406,0.9478060492911886,-1.2146757214668782,3.112470178603064,1.9918985578978008,0.32660016939701,2.4841252247073147,2.6016947511653696,1.8718707308672449,-0.7174469963041701,1.899384692461367,-0.7234755745418949,0.0744770551717114,0.467595041522105,0.1352764286523606,-1.275234241104605,-0.7114443807664012,1.3408692908803477,0.3561785367094661,-0.0186031380810724,-1.5073326312512032,1.5073326312512036,0.0744770551717114,-1.1860019705320748,-0.6759500545663616,0.3661063568005698,-0.346285699342696,-0.8704683159405441,2.4841252247073147,-1.1226279320577794,-0.810871091550414,-0.1965804839448126,1.5369552544493164,-0.4727891209922674,0.7602179716124496,0.1823761141706538,0.0,-2.199684129871477,-1.7307972047605154,0.4011472862273944,-2.3187579709778325,-1.1582715276653734,-1.167415358726977,0.6995152985526999,2.6016947511653696,-0.8436109784655275,2.3932998646116808,-1.2857916935144202,-0.4936953696832038
GTEX-ZAB4,0.6299046699224384,-0.0604935871747794,0.6995152985526999,-0.4520875158696413,0.0511780111120515,-0.2779170089683694,-0.0186031380810724,0.2203443680265389,0.0698144159426549,-0.0046505330426104,0.2682625678197607,1.1674153587269775,0.3961121933896049,0.2108246297118815,-0.4061925696666297,1.0078143423127026,0.5095173924720495,0.0698144159426549,-0.4832158447606152,0.4112482139938643,0.1258957192703828,0.4936953696832036,-0.7980166062079388,-0.884134934875026,0.6876849397127831,-0.8910305119824391,0.8636956533670372,-0.2779170089683694,-0.0791413141184694,-0.8569623777792261,0.0511780111120515,-0.1258957192703828,1.0883562937618656,0.3961121933896049,-0.1823761141706537,0.7114443807664012,-1.2244587432783245,1.0883562937618656,-0.1399711994794718,-1.2443845388232115,-0.514819675081733,0.3961121933896049,-0.1493701104165827,-0.2251116819514788,-0.2538273506747333,-0.3512278212462601,0.7478585947633022,-0.850267731936789,-0.2251116819514788,-0.0604935871747794,-1.2244587432783245,-0.8569623777792261,-0.6470103701484196,0.381066386264334,0.5042293960498542,0.0791413141184694,-0.4832158447606152,-0.6585199505483369,-0.1118451385279671,0.7478585947633022,0.0139520014707611,-0.346285699342696,-0.5796478267226205
GTEX-ZAB5,-1.1139372153566884,0.1305846375599525,0.0744770551717114,1.6906216295848986,0.381066386264334,-1.0078143423127026,-1.0078143423127026,-0.3760703934941728,-0.5469463597873272,-1.9918985578978008,-2.199684129871477,0.8502677319367892,0.6585199505483372,-1.3640820484975271,-0.7602179716124495,0.4213912770678051,0.7726945818405243,-1.9591709979048224,-1.6906216295848977,-2.6016947511653714,0.1024905076914515,0.2442333585910436,-0.7054672908207708,1.7103643678208365,0.4011472862273944,0.4779959870785905,1.0392224351527355,0.2060719695833272,0.1540744667957507,0.2298841175792322,-2.6016947511653714,-0.8044272335589816,-0.65275435145221,0.0465219385151119,-0.3413520209215255,0.0558351934681737,1.6906216295848986,-0.0279067194760659,1.7739779942235527,1.6175881179674108,0.4061925696666297,-0.1823761141706537,0.1446690574398205,-1.195450804572871,0.7916386077433746,1.0553174817566977,0.7295305620669889,-0.0046505330426104,-0.1305846375599525,0.520136471164208,0.3561785367094661,0.2155820567040674,0.7726945818405243,-0.3961121933896049,0.1587822354845152,-0.6935879849651033,0.1024905076914515,1.438549182645292,0.1352764286523606,1.1860019705320748,-0.346285699342696,0.3661063568005698,1.0799859809506631
GTEX-ZDTS,-0.5632218016027938,-2.3187579709778325,-0.4163143916073592,0.955118795069792,1.2648170437118502,0.2298841175792322,0.4779959870785905,0.4884489019738812,0.4011472862273944,0.3119190548203253,-0.0604935871747794,-1.7307972047605154,-0.3810663862643338,-0.3810663862643338,0.3021690572528446,-0.3512278212462601,0.2779170089683694,-0.462413546573279,-0.2108246297118815,1.0883562937618656,-1.7968702837153614,-0.2108246297118815,0.0604935871747794,-0.1682084481374103,0.2490274894100126,1.1139372153566884,-0.2586330669514177,-0.624243729236281,0.4779959870785905,-0.4832158447606152,0.0744770551717114,-0.3070404075144982,0.0884751021146148,-0.4572444368663248,0.3021690572528446,0.3961121933896049,0.810871091550414,-0.4469425897337917,1.82074492261502,0.2155820567040674,0.2827539046344999,-0.1776496307692544,-1.9284165128950652,-0.6876849397127831,-0.2060719695833272,-0.7174469963041701,0.0325593658056133,-0.1493701104165827,0.3860719086350267,-1.7103643678208365,-0.0046505330426104,0.4572444368663246,-0.664307523893006,0.2875974245860253,-0.1634935259298645,0.0651532940076319,0.4418094672275395,1.0392224351527355,-0.6355858691140569,-0.4832158447606152,-0.4061925696666297,0.5906857713824718,0.9261656018472316
GTEX-ZDTT,-0.4315778808977973,1.3073477923443682,-0.7356124152439232,-0.4989554619580166,-1.3295291071787323,-0.4315778808977973,-1.5369552544493164,0.5851578873218706,-0.977370221692195,-1.9284165128950652,1.899384692461367,0.2346617948613113,0.514819675081733,0.6876849397127831,-0.7789781621703243,0.6355858691140571,0.1682084481374105,1.82074492261502,0.2490274894100126,0.6759500545663616,1.7739779942235527,0.962482977182896,0.8979687192568956,-0.4675950415221049,0.4315778808977973,-0.2682625678197609,0.6017961577614437,0.6355858691140571,-2.6016947511653714,-0.1682084481374103,-1.1053298282224613,0.520136471164208,0.2682625678197607,0.7664413630494566,-2.3187579709778325,1.4930045626254098,-0.0093011666671462,-0.4011472862273942,-1.131404276971706,-0.32660016939701,-0.664307523893006,-0.4163143916073592,1.400345043136658,-0.107166650845959,-0.1165260755991406,0.596231764610585,0.5523552129489121,-0.7602179716124495,0.4520875158696414,-1.4789766045652544,-0.8238609817031132,-0.9261656018472316,-0.4315778808977973,1.7103643678208365,-0.6299046699224384,-0.3413520209215255,-1.9591709979048224,-0.5308145305532522,1.3759692008680082,-0.3910871229289391,1.1674153587269775,-1.5073326312512032,-0.955118795069792
GTEX-ZDXO,0.3070404075144982,0.2875974245860253,-0.0791413141184694,-0.5851578873218707,-1.2545353222880942,0.546946359787327,0.5095173924720495,-0.1258957192703828,-0.0838072954543562,0.8704683159405441,0.8436109784655275,0.6701174349839331,-0.2875974245860253,2.318757970977832,0.3710837698778,-0.7054672908207708,-0.9478060492911888,0.884134934875026,1.7103643678208365,-0.7602179716124495,0.7726945818405243,-1.6006161338119125,-1.9918985578978008,-2.10546945092069,-2.199684129871477,-0.2346617948613114,-0.7664413630494566,-0.3910871229289391,0.7789781621703243,1.388054028556374,0.904950425274544,2.0269100347915936,-0.1729271126904469,-0.1258957192703828,-0.2251116819514788,1.1226279320577794,-2.026910034791593,0.3710837698778,-1.61758811796741,-3.112470178603051,0.514819675081733,0.1965804839448126,0.4418094672275395,1.412851325289763,0.2973048669834491,-0.2827539046344998,-1.61758811796741,0.9261656018472316,-1.9284165128950652,-1.1582715276653734,-0.0698144159426548,-0.0186031380810724,0.977370221692195,0.6299046699224384,0.977370221692195,0.1540744667957507,-0.3168051375343428,-1.4789766045652544,0.187106675327825,-0.2442333585910436,0.32660016939701,-1.438549182645292,-0.8044272335589816
GTEX-ZDYS,-0.0046505330426104,1.023392193391522,0.0978166045653749,-0.8569623777792261,-0.7478585947633022,-0.6186027229558672,-1.4003450431366584,-0.7417216005233308,-1.2343603801814165,-0.6129813329265346,1.6006161338119125,-1.2545353222880942,0.4936953696832036,0.0604935871747794,-0.9478060492911888,0.3462856993426961,0.681805760846509,1.6530030581052302,0.5308145305532521,1.1492235271996152,1.2648170437118502,1.6006161338119125,0.8044272335589819,1.2146757214668782,1.1226279320577794,-2.1501937961635003,-0.1493701104165827,-0.7540238855634623,-1.1139372153566884,-1.4517622707385982,-0.8044272335589816,0.1587822354845152,-0.5632218016027938,0.9119765235615476,-1.5840930675378757,1.031275009879428,-0.6073792467767407,-0.0511780111120515,-0.1212095673006743,-0.0046505330426104,-0.5796478267226205,-0.5308145305532522,1.7103643678208365,-0.1446690574398205,0.9119765235615476,0.1024905076914515,1.7968702837153605,-1.5369552544493164,0.9119765235615476,-0.0838072954543562,0.3070404075144982,-1.7103643678208365,-0.9190479335937772,0.8772811433566338,-1.140268643894193,-1.031275009879428,-1.82074492261502,-0.0325593658056133,1.1582715276653734,-1.167415358726977,1.6715166841106104,-1.4517622707385982,-0.2013239596350001
GTEX-ZE9C,0.596231764610585,-0.6186027229558672,-0.4213912770678052,0.1776496307692544,-0.0232546771714069,0.4727891209922672,1.1582715276653734,0.520136471164208,0.5523552129489121,1.0392224351527355,-2.026910034791593,-1.4128513252897623,0.7234755745418949,-0.3760703934941728,1.4789766045652544,0.1965804839448126,-0.1776496307692544,-1.0553174817566977,0.1118451385279671,-0.6129813329265346,-1.465233792685523,0.514819675081733,-0.6299046699224384,-0.9119765235615476,-0.1918414273303961,1.2050075920152503,0.3119190548203253,-0.4011472862273942,1.2050075920152503,1.031275009879428,0.6585199505483372,-0.1634935259298645,0.8979687192568956,-0.6995152985526998,0.4163143916073593,0.2973048669834491,0.1965804839448126,0.1587822354845152,-0.0418668742548895,-0.5095173924720496,0.9698997294331956,1.000116412316283,-1.61758811796741,-0.4779959870785905,-1.275234241104605,-1.5073326312512032,-0.0698144159426548,1.3640820484975271,0.6759500545663616,-0.8436109784655275,-1.1766578532028555,0.7478585947633022,0.6759500545663616,0.1258957192703828,0.6995152985526999,0.5796478267226207,0.0791413141184694,-1.140268643894193,-0.6412876570233803,-1.140268643894193,-0.7540238855634623,-0.3561785367094661,0.1352764286523606
GTEX-ZEX8,0.4936953696832036,1.1226279320577794,0.32660016939701,-0.3168051375343428,-2.026910034791593,-0.7356124152439232,-0.8636956533670372,-0.1823761141706537,-0.4112482139938643,-0.2682625678197609,0.4989554619580166,-0.3119190548203253,0.8636956533670372,-0.4520875158696413,-0.1399711994794718,0.8910305119824391,-1.465233792685523,0.3760703934941728,-0.4675950415221049,0.1399711994794717,1.2545353222880942,0.9924772957033684,0.32660016939701,0.8502677319367892,1.0553174817566977,-1.4003450431366584,0.596231764610585,0.1165260755991407,-0.0046505330426104,-0.810871091550414,-0.5632218016027938,-0.5632218016027938,-0.977370221692195,2.6016947511653696,-0.4264790471503241,1.6006161338119125,-0.3860719086350268,-0.1212095673006743,-0.0651532940076319,-0.514819675081733,-2.3187579709778325,-0.2586330669514177,0.6186027229558674,-0.6017961577614439,-0.955118795069792,1.4255825774365014,1.3295291071787323,-0.7234755745418949,-1.871870730867245,-0.8044272335589816,-0.2634447638039343,-0.229884117579232,0.2875974245860253,2.3932998646116808,0.1729271126904469,-0.5796478267226205,-0.933330502902325,-1.3759692008680076,0.904950425274544,-0.6701174349839331,0.8636956533670372,0.7789781621703243,1.3183573694113604
GTEX-ZF28,1.6715166841106104,-1.2146757214668782,1.2545353222880942,-0.4163143916073592,1.3523845818311528,1.4517622707385982,0.3216987953648042,0.6355858691140571,0.8636956533670372,0.2490274894100126,-0.3661063568005696,-1.2857916935144202,-1.3295291071787323,0.0372127170621943,0.2730866066364132,-1.0078143423127026,0.4061925696666297,-0.0093011666671462,-0.4061925696666297,0.7852926508502123,-0.4213912770678052,-1.7739779942235536,0.7789781621703243,-0.0279067194760659,-1.2050075920152503,0.1634935259298645,-0.9848956614915162,-0.0604935871747794,0.0791413141184694,-0.4884489019738811,0.525468011519798,-0.0511780111120515,-1.1860019705320748,-0.1729271126904469,1.521977006019087,-0.4520875158696413,0.7664413630494566,-0.4418094672275395,1.1139372153566884,0.1212095673006741,-0.1118451385279671,1.031275009879428,-1.465233792685523,0.3021690572528446,0.4418094672275395,-0.1729271126904469,-1.2146757214668782,-0.0279067194760659,-0.3021690572528447,-1.3640820484975271,0.4936953696832036,0.9190479335937772,0.1446690574398205,-0.5686800575348554,0.7789781621703243,0.5042293960498542,1.3523845818311528,0.2203443680265389,-0.4520875158696413,-0.0325593658056133,-0.4112482139938643,-0.2155820567040673,-0.4572444368663248
GTEX-ZG7Y,-1.4789766045652544,0.810871091550414,-0.6470103701484196,0.5851578873218706,-0.8910305119824391,-1.5522864776181842,-0.5906857713824718,-1.167415358726977,-1.9591709979048224,-0.9190479335937772,0.4163143916073593,1.3408692908803477,0.32660016939701,-0.955118795069792,-1.3640820484975271,1.438549182645292,-0.8772811433566338,0.3168051375343427,-0.6470103701484196,0.2827539046344999,0.3760703934941728,1.0553174817566977,-1.1582715276653734,1.5522864776181842,1.6530030581052302,-0.3315094021268153,1.84570490292126,0.520136471164208,-0.8304082942029333,-0.1776496307692544,-1.4003450431366584,-0.6355858691140569,0.7295305620669889,0.2155820567040674,-1.4128513252897623,1.1766578532028555,-0.1776496307692544,1.3640820484975271,1.3408692908803477,1.6530030581052302,0.8238609817031132,-0.6017961577614439,0.6242437292362808,-1.0716906581760843,1.2964944386804569,0.2875974245860253,1.1766578532028555,-1.9284165128950652,0.2442333585910436,0.6073792467767407,-1.4128513252897623,-1.4930045626254098,-0.4366879596755644,-0.0698144159426548,-0.2586330669514177,-0.1305846375599525,-1.0472360474261069,1.7307972047605154,0.6701174349839331,1.0968035620935137,0.4315778808977973,-0.9478060492911888,-1.5073326312512032
GTEX-ZLFU,-0.8772811433566338,1.2343603801814165,-0.0838072954543562,-0.6299046699224384,-1.3183573694113604,-0.0604935871747794,-0.9478060492911888,0.9190479335937772,-2.199684129871477,-1.2545353222880942,0.9405436406054154,0.9261656018472316,-0.3561785367094661,-1.899384692461367,-1.4128513252897623,0.7916386077433746,1.2964944386804569,1.3295291071787323,-0.0232546771714069,0.2779170089683694,0.7356124152439232,0.8238609817031132,1.9918985578978008,0.1776496307692544,1.7739779942235527,-2.7723180400283463,0.5906857713824718,1.6175881179674108,-0.8979687192568958,-1.131404276971706,-1.6530030581052302,-0.2394448346237824,0.0372127170621943,0.7054672908207708,-1.6715166841106104,0.4936953696832036,1.2752342411046045,1.2443845388232115,-0.0838072954543562,1.1226279320577794,-2.484125224707312,-1.0001164123162831,1.6715166841106104,-2.7723180400283463,-1.2244587432783245,0.5686800575348554,1.4517622707385982,-2.6016947511653714,2.2552325088429965,0.5686800575348554,0.5577802741991821,-0.8304082942029333,-0.5095173924720496,1.2545353222880942,0.681805760846509,0.1118451385279671,-1.340869290880347,-0.65275435145221,1.465233792685523,0.7602179716124496,0.1918414273303961,0.0279067194760658,-0.3661063568005696
GTEX-ZPU1,-0.0465219385151119,1.195450804572871,-0.884134934875026,0.4061925696666297,-0.5095173924720496,-1.0001164123162831,-1.3183573694113604,-0.5686800575348554,-0.346285699342696,-1.6715166841106104,1.3640820484975271,-1.1582715276653734,0.8569623777792261,1.5073326312512036,0.0978166045653749,0.4779959870785905,-0.7234755745418949,1.3073477923443682,0.4112482139938643,-1.1582715276653734,2.2552325088429965,1.3295291071787323,0.8304082942029329,-3.112470178603051,0.4727891209922672,0.3119190548203253,-0.6073792467767407,0.0931448373144652,-0.3710837698778002,-0.1540744667957508,0.2346617948613113,1.1492235271996152,0.4572444368663246,0.8636956533670372,-1.5522864776181842,2.3932998646116808,-1.2146757214668782,-0.7054672908207708,-0.7916386077433746,-1.131404276971706,0.6242437292362808,-0.107166650845959,1.2648170437118502,0.8436109784655275,-0.2827539046344998,0.1682084481374105,0.4264790471503241,0.2634447638039344,-0.4469425897337917,-1.275234241104605,-0.3760703934941728,-0.9848956614915162,-2.7723180400283463,2.6016947511653696,-1.871870730867245,-1.3295291071787323,-1.7307972047605154,-0.0511780111120515,1.521977006019087,-0.2108246297118815,1.4517622707385982,-0.4163143916073592,-0.3760703934941728
GTEX-ZT9W,-0.7356124152439232,1.3295291071787323,-0.962482977182896,0.1212095673006741,-1.0155724616555522,-1.0155724616555522,-1.1582715276653734,-0.3070404075144982,-0.6995152985526998,-0.2490274894100124,1.6906216295848986,-0.4989554619580166,1.2857916935144202,0.2875974245860253,-0.8238609817031132,-0.0325593658056133,-1.2443845388232115,1.7739779942235527,0.2060719695833272,-0.3661063568005696,1.7103643678208365,1.84570490292126,0.8772811433566338,0.7114443807664012,0.9698997294331956,-1.899384692461367,-0.0698144159426548,0.0744770551717114,-1.1226279320577794,-0.0511780111120515,-0.2779170089683694,0.3611379974371059,-0.0651532940076319,0.9924772957033684,-0.7234755745418949,2.0645981446801467,-0.6017961577614439,-0.4884489019738811,-1.0799859809506631,0.2251116819514788,-0.2682625678197609,-0.850267731936789,1.3073477923443682,-0.3216987953648042,0.7852926508502123,-0.1493701104165827,1.2752342411046045,-1.5840930675378757,-0.1024905076914514,-1.140268643894193,0.3710837698778,-1.2648170437118496,-1.2857916935144202,2.1501937961635003,-1.031275009879428,-1.7968702837153614,-1.5369552544493164,-0.2442333585910436,1.0968035620935137,-0.6129813329265346,1.5679914964717907,-1.3183573694113604,-0.5361762663658064
GTEX-ZT9X,-0.2924477009350161,0.7664413630494566,-0.4011472862273942,1.1492235271996152,-0.2827539046344998,-0.2155820567040673,-0.6470103701484196,-0.7852926508502125,0.5632218016027939,-0.0279067194760659,0.6355858691140571,-0.5523552129489121,0.2586330669514177,0.7540238855634623,-0.2490274894100124,-0.9261656018472316,-1.1766578532028555,0.4989554619580166,1.1314042769717068,1.928416512895066,-0.0279067194760659,0.7114443807664012,0.5042293960498542,0.2060719695833272,0.9261656018472316,-1.3073477923443677,-1.9591709979048224,-1.6906216295848977,-1.1860019705320748,-0.0186031380810724,-0.1118451385279671,1.031275009879428,-1.1053298282224613,0.4884489019738812,-0.0604935871747794,-1.0078143423127026,-0.2827539046344998,-0.6470103701484196,-1.0078143423127026,-0.8044272335589816,-0.4989554619580166,-0.5095173924720496,0.6643075238930058,0.546946359787327,0.3860719086350267,0.6643075238930058,1.438549182645292,-0.1540744667957508,0.1776496307692544,-0.5469463597873272,-0.4366879596755644,-0.3661063568005696,-1.6350392668017106,-0.220344368026539,-0.4989554619580166,-1.7519793109683373,-0.3021690572528447,0.4884489019738812,1.000116412316283,-1.0634684328718786,0.810871091550414,-0.4936953696832038,0.0884751021146148
GTEX-ZTSS,-0.962482977182896,1.400345043136658,-0.4112482139938643,0.0744770551717114,-0.1352764286523604,-1.6715166841106104,-0.3021690572528447,-1.0392224351527355,-0.6299046699224384,-0.6412876570233803,1.1674153587269775,0.7356124152439232,1.2146757214668782,0.7664413630494566,-1.0078143423127026,0.6017961577614437,-0.7295305620669889,0.6585199505483372,-0.3119190548203253,1.899384692461367,0.546946359787327,1.0634684328718786,-0.5361762663658064,0.5361762663658064,-0.4727891209922674,-0.3119190548203253,0.7726945818405243,-0.32660016939701,-0.9405436406054154,1.1492235271996152,-0.810871091550414,0.2682625678197607,0.4727891209922672,0.7417216005233305,-1.1053298282224613,0.5851578873218706,-1.195450804572871,-1.1582715276653734,-1.2343603801814165,0.1965804839448126,0.977370221692195,-0.9119765235615476,0.6995152985526999,0.977370221692195,1.195450804572871,0.0418668742548894,0.1305846375599525,-0.2155820567040673,-0.6073792467767407,0.1165260755991407,0.1071666508459588,-0.664307523893006,-0.1118451385279671,0.8238609817031132,-1.7519793109683373,-1.4255825774365014,-0.7602179716124495,0.2973048669834491,0.7295305620669889,0.0884751021146148,1.2343603801814165,-0.8636956533670372,-0.596231764610585
GTEX-ZTTD,-1.7103643678208365,0.0744770551717114,-0.5415534608499959,1.7739779942235527,-0.2634447638039343,-1.871870730867245,-0.0046505330426104,-1.1139372153566884,1.400345043136658,0.0139520014707611,-0.0418668742548895,0.5906857713824718,1.0472360474261069,-0.2779170089683694,0.6073792467767407,0.2346617948613113,-0.2779170089683694,-0.3710837698778002,-0.7234755745418949,0.2155820567040674,-0.2779170089683694,0.5308145305532521,-1.438549182645292,0.7295305620669889,-0.0931448373144652,0.3364266374948573,0.2394448346237824,0.0325593658056133,0.6876849397127831,1.0155724616555522,0.2634447638039344,-0.6876849397127831,0.4884489019738812,-0.1918414273303961,0.7664413630494566,-0.1918414273303961,-0.4884489019738811,0.8502677319367892,-0.7054672908207708,-0.0418668742548895,1.1314042769717068,-1.1053298282224613,-0.2394448346237824,0.2730866066364132,0.6759500545663616,-0.7916386077433746,0.1071666508459588,0.8369913991407895,-1.5522864776181842,1.2964944386804569,0.1258957192703828,-0.8369913991407895,-0.0558351934681735,-0.0651532940076319,-1.2545353222880942,-1.275234241104605,1.3183573694113604,1.3408692908803477,-0.9405436406054154,0.3710837698778,0.1399711994794717,-0.1399711994794718,0.009301166667146
GTEX-ZTX8,-1.5840930675378757,0.977370221692195,-1.6530030581052302,1.5679914964717907,-1.82074492261502,0.3168051375343427,-0.7114443807664012,-1.3183573694113604,-0.5741553087945971,-1.0472360474261069,0.5095173924720495,1.2857916935144202,1.7968702837153605,-0.7356124152439232,-1.2648170437118496,1.6175881179674108,-0.6876849397127831,0.4264790471503241,0.1071666508459588,-1.82074492261502,0.2108246297118815,1.82074492261502,0.8704683159405441,0.8369913991407895,1.6715166841106104,-2.0645981446801454,1.438549182645292,0.9698997294331956,-2.255232508842998,0.1493701104165828,-1.4789766045652544,0.4011472862273944,0.810871091550414,1.635039266801711,-0.664307523893006,-0.4366879596755644,-0.107166650845959,1.1226279320577794,-1.7968702837153614,1.0799859809506631,-1.7519793109683373,-1.82074492261502,0.5095173924720495,-0.884134934875026,-0.4011472862273942,0.7602179716124496,1.899384692461367,-0.8044272335589816,0.5361762663658064,1.2545353222880942,0.0931448373144652,-2.10546945092069,-0.7114443807664012,0.6017961577614437,-0.6876849397127831,-0.1729271126904469,-1.131404276971706,0.2155820567040674,1.1492235271996152,1.0392224351527355,1.0392224351527355,0.514819675081733,0.7174469963041701
GTEX-ZUA1,0.2298841175792322,-0.6935879849651033,0.0418668742548894,0.2155820567040674,0.3961121933896049,0.1212095673006741,1.9591709979048224,-1.0634684328718786,0.0604935871747794,1.7739779942235527,0.1352764286523606,0.6017961577614437,-0.7356124152439232,1.0716906581760843,0.0511780111120515,-0.6073792467767407,-0.1729271126904469,0.1682084481374105,1.2857916935144202,-1.340869290880347,-0.1918414273303961,-0.3021690572528447,-1.1766578532028555,0.3021690572528446,-0.6818057608465092,0.0,0.2155820567040674,-1.6715166841106104,-0.2924477009350161,0.933330502902325,0.9261656018472316,0.810871091550414,0.6470103701484196,-0.8369913991407895,0.4572444368663246,-1.7739779942235536,-1.1226279320577794,-0.1682084481374103,-0.2346617948613114,-0.0279067194760659,0.6995152985526999,-0.1446690574398205,0.0418668742548894,0.4936953696832036,0.6701174349839331,-1.0883562937618656,-2.1501937961635003,-0.0651532940076319,-0.6299046699224384,1.0553174817566977,-1.4517622707385982,0.2442333585910436,0.2155820567040674,-1.7307972047605154,-0.3413520209215255,-0.1399711994794718,0.5523552129489121,0.201323959635,-0.4675950415221049,-0.0139520014707611,-0.1446690574398205,-0.624243729236281,-0.4989554619580166
GTEX-ZVE2,2.105469450920689,-0.955118795069792,1.4930045626254098,-1.0634684328718786,1.2443845388232115,1.928416512895066,0.4469425897337917,1.4930045626254098,0.9119765235615476,0.3070404075144982,-1.4789766045652544,0.2155820567040674,0.1918414273303961,-2.026910034791593,1.388054028556374,-0.2973048669834489,1.3295291071787323,-1.275234241104605,-1.3073477923443677,1.7968702837153605,-1.0553174817566977,-0.1118451385279671,-0.3315094021268153,-0.7356124152439232,-1.9918985578978008,0.6643075238930058,0.3561785367094661,-0.3168051375343428,1.3640820484975271,0.1965804839448126,0.4884489019738812,-1.6350392668017106,-0.1118451385279671,-0.9848956614915162,1.6530030581052302,-0.1729271126904469,-0.0325593658056133,0.5851578873218706,-0.107166650845959,-0.8910305119824391,0.201323959635,1.8718707308672449,-1.131404276971706,0.1258957192703828,0.2730866066364132,-0.3810663862643338,-1.465233792685523,0.1729271126904469,0.187106675327825,-0.4366879596755644,0.462413546573279,1.1139372153566884,0.0372127170621943,0.2827539046344999,1.2545353222880942,1.3183573694113604,1.2443845388232115,-0.8704683159405441,-0.6818057608465092,-0.1682084481374103,-1.9591709979048224,-0.0931448373144652,-0.4315778808977973
GTEX-ZVP2,-1.6350392668017106,2.318757970977832,-1.7968702837153614,0.7356124152439232,-1.2244587432783245,-0.4163143916073592,-0.4264790471503241,0.5042293960498542,-0.8979687192568958,-0.7540238855634623,1.1226279320577794,-0.2538273506747333,1.023392193391522,-0.5254680115197978,-1.3759692008680076,1.3183573694113604,0.0651532940076319,0.8238609817031132,-0.0884751021146149,0.5632218016027939,2.1501937961635003,1.2050075920152503,1.928416512895066,-0.6876849397127831,1.2146757214668782,-0.1399711994794718,-1.0553174817566977,0.6242437292362808,-1.8457049029212595,-0.7417216005233308,-1.2545353222880942,-0.0139520014707611,-2.484125224707312,2.318757970977832,-1.2857916935144202,1.6530030581052302,0.8979687192568956,-1.4930045626254098,0.009301166667146,0.1729271126904469,-0.8173487968777844,-1.6906216295848977,0.9190479335937772,-0.7054672908207708,-0.6355858691140569,2.2552325088429965,0.5577802741991821,-0.884134934875026,1.84570490292126,0.6876849397127831,-0.7054672908207708,-1.140268643894193,-1.195450804572871,2.105469450920689,-1.4517622707385982,-0.1540744667957508,-0.8772811433566338,0.6935879849651033,2.2552325088429965,-0.1587822354845152,1.8718707308672449,-0.0139520014707611,0.4213912770678051
GTEX-ZVZP,-0.664307523893006,1.521977006019087,-0.8910305119824391,0.6995152985526999,-1.340869290880347,-1.465233792685523,-0.7726945818405243,-0.9698997294331952,-0.6073792467767407,-1.1139372153566884,1.388054028556374,-0.6818057608465092,1.4930045626254098,0.0325593658056133,-0.6017961577614439,0.2108246297118815,-1.2648170437118496,1.1582715276653734,-0.3910871229289391,1.438549182645292,1.899384692461367,1.9591709979048224,0.3070404075144982,0.0046505330426105,0.7980166062079388,-0.7114443807664012,0.1729271126904469,-0.0978166045653749,-0.3760703934941728,0.009301166667146,-1.195450804572871,-0.2155820567040673,-0.4572444368663248,1.7968702837153605,-1.2343603801814165,1.899384692461367,-0.7174469963041701,-0.5254680115197978,-1.2545353222880942,-0.850267731936789,-0.2730866066364132,-0.596231764610585,1.0799859809506631,0.2346617948613113,0.5632218016027939,1.0716906581760843,1.0155724616555522,-0.1871066753278251,-2.026910034791593,-0.664307523893006,0.3364266374948573,-1.0472360474261069,-0.4469425897337917,1.7307972047605154,-0.9261656018472316,-1.4128513252897623,-1.1860019705320748,-0.4011472862273942,1.6715166841106104,-1.4789766045652544,2.105469450920689,-0.5254680115197978,0.6299046699224384
GTEX-ZWKS,0.1305846375599525,-1.131404276971706,1.1314042769717068,0.0325593658056133,-0.1776496307692544,0.5906857713824718,1.1139372153566884,0.0838072954543562,0.4936953696832036,0.6995152985526999,-1.0716906581760843,1.1766578532028555,0.520136471164208,-0.3364266374948575,0.681805760846509,-0.0744770551717116,0.8979687192568956,-0.9190479335937772,-1.4789766045652544,0.3364266374948573,-1.2964944386804564,-1.7307972047605154,-1.82074492261502,0.7478585947633022,-1.7103643678208365,0.5906857713824718,0.8772811433566338,0.596231764610585,-0.2634447638039343,2.318757970977832,1.7739779942235527,-1.82074492261502,1.9591709979048224,-2.255232508842998,0.1682084481374105,0.7916386077433746,-1.7103643678208365,1.1314042769717068,-0.955118795069792,-0.0325593658056133,0.4989554619580166,0.1587822354845152,-0.7789781621703243,0.5686800575348554,0.4163143916073593,-2.7723180400283463,-1.131404276971706,1.6906216295848986,-0.8636956533670372,1.3523845818311528,1.2050075920152503,0.9924772957033684,1.400345043136658,-3.112470178603051,1.1139372153566884,1.0716906581760843,0.8502677319367892,-1.2443845388232115,-1.167415358726977,1.2648170437118502,-1.5840930675378757,0.3070404075144982,0.0698144159426549
GTEX-ZY6K,0.3462856993426961,1.7739779942235527,0.5577802741991821,-2.3187579709778325,0.3315094021268154,0.0139520014707611,-1.4517622707385982,1.0392224351527355,-0.7980166062079388,-1.7968702837153614,1.2857916935144202,-2.0645981446801454,0.3168051375343427,0.6017961577614437,-0.9190479335937772,0.0186031380810724,-0.0139520014707611,0.8704683159405441,-0.0372127170621942,-1.2050075920152503,1.0716906581760843,0.4520875158696414,0.2346617948613113,0.0651532940076319,0.1540744667957507,-0.0838072954543562,-0.5632218016027938,-1.0078143423127026,-0.6355858691140569,-0.9261656018472316,-0.4011472862273942,0.1258957192703828,-1.195450804572871,1.3073477923443682,-0.462413546573279,0.8436109784655275,-0.8636956533670372,-0.2108246297118815,-0.0698144159426548,-0.1540744667957508,-0.1682084481374103,0.4112482139938643,0.8772811433566338,0.5577802741991821,0.4315778808977973,1.2443845388232115,0.7234755745418949,-1.0883562937618656,0.3961121933896049,-1.4003450431366584,-0.8304082942029333,-0.1212095673006743,-0.8704683159405441,0.6701174349839331,0.514819675081733,-0.0279067194760659,-1.023392193391521,-0.3760703934941728,1.023392193391522,-0.6299046699224384,1.1314042769717068,-0.4727891209922674,-0.6355858691140569
GTEX-ZYFC,0.2251116819514788,-0.4727891209922674,0.0372127170621943,-0.4779959870785905,-0.4520875158696413,-0.9119765235615476,0.7114443807664012,-0.3413520209215255,0.2108246297118815,1.0553174817566977,-0.4572444368663248,-0.0465219385151119,0.884134934875026,-0.0978166045653749,2.772318040028347,0.3760703934941728,-0.6186027229558672,-0.2346617948613114,0.3561785367094661,-0.7540238855634623,-0.3119190548203253,-0.0791413141184694,-0.9478060492911888,-1.340869290880347,-0.3315094021268153,1.0392224351527355,0.5796478267226207,1.6715166841106104,2.4841252247073147,1.1674153587269775,1.1402686438941925,-0.3910871229289391,1.635039266801711,-1.1860019705320748,-0.0698144159426548,0.9698997294331956,-1.4517622707385982,-0.0465219385151119,-0.4989554619580166,-1.4003450431366584,1.7519793109683377,0.8238609817031132,-0.0698144159426548,1.023392193391522,-0.0791413141184694,-1.82074492261502,-0.514819675081733,2.318757970977832,-1.2443845388232115,-0.0139520014707611,1.412851325289763,-0.3315094021268153,0.6876849397127831,0.0698144159426549,-0.1587822354845152,0.1493701104165828,0.0372127170621943,-0.3413520209215255,-0.6876849397127831,0.1352764286523606,-0.596231764610585,0.0884751021146148,0.2490274894100126
GTEX-ZYFD,0.1965804839448126,0.3760703934941728,-0.0325593658056133,-0.2682625678197609,-0.8979687192568958,-0.4011472862273942,0.467595041522105,-2.1501937961635003,1.5522864776181842,0.5415534608499961,0.0372127170621943,0.681805760846509,-0.2013239596350001,1.1492235271996152,0.2827539046344999,-0.977370221692195,-1.3183573694113604,-0.6995152985526998,-0.1587822354845152,-2.1501937961635003,-0.0978166045653749,-0.2346617948613114,-1.4255825774365014,-0.7054672908207708,-0.5906857713824718,-0.0279067194760659,0.1258957192703828,-0.5632218016027938,0.65275435145221,1.7739779942235527,1.3640820484975271,0.0325593658056133,1.0472360474261069,0.2924477009350161,1.1139372153566884,0.0791413141184694,-1.9918985578978008,0.7980166062079388,-1.6715166841106104,-0.7916386077433746,1.0472360474261069,-0.1118451385279671,-0.0325593658056133,1.928416512895066,0.681805760846509,0.5308145305532521,-1.4255825774365014,0.9190479335937772,-1.4128513252897623,0.2203443680265389,-0.0791413141184694,-0.6876849397127831,1.0392224351527355,-0.6935879849651033,-0.6759500545663616,-0.5469463597873272,1.899384692461367,-0.4469425897337917,-0.0093011666671462,0.596231764610585,0.462413546573279,-0.0186031380810724,-0.5686800575348554
GTEX-ZYT6,-0.4572444368663248,-0.2442333585910436,0.2924477009350161,-0.520136471164208,0.2538273506747331,-0.6355858691140569,0.4061925696666297,-0.8910305119824391,0.2346617948613113,0.462413546573279,0.3119190548203253,-1.7739779942235536,0.6355858691140571,1.2443845388232115,-0.2875974245860253,-0.884134934875026,0.6585199505483372,0.3961121933896049,1.1766578532028555,-1.4128513252897623,-0.0558351934681735,0.4469425897337917,-1.0001164123162831,0.596231764610585,-0.6017961577614439,-0.2875974245860253,-0.0325593658056133,-1.8457049029212595,-0.0279067194760659,0.9190479335937772,0.201323959635,1.224458743278325,0.6073792467767407,0.0604935871747794,-0.3070404075144982,-0.220344368026539,-2.6016947511653714,0.0046505330426105,0.520136471164208,-0.1729271126904469,0.681805760846509,0.0186031380810724,-1.167415358726977,0.9190479335937772,2.0269100347915936,-0.3860719086350268,-0.4884489019738811,-0.0744770551717116,-0.0931448373144652,1.7103643678208365,0.1212095673006741,-0.5851578873218707,0.2442333585910436,-0.6017961577614439,-0.7540238855634623,-1.6715166841106104,-0.2973048669834489,0.467595041522105,-0.2875974245860253,0.2586330669514177,0.4213912770678051,-1.3523845818311535,-0.7602179716124495
GTEX-ZYW4,0.6412876570233801,0.4163143916073593,0.5523552129489121,-0.5686800575348554,0.6017961577614437,1.1139372153566884,-1.4789766045652544,1.412851325289763,-0.4520875158696413,-1.8457049029212595,0.514819675081733,0.8173487968777844,-0.6995152985526998,-0.504229396049854,-1.1492235271996152,-0.1918414273303961,0.4469425897337917,0.1634935259298645,-2.484125224707312,-0.1634935259298645,0.0931448373144652,0.1305846375599525,1.3183573694113604,-0.6995152985526998,1.0155724616555522,-0.220344368026539,0.5415534608499961,-0.3364266374948575,-1.2545353222880942,-1.2244587432783245,-2.3932998646116794,-1.0634684328718786,0.8569623777792261,1.1766578532028555,-0.514819675081733,0.4011472862273944,0.3168051375343427,1.0553174817566977,1.0155724616555522,-0.0838072954543562,-0.8704683159405441,0.546946359787327,0.1071666508459588,-0.520136471164208,-0.6701174349839331,0.4884489019738812,1.195450804572871,-0.8238609817031132,0.6017961577614437,0.6995152985526999,0.187106675327825,0.4112482139938643,-0.0698144159426548,0.6073792467767407,1.0968035620935137,0.2779170089683694,-1.2964944386804564,-0.8569623777792261,1.0472360474261069,0.1823761141706538,0.4727891209922672,-0.520136471164208,-0.0325593658056133
GTEX-ZZ64,-0.32660016939701,1.1402686438941925,-0.9190479335937772,0.2251116819514788,-0.3021690572528447,-1.9284165128950652,-0.1682084481374103,-0.4884489019738811,-0.884134934875026,-0.3168051375343428,2.772318040028347,0.0,1.2964944386804569,2.3932998646116808,-0.1965804839448126,-1.2244587432783245,-0.3611379974371059,2.6016947511653696,2.199684129871479,-1.0155724616555522,1.0968035620935137,1.0968035620935137,-0.0558351934681735,0.4884489019738812,0.7478585947633022,-0.514819675081733,-1.3183573694113604,-1.2244587432783245,-0.7852926508502125,0.0,-0.1258957192703828,2.105469450920689,-1.0472360474261069,-0.904950425274544,-1.0155724616555522,0.6876849397127831,-0.1918414273303961,-1.871870730867245,0.1634935259298645,0.1165260755991407,-0.4315778808977973,-1.167415358726977,2.199684129871479,1.7739779942235527,1.6715166841106104,0.0884751021146148,0.7356124152439232,-0.0511780111120515,-0.4011472862273942,0.0744770551717114,1.5840930675378757,-0.7054672908207708,-1.4128513252897623,-0.7478585947633022,-1.2146757214668782,-2.3932998646116794,-0.6585199505483369,0.0,0.8979687192568956,-1.4517622707385982,2.4841252247073147,-1.899384692461367,-1.438549182645292
GTEX-ZZPT,1.82074492261502,-0.462413546573279,-0.3315094021268153,-1.3183573694113604,0.2973048669834491,1.3183573694113604,-0.4675950415221049,1.7519793109683377,0.904950425274544,-0.1212095673006743,-0.7417216005233308,1.4517622707385982,-0.5415534608499959,-0.1352764286523604,-0.1118451385279671,1.899384692461367,0.0418668742548894,-0.514819675081733,-1.0968035620935137,-0.3710837698778002,-0.520136471164208,-1.340869290880347,-0.2875974245860253,-0.4779959870785905,-0.4989554619580166,0.6701174349839331,2.4841252247073147,2.0269100347915936,0.2634447638039344,-1.023392193391521,0.1352764286523606,-0.4779959870785905,-0.3070404075144982,0.3611379974371059,0.4418094672275395,0.8569623777792261,0.0139520014707611,2.199684129871479,-1.0883562937618656,0.4469425897337917,-1.0883562937618656,1.1226279320577794,-0.3860719086350268,-0.7478585947633022,-1.8457049029212595,0.32660016939701,0.0465219385151119,-2.10546945092069,-0.2394448346237824,1.5073326312512036,0.0791413141184694,0.6995152985526999,0.3462856993426961,-0.1305846375599525,1.400345043136658,1.2545353222880942,-0.2827539046344998,-2.484125224707312,-0.220344368026539,2.1501937961635003,-0.977370221692195,0.4011472862273944,0.0186031380810724
